Date,Realized 5-day PnL,Historical VaR,Parametric VaR,Monte Carlo VaR,EWMA VaR,GARCH VaR,FHS VaR
2006-01-04,6850.922228669485,,,,,,
2006-01-05,2052.6379947908376,,,,,,
2006-01-06,4596.729164372254,,,,,,
2006-01-09,1259.7789728036116,,,,,,
2006-01-10,-9049.99102930997,,,,,,
2006-01-11,-21032.708418637423,,,,,,
2006-01-12,-19398.170396964037,,,,,,
2006-01-13,-45106.444317415204,,,,,,
2006-01-17,-80464.79728191269,,,,,,
2006-01-18,-59961.427217046294,,,,,,
2006-01-19,-31259.376592003384,,,,,,
2006-01-20,-24953.52811264334,,,,,,
2006-01-23,17623.144414839528,,,,,,
2006-01-24,54153.43785339393,,,,,,
2006-01-25,26103.507220681833,,,,,,
2006-01-26,14365.598904248642,,,,,,
2006-01-27,-10289.988873805616,,,,,,
2006-01-31,-24487.631985330812,,,,,,
2006-02-01,-33026.32741457125,,,,,,
2006-02-02,-22236.835089605058,,,,,,
2006-02-03,-16590.253360084145,,,,,,
2006-02-06,5167.278045350332,,,,,,
2006-02-07,-2089.9266620569265,,,,,,
2006-02-08,3595.58916753926,,,,,,
2006-02-09,-332.0586812047086,,,,,,
2006-02-10,1050.7985263689488,,,,,,
2006-02-13,2066.616881964999,,,,,,
2006-02-14,12351.437214870319,,,,,,
2006-02-15,10319.44744775599,,,,,,
2006-02-16,23948.96227694097,,,,,,
2006-02-17,20775.062422220944,,,,,,
2006-02-21,20593.156434480916,,,,,,
2006-02-22,12554.307518803855,,,,,,
2006-02-23,9280.952834693298,,,,,,
2006-02-24,-9280.07075329547,,,,,,
2006-02-27,-9703.620066790245,,,,,,
2006-02-28,-25037.57525304575,,,,,,
2006-03-02,-23232.860466526054,,,,,,
2006-03-03,-19824.388318001762,,,,,,
2006-03-06,-2247.538046302636,,,,,,
2006-03-07,752.1726992333403,,,,,,
2006-03-08,10353.335203702827,,,,,,
2006-03-09,11516.891200652479,,,,,,
2006-03-10,9231.320937042616,,,,,,
2006-03-13,4805.906102248336,,,,,,
2006-03-14,1961.6519196826048,,,,,,
2006-03-15,-1466.6208748748645,,,,,,
2006-03-16,-10295.120117829914,,,,,,
2006-03-17,-10605.803898665368,,,,,,
2006-03-20,-7553.274760995801,,,,,,
2006-03-21,-8782.366185857165,,,,,,
2006-03-22,-10723.206821676198,,,,,,
2006-03-23,256.5441719415175,,,,,,
2006-03-24,5962.882364236238,,,,,,
2006-03-27,10920.495573153761,,,,,,
2006-03-28,18353.6835989029,,,,,,
2006-03-29,27699.982587018934,,,,,,
2006-03-30,29942.91668705496,,,,,,
2006-03-31,27382.638851894408,,,,,,
2006-04-03,17070.43316179303,,,,,,
2006-04-04,8783.149715704722,,,,,,
2006-04-05,82.95913470081958,,,,,,
2006-04-06,-6301.031518146315,,,,,,
2006-04-07,-3265.575857817086,,,,,,
2006-04-10,4512.954970474484,,,,,,
2006-04-11,10097.213819967623,,,,,,
2006-04-12,16347.16657368952,,,,,,
2006-04-13,14238.11663562414,,,,,,
2006-04-17,15068.605044080181,,,,,,
2006-04-18,3963.441014796923,,,,,,
2006-04-19,-6903.257325625758,,,,,,
2006-04-20,-2727.1320210563063,,,,,,
2006-04-21,2395.1618494274467,,,,,,
2006-04-24,-11692.270469759189,,,,,,
2006-04-25,-2715.8948361341136,,,,,,
2006-04-26,1867.077722301407,,,,,,
2006-04-27,-1995.5140752706277,,,,,,
2006-04-28,1949.6828653732878,,,,,,
2006-05-02,7527.15145185719,,,,,,
2006-05-03,3252.84780953705,,,,,,
2006-05-04,4855.905130198878,,,,,,
2006-05-08,-5346.157612428794,,,,,,
2006-05-09,-19309.33594473853,,,,,,
2006-05-10,-27056.153542510292,,,,,,
2006-05-11,-23929.27215737318,,,,,,
2006-05-12,-39173.727483698334,,,,,,
2006-05-15,-25514.621020724382,,,,,,
2006-05-16,-29844.203760665154,,,,,,
2006-05-17,-23819.786422018202,,,,,,
2006-05-18,-25634.08629129353,,,,,,
2006-05-19,-22874.651204339905,,,,,,
2006-05-22,-15778.441615255337,,,,,,
2006-05-23,-9672.300805407016,,,,,,
2006-05-24,-12273.306930468023,,,,,,
2006-05-25,-7280.043170967702,,,,,,
2006-05-26,-8112.73622913582,,,,,,
2006-05-30,-44436.8539278389,,,,,,
2006-06-01,-47624.29136247045,,,,,,
2006-06-02,-30374.044963491247,,,,,,
2006-06-05,-34757.18291459628,,,,,,
2006-06-07,-39708.74494635318,,,,,,
2006-06-08,-8479.50595615196,,,,,,
2006-06-09,4655.452192316712,,,,,,
2006-06-12,6581.107185783409,,,,,,
2006-06-13,-2653.443685209129,,,,,,
2006-06-14,3299.5252606853755,,,,,,
2006-06-15,-462.09428822916504,,,,,,
2006-06-16,-4647.800245323394,,,,,,
2006-06-19,-21767.124903870583,,,,,,
2006-06-20,-9594.371502223697,,,,,,
2006-06-21,4277.9025861130895,,,,,,
2006-06-22,-1444.7751362328,,,,,,
2006-06-23,16309.76072538213,,,,,,
2006-06-26,33502.26827232622,,,,,,
2006-06-27,30957.78588893543,,,,,,
2006-06-28,17046.311931546494,,,,,,
2006-06-29,15127.539547167487,,,,,,
2006-06-30,417.520614178114,,,,,,
2006-07-03,-5168.841813584978,,,,,,
2006-07-05,-5389.759933054856,,,,,,
2006-07-06,4062.8252540894073,,,,,,
2006-07-07,292.4946605755135,,,,,,
2006-07-10,-14045.815946476356,,,,,,
2006-07-11,-33498.761340291494,,,,,,
2006-07-12,-30087.24132570977,,,,,,
2006-07-13,-15512.032627296658,,,,,,
2006-07-14,-10794.47984509622,,,,,,
2006-07-18,2400.1179424250618,,,,,,
2006-07-19,21136.723670044146,,,,,,
2006-07-20,18004.462326697776,,,,,,
2006-07-21,8239.166621516391,,,,,,
2006-07-24,15907.125856379045,,,,,,
2006-07-25,15309.317760656179,,,,,,
2006-07-26,2637.839446825759,,,,,,
2006-07-27,5010.7641966631345,,,,,,
2006-07-28,-356.8476318649909,,,,,,
2006-07-31,417.2127148045629,,,,,,
2006-08-01,-6360.496105799611,,,,,,
2006-08-02,4177.760412054562,,,,,,
2006-08-03,2804.0555335778017,,,,,,
2006-08-04,5821.92597414601,,,,,,
2006-08-07,-4485.110313122443,,,,,,
2006-08-08,622.3879008686699,,,,,,
2006-08-09,7199.793878272201,,,,,,
2006-08-10,9361.94859567199,,,,,,
2006-08-11,10993.361188490768,,,,,,
2006-08-14,13343.61422106938,,,,,,
2006-08-16,18704.370350986905,,,,,,
2006-08-17,4854.871759378196,,,,,,
2006-08-18,-1507.1517393006052,,,,,,
2006-08-21,1044.557326378293,,,,,,
2006-08-22,4832.20513240788,,,,,,
2006-08-23,6375.828906624233,,,,,,
2006-08-24,11378.410478931866,,,,,,
2006-08-25,18950.952019911874,,,,,,
2006-08-28,18731.129458536914,,,,,,
2006-08-29,24702.873535593273,,,,,,
2006-08-30,15273.52452023068,,,,,,
2006-08-31,10997.095205897318,,,,,,
2006-09-01,9865.509294631951,,,,,,
2006-09-05,-1346.8340516679025,,,,,,
2006-09-06,-7506.486452199724,,,,,,
2006-09-07,-144.87695676966646,,,,,,
2006-09-08,9809.656632824799,,,,,,
2006-09-11,8498.08542125279,,,,,,
2006-09-12,20383.796817688086,,,,,,
2006-09-13,20978.05654350252,,,,,,
2006-09-14,16638.982828241104,,,,,,
2006-09-15,9166.521941733741,,,,,,
2006-09-18,-2372.9354770348523,,,,,,
2006-09-19,-4240.194318473395,,,,,,
2006-09-20,-8788.609534652072,,,,,,
2006-09-21,-3657.5469538717934,,,,,,
2006-09-22,456.9137969581516,,,,,,
2006-09-25,8264.700137092053,,,,,,
2006-09-26,3528.415471160107,,,,,,
2006-09-27,3221.035638157067,,,,,,
2006-09-28,-30708.189696241036,,,,,,
2006-09-29,-27024.361256846136,,,,,,
2006-10-02,-27533.66746615968,,,,,,
2006-10-04,-16812.010061574663,,,,,,
2006-10-09,-7451.705509936696,,,,,,
2006-10-10,27847.351886409797,,,,,,
2006-10-11,16223.122723203638,,,,,,
2006-10-12,18695.206540422103,,,,,,
2006-10-13,8910.68547289351,,,,,,
2006-10-16,7436.50700412451,,,,,,
2006-10-17,4231.3273705783295,,,,,,
2006-10-18,8076.4343572417365,,,,,,
2006-10-19,10348.492297541661,,,,,,
2006-10-20,13163.726258993065,,,,,,
2006-10-23,6166.853975126486,,,,,,
2006-10-24,-1291.8653511648088,,,,,,
2006-10-25,3906.254271237324,,,,,,
2006-10-26,4752.0867727551695,,,,,,
2006-10-27,3546.2127255495407,,,,,,
2006-10-30,5167.587032220851,,,,,,
2006-10-31,12638.143768821437,,,,,,
2006-11-01,10553.965484749055,,,,,,
2006-11-02,4129.4012504379925,,,,,,
2006-11-03,7610.426598524944,,,,,,
2006-11-06,9449.559890006783,,,,,,
2006-11-07,7781.91745611757,,,,,,
2006-11-08,9942.137960450054,,,,,,
2006-11-09,12101.268520344705,,,,,,
2006-11-10,8297.935645523574,,,,,,
2006-11-13,9423.226901154907,,,,,,
2006-11-14,5490.544439604896,,,,,,
2006-11-15,1272.1698926632134,,,,,,
2006-11-16,8043.9637037919165,,,,,,
2006-11-17,7096.091136567102,,,,,,
2006-11-20,2205.3902635050586,,,,,,
2006-11-21,2801.7533188455554,,,,,,
2006-11-22,7383.00228409205,,,,,,
2006-11-24,5642.544565423945,,,,,,
2006-11-27,4978.417453034696,,,,,,
2006-11-28,8061.481356054461,,,,,,
2006-11-29,10663.712652627872,,,,,,
2006-11-30,1083.3251826525034,,,,,,
2006-12-01,-6054.433565383758,,,,,,
2006-12-04,-12039.96496909425,,,,,,
2006-12-05,-10109.167384349796,,,,,,
2006-12-06,-17954.56697946485,,,,,,
2006-12-07,-13534.2014878078,,,,,,
2006-12-08,-447.6456922564709,,,,,,
2006-12-11,9837.34919181171,,,,,,
2006-12-12,10814.51202198403,,,,,,
2006-12-13,16555.67306918773,,,,,,
2006-12-14,18495.270106234846,,,,,,
2006-12-15,4017.536621036659,,,,,,
2006-12-18,-4789.785660635193,,,,,,
2006-12-19,-12012.399850950966,,,,,,
2006-12-20,-9841.91147390009,,,,,,
2006-12-21,-5778.008616044577,,,,,,
2006-12-22,-9139.15314532039,,,,,,
2006-12-26,-4332.167750364278,,,,,,
2006-12-27,-5230.89692001494,,,,,,
2006-12-28,-9498.828725865005,,,,,,
2007-01-03,-13849.403059444436,,,,,,
2007-01-04,-12670.299911856837,,,,,,
2007-01-05,-7852.9998512969005,,,,,,
2007-01-08,5023.415889042372,,,,,,
2007-01-09,8779.608802656428,,,,,,
2007-01-10,1007.744284146515,,,,,,
2007-01-11,6297.208621070563,,,,,,
2007-01-12,-7589.617525808941,,,,,,
2007-01-16,-18538.794938380906,,,,,,
2007-01-17,-20988.37973703419,,,,,,
2007-01-18,-5595.351471674243,,,,,,
2007-01-19,-7906.461288273828,,,,,,
2007-01-22,-938.4138595473407,,,,,,
2007-01-23,-44.61042208235826,,,,,,
2007-01-24,4965.857774004887,,,,,,
2007-01-25,-6205.851370327887,,,,,,
2007-01-26,4222.703886126197,,,,,,
2007-01-29,16730.795663953904,,,,,,
2007-01-30,21081.33346221329,,,,,,
2007-01-31,22041.955925123973,,,,,,
2007-02-01,25730.158958784734,,,,,,
2007-02-02,17629.97542854173,,,,,,
2007-02-05,5853.780010342355,,,,,,
2007-02-06,-878.6051584792633,,,,,,
2007-02-07,-2892.3443446306364,,,,,,
2007-02-08,3757.201991599267,,,,,,
2007-02-09,6479.576575715643,,,,,,
2007-02-12,9589.698710763745,,,,,,
2007-02-13,16942.78481697605,,,,,,
2007-02-14,15163.838065449298,,,,,,
2007-02-15,8684.591273526228,,,,,,
2007-02-16,7186.892592688224,,,,,,
2007-02-20,7250.726302355051,,,,,,
2007-02-21,-5454.931096740937,,,,,,
2007-02-22,-15415.95977391752,,,,,,
2007-02-23,-32849.9248765715,,,,,,
2007-02-26,-22240.924098988693,,,,,,
2007-02-27,-20619.48914712274,,,,,,
2007-02-28,-4349.457824699157,,,,,,
2007-03-05,5393.279437245924,,,,,,
2007-03-06,27324.748371894282,,,,,,
2007-03-07,11040.05018272958,,,,,,
2007-03-08,1450.1991894991475,,,,,,
2007-03-09,3865.6230873852323,,,,,,
2007-03-12,6298.419377942058,,,,,,
2007-03-13,9304.079107254382,,,,,,
2007-03-14,16587.4864347679,,,,,,
2007-03-15,26932.945236751137,,,,,,
2007-03-16,19045.338309014292,,,,,,
2007-03-19,14993.14671012661,,,,,,
2007-03-20,5872.282296793831,,,,,,
2007-03-21,2335.375286354236,,,,,,
2007-03-22,-7502.32091613626,,,,,,
2007-03-23,-2469.860887507203,,,,,,
2007-03-26,821.224853609371,,,,,,
2007-03-27,3157.8354688892873,,,,,,
2007-03-28,8183.92562521322,,,,,,
2007-03-29,20387.900537272206,,,,,,
2007-03-30,15635.05236667154,,,,,,
2007-04-02,19197.413323863635,,,,,,
2007-04-03,18290.87871218024,,,,,,
2007-04-04,15417.500294098812,,,,,,
2007-04-05,14736.461819650447,,,,,,
2007-04-09,14770.888119951795,,,,,,
2007-04-10,19189.809266844863,,,,,,
2007-04-11,15444.035816221762,,,,,,
2007-04-12,15818.179339163533,,,,,,
2007-04-13,4021.4528611892415,,,,,,
2007-04-16,11282.873434131017,,,,,,
2007-04-17,4151.36716992002,,,,,,
2007-04-18,7844.7635737733335,,,,,,
2007-04-19,3894.340049339878,,,,,,
2007-04-20,9913.991479617796,,,,,,
2007-04-23,-2579.7646318810916,,,,,,
2007-04-24,-5303.342495330634,,,,,,
2007-04-25,-1490.7843048956263,,,,,,
2007-04-26,4313.349084330899,,,,,,
2007-04-27,9575.905588482277,,,,,,
2007-04-30,20521.412288297346,,,,,,
2007-05-02,19128.74111689608,,,,,,
2007-05-03,15924.583512276797,,,,,,
2007-05-04,11579.921269544187,,,,,,
2007-05-07,10387.57886406448,,,,,,
2007-05-08,1614.1079190533878,,,,,,
2007-05-09,-1369.8556308173113,,,,,,
2007-05-10,923.2629833098088,,,,,,
2007-05-11,6492.7263628238,,,,,,
2007-05-14,3297.72448947384,,,,,,
2007-05-15,7760.183389134159,,,,,,
2007-05-16,14888.636555435245,,,,,,
2007-05-17,11613.663004838101,,,,,,
2007-05-18,6516.360569596829,,,,,,
2007-05-21,13703.129725131037,,,,,,
2007-05-22,13809.687141533796,,,,,,
2007-05-23,21637.22464898412,,,,,,
2007-05-25,20103.88602461972,,,,,,
2007-05-29,25406.562315039202,,,,,,
2007-05-30,17727.160712776968,,,,,,
2007-05-31,11486.889563358565,,,,,,
2007-06-01,897.2374518077522,,,,,,
2007-06-04,-2043.0729892446593,,,,,,
2007-06-05,-8067.420319776912,,,,,,
2007-06-07,-3870.0323948120667,,,,,,
2007-06-08,13404.083711192303,,,,,,
2007-06-11,22917.12902477353,,,,,,
2007-06-12,35339.86861996738,,,,,,
2007-06-13,38791.0080255875,,,,,,
2007-06-14,19940.18195374717,,,,,,
2007-06-15,13030.339872317092,,,,,,
2007-06-18,-1678.8303148672364,,,,,,
2007-06-19,-17345.064348456282,,,,,,
2007-06-20,-26835.249838790398,,,,,,
2007-06-21,-18641.039633830293,,,,,,
2007-06-22,-17310.809741383513,,,,,,
2007-06-25,-11508.80055117934,,,,,,
2007-06-26,3224.873421985936,,,,,,
2007-06-27,19118.43259093608,,,,,,
2007-06-28,31925.566722936353,,,,,,
2007-06-29,28386.384201718145,,,,,,
2007-07-02,33513.611606236074,,,,,,
2007-07-03,24601.542790369975,,,,,,
2007-07-05,17387.037922856245,,,,,,
2007-07-06,20081.25222155656,,,,,,
2007-07-09,22877.447878391624,,,,,,
2007-07-10,15076.661369179881,,,,,,
2007-07-11,12211.247846951082,,,,,,
2007-07-12,12811.348614027735,,,,,,
2007-07-13,9520.31782907339,,,,,,
2007-07-16,2501.6898426559983,,,,,,
2007-07-18,-680.1226716961015,,,,,,
2007-07-19,7089.745201603402,,,,,,
2007-07-20,-4803.3054099686,,,,,,
2007-07-23,-32430.594009901495,,,,,,
2007-07-24,-27076.04846292374,,,,,,
2007-07-25,-14317.482868524217,,,,,,
2007-07-26,-35107.43184635283,,,,,,
2007-07-27,-25468.9557202858,,,,,,
2007-07-30,-1701.4866364987506,,,,,,
2007-07-31,-6276.87404904343,,,,,,
2007-08-01,-9275.346154143248,,,,,,
2007-08-02,16404.514115594797,,,,,,
2007-08-03,12552.12687380545,,,,,,
2007-08-06,-7977.034635623846,,,,,,
2007-08-07,-6691.068806740393,,,,,,
2007-08-08,-24551.585973029716,,,,,,
2007-08-09,-80289.98990689962,,,,,,
2007-08-10,-83887.27965799432,,,,,,
2007-08-13,-33745.62611043559,,,,,,
2007-08-14,-31911.108105015315,,,,,,
2007-08-16,-7707.615186312955,,,,,,
2007-08-17,48693.47977114408,,,,,,
2007-08-20,57352.32948191835,,,,,,
2007-08-21,28111.623438182996,,,,,,
2007-08-22,22779.43055292859,,,,,,
2007-08-23,16181.77002555198,,,,,,
2007-08-24,10356.640331207018,,,,,,
2007-08-27,19451.74017665637,,,,,,
2007-08-28,19675.74452669453,,,,,,
2007-08-29,17497.222227051316,,,,,,
2007-08-30,18747.146627920392,,,,,,
2007-08-31,11691.510370301989,,,,,,
2007-09-04,-9766.778223627407,,,,,,
2007-09-05,-5732.538314399978,,,,,,
2007-09-06,-10790.778665961443,,,,,,
2007-09-07,-7031.018577541951,,,,,,
2007-09-10,3879.616545647915,,,,,,
2007-09-11,14710.662143285588,,,,,,
2007-09-12,7628.590198172876,,,,,,
2007-09-13,28108.92079980982,,,,,,
2007-09-14,15080.6923849454,,,,,,
2007-09-17,12433.439550779513,,,,,,
2007-09-18,19594.221292467402,,,,,,
2007-09-19,20353.36802352731,,,,,,
2007-09-20,16562.870161992614,,,,,,
2007-09-21,30297.730348774363,,,,,,
2007-09-27,24191.901437143322,,,,,,
2007-09-28,16319.567158836015,,,,,,
2007-10-01,19163.712116194372,,,,,,
2007-10-02,11086.939319798103,,,,,,
2007-10-04,6732.783076370366,,,,,,
2007-10-05,7629.067832743571,,,,,,
2007-10-08,1898.8935168760988,,,,,,
2007-10-09,274.55319158582995,,,,,,
2007-10-10,-11219.880750799233,,,,,,
2007-10-11,-20779.91937493671,,,,,,
2007-10-12,-14155.03542990948,,,,,,
2007-10-15,-17700.158595430894,,,,,,
2007-10-16,-33047.40182999674,,,,,,
2007-10-17,-7508.140632790709,,,,,,
2007-10-18,-6285.5581516693055,,,,,,
2007-10-19,-4630.994983882577,,,,,,
2007-10-22,16691.553389100518,,,,,,
2007-10-23,38527.57993899808,,,,,,
2007-10-24,20852.746734535034,,,,,,
2007-10-25,28763.895235188902,,,,,,
2007-10-26,14839.335650139226,,,,,,
2007-10-29,-4225.801894782941,,,,,,
2007-10-30,-15111.513279757013,,,,,,
2007-10-31,-2508.928659619457,,,,,,
2007-11-01,-16929.389745292436,,,,,,
2007-11-02,-23964.74241187786,,,,,,
2007-11-05,-16723.77845534091,,,,,,
2007-11-06,-32364.210035988646,,,,,,
2007-11-07,-33878.87325756086,,,,,,
2007-11-08,-17876.835180894595,,,,,,
2007-11-09,-15141.099874328702,,,,,,
2007-11-12,-14353.225773311215,,,,,,
2007-11-13,-4176.106605822793,,,,,,
2007-11-14,-18068.59820184692,,,,,,
2007-11-15,-39099.79053643585,,,,,,
2007-11-16,-40410.46837891866,,,,,,
2007-11-19,-24093.590199700684,,,,,,
2007-11-20,-12307.6438423442,,,,,,
2007-11-21,-4085.647125076492,,,,,,
2007-11-23,22176.0975622647,,,,,,
2007-11-26,41211.38704158735,,,,,,
2007-11-27,22417.55438754377,,,,,,
2007-11-28,23193.556906740887,,,,,,
2007-11-29,27409.40031211303,,,,,,
2007-11-30,21084.948938497466,,,,,,
2007-12-03,6912.855022601725,,,,,,
2007-12-04,4345.407732084173,,,,,,
2007-12-05,-2042.1239303859036,,,,,,
2007-12-06,-10242.429599995641,,,,,,
2007-12-07,-16746.287410315083,,,,,,
2007-12-10,-20670.294385682268,,,,,,
2007-12-11,-33247.00987825769,,,,,,
2007-12-12,-23579.324105588683,,,,,,
2007-12-13,-24607.205085033023,,,,,,
2007-12-14,-17258.15495359459,,,,,,
2007-12-17,-382.6922815646635,,,,,,
2007-12-18,12309.984694332881,,,,,,
2007-12-20,5922.933920995981,,,,,,
2007-12-21,11372.268577817704,,,,,,
2007-12-24,-1574.8683713420667,,,,,,
2007-12-26,-5896.908063666056,,,,,,
2007-12-27,-3053.0841933073,,,,,,
2007-12-28,-9908.02738628297,,,,,,
2008-01-02,-18034.513674597772,,,,,,
2008-01-03,-4140.5858889998035,,,,,,
2008-01-04,-8133.919374625961,,,,,,
2008-01-07,-18635.052910039438,,,,,,
2008-01-08,-16177.832315281297,,,,,,
2008-01-09,-23554.117971769945,,,,,,
2008-01-10,-46449.391529114895,,,,,,
2008-01-11,-47739.052881794734,,,,,,
2008-01-14,-29809.143416442534,,,,,,
2008-01-15,-65414.21309215159,,,,,,
2008-01-16,-43171.97957098253,,,,,,
2008-01-17,-13924.240302056187,,,,,,
2008-01-18,-3059.569742090821,,,,,,
2008-01-22,-22129.51219557495,,,,,,
2008-01-23,18249.97301249167,,,,,,
2008-01-24,-11823.989421809974,,,,,,
2008-01-25,-11496.917771582852,,,,,,
2008-01-28,-13026.166352182207,,,,,,
2008-01-29,15498.295836576444,,,,,,
2008-01-30,10180.623276622355,,,,,,
2008-01-31,17618.834086365365,,,,,,
2008-02-01,8459.551540418634,,,,,,
2008-02-04,1972.1904760485236,,,,,,
2008-02-05,-2268.5866871989865,,,,,,
2008-02-11,2738.1434204911066,,,,,,
2008-02-12,21376.208787840995,,,,,,
2008-02-13,11213.876433727663,,,,,,
2008-02-14,13194.600572178804,,,,,,
2008-02-15,904.758221296232,,,,,,
2008-02-19,5148.540398931319,,,,,,
2008-02-20,3247.6555763166675,,,,,,
2008-02-21,10773.169045857727,,,,,,
2008-02-22,12876.613175206221,,,,,,
2008-02-25,5712.859259262176,,,,,,
2008-02-26,-10456.741447287523,,,,,,
2008-02-27,-14595.647397557064,,,,,,
2008-02-28,-15773.855125310605,,,,,,
2008-02-29,-18065.412505287502,,,,,,
2008-03-03,-18655.149291070593,,,,,,
2008-03-04,-24219.982938747464,,,,,,
2008-03-05,-12720.436342275794,,,,,,
2008-03-06,-8208.414237153567,,,,,,
2008-03-07,-20823.840414304304,,,,,,
2008-03-10,-17913.666428823883,,,,,,
2008-03-11,-13610.47301909304,,,,,,
2008-03-12,-13619.158784434663,,,,,,
2008-03-13,-12326.324010248392,,,,,,
2008-03-14,3580.080632393648,,,,,,
2008-03-17,18704.061069470008,,,,,,
2008-03-18,38614.20840455746,,,,,,
2008-03-19,26685.30554872858,,,,,,
2008-03-20,17275.66530751038,,,,,,
2008-03-24,17355.58674502461,,,,,,
2008-03-25,14156.535464717155,,,,,,
2008-03-26,12282.73098177058,,,,,,
2008-03-27,19733.27959243579,,,,,,
2008-03-28,26865.52248717878,,,,,,
2008-03-31,23511.331136275498,,,,,,
2008-04-01,20191.060949020815,,,,,,
2008-04-02,9418.378169049134,,,,,,
2008-04-03,4525.831935160422,,,,,,
2008-04-04,-1630.0724162278743,,,,,,
2008-04-07,-14192.879331675123,,,,,,
2008-04-08,-16388.820536838317,,,,,,
2008-04-10,-5403.850975079944,,,,,,
2008-04-11,-5762.866714452417,,,,,,
2008-04-14,2028.5264429415165,,,,,,
2008-04-15,18458.49116798988,,,,,,
2008-04-16,15139.899150384848,,,,,,
2008-04-17,11310.247290939871,,,,,,
2008-04-18,9061.55038156937,,,,,,
2008-04-21,10569.745056582813,,,,,,
2008-04-22,1746.7524880249132,,,,,,
2008-04-23,2007.6752760450072,,,,,,
2008-04-24,2399.9144963079043,,,,,,
2008-04-25,13156.43460914572,,,,,,
2008-04-28,6808.441583734631,,,,,,
2008-04-29,2488.565585759714,,,,,,
2008-04-30,8982.890816407635,,,,,,
2008-05-02,3046.77149348238,,,,,,
2008-05-06,-2862.3617184692775,,,,,,
2008-05-07,-3776.347246569764,,,,,,
2008-05-08,13468.6747608022,,,,,,
2008-05-09,10273.95703727129,,,,,,
2008-05-13,13812.11692816802,,,,,,
2008-05-14,6080.385490052597,,,,,,
2008-05-15,-3566.6131806714534,,,,,,
2008-05-16,-15728.941787945576,,,,,,
2008-05-19,-18190.357622501437,,,,,,
2008-05-20,-20217.45180006038,,,,,,
2008-05-21,-20963.50745388128,,,,,,
2008-05-22,-3796.8213435316256,,,,,,
2008-05-23,2917.1344101008476,,,,,,
2008-05-27,3280.3365778350185,,,,,,
2008-05-28,-1901.7420722237257,,,,,,
2008-05-29,4843.547904651083,,,,,,
2008-05-30,167.79340248005911,,,,,,
2008-06-02,-17811.02644964912,,,,,,
2008-06-03,-26925.927617118712,,,,,,
2008-06-04,-21990.705412699714,,,,,,
2008-06-05,-32986.47415203032,,,,,,
2008-06-09,-32136.056668349658,,,,,,
2008-06-10,-17374.57188924914,,,,,,
2008-06-11,-11881.317886890334,,,,,,
2008-06-12,-6738.661065629528,,,,,,
2008-06-13,-4397.354621537757,,,,,,
2008-06-16,-13544.918145238655,,,,,,
2008-06-17,-18817.05778033429,,,,,,
2008-06-18,-15321.775566606555,,,,,,
2008-06-19,-15541.68782156038,,,,,,
2008-06-20,-14356.362041103836,,,,,,
2008-06-23,-16657.74234486871,,,,,,
2008-06-24,-15705.241720866368,,,,,,
2008-06-25,-18424.536863869886,,,,,,
2008-06-26,-42480.9285164522,,,,,,
2008-06-27,-43787.83154307214,,,,,,
2008-06-30,-46662.822038597355,,,,,,
2008-07-01,-55119.704371611595,,,,,,
2008-07-02,-53923.444098293556,,,,,,
2008-07-03,-23674.018276593102,,,,,,
2008-07-07,-11734.701638355767,,,,,,
2008-07-08,-4091.7330452841247,,,,,,
2008-07-09,-11206.309059145658,,,,,,
2008-07-10,-4859.767404912753,,,,,,
2008-07-11,-5954.482372530174,,,,,,
2008-07-14,-16808.883927885712,,,,,,
2008-07-15,-415.16151790704436,,,,,,
2008-07-16,19465.60328453214,,,,,,
2008-07-17,25435.488713487895,,,,,,
2008-07-18,23781.251054940643,,,,,,
2008-07-21,23298.177966219046,,,,,,
2008-07-22,7265.4878514023185,,,,,,
2008-07-23,1883.3493879172022,,,,,,
2008-07-24,1145.054162969444,,,,,,
2008-07-25,-3528.142397792621,,,,,,
2008-07-28,-3463.169507528591,,,,,,
2008-07-29,-12332.51547774931,,,,,,
2008-07-30,-7411.176040340529,,,,,,
2008-07-31,-4138.61749906139,,,,,,
2008-08-01,-9787.156752335266,,,,,,
2008-08-04,2274.5180703443593,,,,,,
2008-08-05,17212.531159876864,,,,,,
2008-08-06,13924.423325069803,,,,,,
2008-08-07,-2933.282129038954,,,,,,
2008-08-08,5108.5352885528155,,,,,,
2008-08-11,-5397.845802045096,,,,,,
2008-08-12,-20059.14752665548,,,,,,
2008-08-13,-17101.50209014687,,,,,,
2008-08-14,-20659.732471318464,,,,,,
2008-08-18,-31317.16569010568,,,,,,
2008-08-19,-28558.410178673515,,,,,,
2008-08-20,-21900.90307185727,,,,,,
2008-08-21,-20909.389552677454,,,,,,
2008-08-22,-13964.535465163706,,,,,,
2008-08-25,-11119.277440404221,,,,,,
2008-08-26,-49841.60981982344,,,,,,
2008-08-27,-36600.97505192777,,,,,,
2008-08-28,-37752.05293894199,,,,,,
2008-08-29,-36668.40579840559,,,,,,
2008-09-02,-5687.210285213788,,,,,,
2008-09-03,21162.19949215771,,,,,,
2008-09-04,13283.569539698101,,,,,,
2008-09-05,14063.15462298312,,,,,,
2008-09-08,27208.4486272608,,,,,,
2008-09-09,-40558.861162215646,,,,,,
2008-09-10,-20934.306810466103,,,,,,
2008-09-11,-26049.103712780503,,,,,,
2008-09-12,-3675.694961768807,,,,,,
2008-09-16,-27970.713523180155,,,,,,
2008-09-17,14679.51088220007,,,,,,
2008-09-18,13222.197292003058,,,,,,
2008-09-19,24045.142432619883,,,,,,
2008-09-22,-4729.377744243124,,,,,,
2008-09-23,-16498.640673268972,,,,,,
2008-09-24,-13260.256844924012,,,,,,
2008-09-25,-18318.307071201856,,,,,,
2008-09-26,-42063.74450398606,,,,,,
2008-09-29,-73550.39699827184,,,,,,
2008-09-30,-65647.87834988428,,,,,,
2008-10-01,-111860.82203952628,,,,,,
2008-10-02,-132968.71927201076,,,,,,
2008-10-06,-145535.7824641331,,,,,,
2008-10-07,-61550.1604738836,,,,,,
2008-10-08,-14372.087388628528,,,,,,
2008-10-09,-4155.725985180148,,,,,,
2008-10-10,-20723.452466261835,,,,,,
2008-10-13,801.8188942867204,,,,,,
2008-10-14,-28438.050087960626,,,,,,
2008-10-15,-68346.5287231826,,,,,,
2008-10-16,-76092.64557777363,,,,,,
2008-10-17,-74283.21913368178,,,,,,
2008-10-20,-131137.15828980634,,,,,,
2008-10-21,-169899.01731153353,,,,,,
2008-10-22,-113127.36981906171,,,,,,
2008-10-23,-91292.52175595789,,,,,,
2008-10-24,5107.315288711487,,,,,,
2008-10-27,90123.60702575216,,,,,,
2008-10-28,127870.54092948815,,,,,,
2008-10-29,106003.50306858345,,,,,,
2008-10-30,120232.13371670533,,,,,,
2008-10-31,4996.1168438285995,,,,,,
2008-11-03,11686.121151549669,,,,,,
2008-11-04,549.5101200104439,,,,,,
2008-11-05,-39989.323348108606,,,,,,
2008-11-06,-52562.111316376126,,,,,,
2008-11-07,569.1980793487741,,,,,,
2008-11-10,-29325.197388406377,,,,,,
2008-11-11,-45093.80553615294,,,,,,
2008-11-12,-43789.12885863794,,,,,,
2008-11-13,-53318.270489005445,,,,,,
2008-11-14,-102095.497528488,,,,,,
2008-11-17,-56279.01333248034,,,,,,
2008-11-18,-46623.524327334184,,,,,,
2008-11-19,-21407.716013371602,,,,,,
2008-11-20,31616.289916497037,,,,,,
2008-11-21,106519.65494994768,,,,,,
2008-11-24,40716.34980309886,,,,,,
2008-11-25,36289.164015484945,,,,,,
2008-11-26,32686.618467934593,,,,,,
2008-11-28,-7969.7025002454775,,,,,,
2008-12-01,-17483.521380849346,,,,,,
2008-12-02,44310.303058452075,,,,,,
2008-12-03,46473.559911147146,,,,,,
2008-12-04,54490.95859528767,,,,,,
2008-12-05,65900.82966429807,,,,,,
2008-12-08,36342.953165591345,,,,,,
2008-12-09,18954.776075895952,,,,,,
2008-12-10,40484.98158070313,,,,,,
2008-12-11,26046.96427098571,,,,,,
2008-12-12,25319.790477078146,,,,,,
2008-12-15,43122.93995906889,,,,,,
2008-12-16,19289.95756287873,,,,,,
2008-12-17,-15381.026676731899,,,,,,
2008-12-18,-23173.192554067657,,,,,,
2008-12-19,-22709.61359784391,,,,,,
2008-12-22,-28071.016066391952,,,,,,
2008-12-23,-15033.726191947908,,,,,,
2008-12-24,18314.556538189587,,,,,,
2008-12-26,28407.04561388172,,,,,,
2008-12-29,39458.11239708983,,,,,,
2008-12-30,47174.37442557945,,,,,,
2009-01-02,34264.83609990172,,,,,,
2009-01-05,8353.999139297648,,,,,,
2009-01-06,-10060.711741015122,,,,,,
2009-01-07,-14656.39939917636,,,,,,
2009-01-08,-16893.515482919058,,,,,,
2009-01-09,-44526.33272735536,,,,,,
2009-01-12,-23545.4966004072,,,,,,
2009-01-13,-22481.7438161458,,,,,,
2009-01-14,-28978.51289805186,,,,,,
2009-01-15,-29959.735490411287,,,,,,
2009-01-16,-7316.692449125882,,,,,,
2009-01-20,12037.2591854902,,,,,,
2009-01-21,17055.71777572886,,,,,,
2009-01-22,11709.255311432287,,,,,,
2009-01-23,9218.129657365098,,,,,,
2009-01-28,26725.204144042968,,,,,,
2009-01-29,2490.747332392209,,,,,,
2009-01-30,8133.919757278882,,,,,,
2009-02-02,29746.417658875613,,,,,,
2009-02-03,27544.32250068906,,,,,,
2009-02-04,10055.009938786607,,,,,,
2009-02-05,6141.600647953153,,,,,,
2009-02-06,8570.865173471257,,,,,,
2009-02-09,-2429.525810870417,,,,,,
2009-02-10,-29021.587899225968,,,,,,
2009-02-11,-21951.806265576193,,,,,,
2009-02-12,-35370.673010091734,,,,,,
2009-02-13,-58465.861118983055,,,,,,
2009-02-17,-58043.030102185716,,,,,,
2009-02-18,-31470.28530261905,,,,,,
2009-02-19,-40430.0162617882,,,,,,
2009-02-20,-41047.8483790726,,,,,,
2009-02-23,-18829.32535652269,,,,,,
2009-02-24,-53201.97240395223,,,,,,
2009-02-25,-51848.983615132754,,,,,,
2009-02-26,-20909.83502469286,,,,,,
2009-02-27,-17661.26897966952,,,,,,
2009-03-02,-16143.556968743804,,,,,,
2009-03-03,24009.296508591382,,,,,,
2009-03-04,43471.23928167354,,,,,,
2009-03-05,37650.804574392605,,,,,,
2009-03-06,55764.08479887365,,,,,,
2009-03-09,58263.83950798811,,,,,,
2009-03-10,44239.93845086296,,,,,,
2009-03-11,46672.48569782346,,,,,,
2009-03-12,48607.72899597342,,,,,,
2009-03-13,28334.69110667284,,,,,,
2009-03-16,26613.06781458931,,,,,,
2009-03-17,57538.15471180641,,,,,,
2009-03-18,38301.15479118105,,,,,,
2009-03-19,27462.19212423465,,,,,,
2009-03-20,50380.7185453667,,,,,,
2009-03-23,39047.58886952786,,,,,,
2009-03-24,-10033.428362275967,,,,,,
2009-03-25,168.0152732505616,,,,,,
2009-03-26,9501.533734987852,,,,,,
2009-03-27,14608.946392439067,,,,,,
2009-03-30,25192.066541677217,,,,,,
2009-03-31,51757.12414785799,,,,,,
2009-04-01,41461.731027350776,,,,,,
2009-04-02,23571.54390368423,,,,,,
2009-04-03,33681.63627938024,,,,,,
2009-04-06,52480.04084965117,,,,,,
2009-04-07,45216.64367574306,,,,,,
2009-04-08,42686.89687401878,,,,,,
2009-04-09,45916.72157060883,,,,,,
2009-04-13,7359.207101497071,,,,,,
2009-04-14,-15553.844680658474,,,,,,
2009-04-15,-6279.279783846582,,,,,,
2009-04-16,2700.086779326846,,,,,,
2009-04-17,8305.812740199666,,,,,,
2009-04-20,14790.812286404207,,,,,,
2009-04-21,13528.32599410739,,,,,,
2009-04-22,-16391.303273804366,,,,,,
2009-04-23,-4756.852048396806,,,,,,
2009-04-24,-3244.5916895394234,,,,,,
2009-04-27,16754.687883026323,,,,,,
2009-04-28,25753.608145741047,,,,,,
2009-04-29,46515.757365808546,,,,,,
2009-04-30,37624.90020125109,,,,,,
2009-05-04,29662.662400213787,,,,,,
2009-05-06,11010.542880354426,,,,,,
2009-05-07,7800.127780484759,,,,,,
2009-05-08,6922.765438970808,,,,,,
2009-05-11,-1574.66598553116,,,,,,
2009-05-12,3844.7731757030265,,,,,,
2009-05-13,15815.249134198946,,,,,,
2009-05-14,19671.502299442254,,,,,,
2009-05-15,11727.917144681536,,,,,,
2009-05-18,2853.3934503209775,,,,,,
2009-05-19,-11861.552917377317,,,,,,
2009-05-20,-37662.59207203419,,,,,,
2009-05-21,-33343.35840881819,,,,,,
2009-05-22,-11878.665863320688,,,,,,
2009-05-26,6117.620192167286,,,,,,
2009-05-27,15584.989331848523,,,,,,
2009-05-28,30417.357258040887,,,,,,
2009-05-29,8518.571535926589,,,,,,
2009-06-01,-1600.958580222434,,,,,,
2009-06-02,-14091.632762602132,,,,,,
2009-06-03,-21875.763326650722,,,,,,
2009-06-04,-14980.487370894063,,,,,,
2009-06-05,1989.7485573781007,,,,,,
2009-06-08,6643.040671197251,,,,,,
2009-06-09,-1535.3956150538638,,,,,,
2009-06-10,2177.4892146633247,,,,,,
2009-06-11,-8486.202487040462,,,,,,
2009-06-12,-18378.934469478325,,,,,,
2009-06-15,-21553.64351153896,,,,,,
2009-06-16,-13683.591368767238,,,,,,
2009-06-17,-23319.56895001966,,,,,,
2009-06-18,-19413.208980704316,,,,,,
2009-06-19,4529.2702971358,,,,,,
2009-06-22,2607.353954071562,,,,,,
2009-06-23,501.5661313311909,,,,,,
2009-06-24,7846.6844248373145,,,,,,
2009-06-25,15961.999139172047,,,,,,
2009-06-26,-6372.1692071523685,,,,,,
2009-06-29,2269.2062754704307,,,,,,
2009-06-30,5047.897901992255,,,,,,
2009-07-01,11261.186605959705,,,,,,
2009-07-02,1357.224871135669,,,,,,
2009-07-06,1882.853804714927,,,,,,
2009-07-07,-20332.216155841837,,,,,,
2009-07-08,-17807.53908144879,,,,,,
2009-07-09,-2442.198613901613,,,,,,
2009-07-10,2969.2150273105713,,,,,,
2009-07-13,8035.702367543359,,,,,,
2009-07-14,35961.61564785991,,,,,,
2009-07-15,41460.30808908546,,,,,,
2009-07-16,25880.62502218217,,,,,,
2009-07-17,26299.30583026568,,,,,,
2009-07-20,28229.74768047728,,,,,,
2009-07-21,19361.591037844275,,,,,,
2009-07-22,12683.231316912914,,,,,,
2009-07-23,9973.199506284047,,,,,,
2009-07-24,12503.835017506244,,,,,,
2009-07-27,16191.595724424988,,,,,,
2009-07-28,16192.40747950755,,,,,,
2009-07-29,15609.441812526897,,,,,,
2009-07-30,15027.497649314253,,,,,,
2009-07-31,8320.670772845164,,,,,,
2009-08-03,6366.931102300184,,,,,,
2009-08-04,3666.8596232028,,,,,,
2009-08-05,4718.619545125065,,,,,,
2009-08-06,9296.085158822907,,,,,,
2009-08-07,17541.029458874233,,,,,,
2009-08-10,15032.114745799116,,,,,,
2009-08-11,-5528.701936959403,,,,,,
2009-08-12,-6831.130310069521,,,,,,
2009-08-13,-6980.41380678273,,,,,,
2009-08-14,-3387.268663815009,,,,,,
2009-08-17,-5451.554566157076,,,,,,
2009-08-18,18300.193098021366,,,,,,
2009-08-19,18438.92145583604,,,,,,
2009-08-20,22526.683766938528,,,,,,
2009-08-21,7152.804992177694,,,,,,
2009-08-24,11228.16884706846,,,,,,
2009-08-25,-1145.262550467284,,,,,,
2009-08-26,289.3886906854587,,,,,,
2009-08-27,-5388.122128873393,,,,,,
2009-08-28,-558.3648654255234,,,,,,
2009-08-31,-3226.726739274525,,,,,,
2009-09-01,10365.112259142845,,,,,,
2009-09-02,6830.301173570137,,,,,,
2009-09-03,19545.654858552745,,,,,,
2009-09-04,21642.03336642911,,,,,,
2009-09-08,16603.028769446082,,,,,,
2009-09-09,14761.796899206925,,,,,,
2009-09-10,25712.021026500686,,,,,,
2009-09-11,13926.710114908226,,,,,,
2009-09-14,12469.836180932693,,,,,,
2009-09-15,14669.257056035227,,,,,,
2009-09-16,16902.84555757537,,,,,,
2009-09-17,2006.005615128076,,,,,,
2009-09-18,-7798.76665728566,,,,,,
2009-09-21,-11309.35640374348,,,,,,
2009-09-22,-10315.391436949212,,,,,,
2009-09-23,-16067.535592092137,,,,,,
2009-09-24,-15488.739608468344,,,,,,
2009-09-25,-16954.008100858857,,,,,,
2009-09-28,-20724.183010378754,,,,,,
2009-09-29,-21262.389317661724,,,,,,
2009-09-30,-22387.071510410275,,,,,,
2009-10-01,-9664.665909355,,,,,,
2009-10-05,9409.951656657599,,,,,,
2009-10-06,17837.96060345598,,,,,,
2009-10-07,15586.782528277608,,,,,,
2009-10-08,22444.885950480468,,,,,,
2009-10-09,16896.303669472672,,,,,,
2009-10-12,3660.393432824478,,,,,,
2009-10-13,5350.211615139164,,,,,,
2009-10-14,8972.975108835139,,,,,,
2009-10-15,-2688.311095871708,,,,,,
2009-10-16,-7691.042732796199,,,,,,
2009-10-19,-5626.814564342818,,,,,,
2009-10-20,-11392.117977198719,,,,,,
2009-10-21,-13381.247062464543,,,,,,
2009-10-22,-26308.533866062422,,,,,,
2009-10-23,-24951.35664162034,,,,,,
2009-10-26,-26176.40120674237,,,,,,
2009-10-27,-31017.961179855403,,,,,,
2009-10-28,-31658.270146187293,,,,,,
2009-10-29,-7559.6815756755905,,,,,,
2009-10-30,-6746.566963949177,,,,,,
2009-11-02,3492.4183484509076,,,,,,
2009-11-03,16915.896016995503,,,,,,
2009-11-04,18886.48271786136,,,,,,
2009-11-05,17189.81445481068,,,,,,
2009-11-06,12587.535816721442,,,,,,
2009-11-09,6220.185681377791,,,,,,
2009-11-10,4139.499740887258,,,,,,
2009-11-11,1624.9070816116316,,,,,,
2009-11-12,-1308.7918874791667,,,,,,
2009-11-13,6377.266562958528,,,,,,
2009-11-16,7548.367082161792,,,,,,
2009-11-17,5408.643311566609,,,,,,
2009-11-18,4533.5109238787,,,,,,
2009-11-19,5570.239223140194,,,,,,
2009-11-20,-26180.008500537675,,,,,,
2009-11-23,-13969.048485781432,,,,,,
2009-11-24,-10543.624817368964,,,,,,
2009-11-25,-719.1547093300596,,,,,,
2009-11-27,-1400.9325364392334,,,,,,
2009-11-30,31788.57826260184,,,,,,
2009-12-01,21520.401690202187,,,,,,
2009-12-02,12101.02505450361,,,,,,
2009-12-03,7234.060013150161,,,,,,
2009-12-04,9287.556345432007,,,,,,
2009-12-07,9891.74175338605,,,,,,
2009-12-08,13104.539892621251,,,,,,
2009-12-09,14814.643437667297,,,,,,
2009-12-10,14850.09988379252,,,,,,
2009-12-11,8328.92785645516,,,,,,
2009-12-14,6984.80017599899,,,,,,
2009-12-15,2434.301913752281,,,,,,
2009-12-16,2649.026426221561,,,,,,
2009-12-17,-9.177084879973679,,,,,,
2009-12-18,6615.592994989508,,,,,,
2009-12-21,2302.8226507899626,,,,,,
2009-12-22,-1265.8627630493563,,,,,,
2009-12-23,5760.086978432818,,,,,,
2009-12-24,16359.10171250586,,,,,,
2009-12-28,14871.79360130811,,,,,,
2009-12-29,21394.19863524744,,,,,,
2009-12-30,19361.51704258816,,,,,,
2010-01-04,17801.492178105265,,,,,,
2010-01-05,9093.32390352827,,,,,,
2010-01-06,4718.47851103941,,,,,,
2010-01-07,-4254.024319623102,,,,,,
2010-01-08,7222.40566440252,,,,,,
2010-01-11,7100.981118264423,,,,,,
2010-01-12,9514.160338508345,,,,,,
2010-01-13,6983.980889464697,,,,,,
2010-01-14,11341.955587358567,,,,,,
2010-01-15,-8217.31386289005,,,,,,
2010-01-19,-19742.7840197269,,,,,,
2010-01-20,-34534.751115576844,,,,,,
2010-01-21,-34939.62436162281,,,,,,
2010-01-22,-34419.37889721568,,,,,,
2010-01-25,-40372.64710145212,,,,,,
2010-01-26,-27076.673913975952,,,,,,
2010-01-27,-12487.384194380013,,,,,,
2010-01-28,-2955.287085030879,,,,,,
2010-01-29,-8162.708008508507,,,,,,
2010-02-01,-5748.404082491859,,,,,,
2010-02-02,-21574.686312456004,,,,,,
2010-02-03,-18233.21034073433,,,,,,
2010-02-04,-25139.63782258245,,,,,,
2010-02-05,-10064.94963109786,,,,,,
2010-02-08,7635.949968772149,,,,,,
2010-02-09,26109.605044902597,,,,,,
2010-02-10,26296.32643398208,,,,,,
2010-02-11,26465.414057869246,,,,,,
2010-02-12,8639.90870737774,,,,,,
2010-02-16,15026.830400881647,,,,,,
2010-02-17,6281.580916600986,,,,,,
2010-02-18,-414.56297771125725,,,,,,
2010-02-19,-7496.2595774475,,,,,,
2010-02-22,3488.663819872188,,,,,,
2010-02-23,2090.476101470211,,,,,,
2010-02-24,3971.7783377888322,,,,,,
2010-02-25,3542.3917501656456,,,,,,
2010-02-26,18341.694684329756,,,,,,
2010-03-02,21549.092298869888,,,,,,
2010-03-03,15806.140775540434,,,,,,
2010-03-04,15186.240243922042,,,,,,
2010-03-05,14878.05036194825,80291.73798064975,53140.43088804949,52914.53335741249,33679.110317965955,35789.68354523066,39929.555191830004
2010-03-08,10419.704593229142,80291.73798064975,53141.64201913407,53435.74521769022,33723.825359056245,36086.80549339821,45789.75969286818
2010-03-09,1477.732651620677,80291.73798064975,53151.61003610388,52608.46451321881,33649.808419958565,36185.07339220357,47874.19005566256
2010-03-10,4243.127140440956,80291.73798064975,53152.13105893582,51734.26430092661,32674.92812433155,35044.94752600906,39154.460182317176
2010-03-11,11045.515953101323,80291.73798064975,53145.383649061376,53656.908960989385,31715.781878274753,33985.456489328055,43779.93289768708
2010-03-12,10382.18108483027,80291.73798064975,53129.99354693141,53254.58438099025,30758.813952578806,32983.187892142785,39936.02714339804
2010-03-15,9798.823317344835,80291.73798064975,53045.85025578275,52353.88805654865,29948.262720225764,32272.41334561151,40918.94811600995
2010-03-16,12356.962116294717,80291.73798064975,53047.29214196332,54417.09821075857,29239.071429998337,31688.157167582063,34883.78381704248
2010-03-17,10486.623262761013,80291.73798064975,52884.268050835104,53878.101240913325,28845.916136633816,31626.248050969836,38729.87253575067
2010-03-18,-4669.707741652939,76134.61902106485,52667.280345924155,52299.83067936674,29763.587792604394,33180.56318164745,40893.05427292662
2010-03-19,-3458.9291393719213,76134.61902106485,52626.68914598461,51436.705480049204,28901.10255043996,32335.627464428944,42537.31214146279
2010-03-22,-768.2749578413984,76134.61902106485,52599.67284543999,53453.44789574276,28092.389423367287,31594.37218085512,37457.30214167749
2010-03-23,-3583.2017946127075,76134.61902106485,52584.96148013244,51595.33726051576,27237.184726247346,30818.816057970027,38849.6593529785
2010-03-24,-4432.959485829447,76134.61902106485,52512.085016064986,53278.05197784538,26571.862249796053,30338.015745828394,35336.00866128835
2010-03-25,299.7752823331052,76134.61902106485,52514.76263744006,52213.161465409525,27331.777155136704,31530.22953034057,44978.72968218591
2010-03-26,7195.073607138006,76134.61902106485,52453.76269388097,54110.16009171365,26499.199489422346,30786.041946704943,38616.9497682712
2010-03-29,-3370.381226185425,76134.61902106485,52457.915638071245,52531.06571380983,26260.439503057227,30717.403961968346,40870.937633252965
2010-03-30,1524.9897509825867,76134.61902106485,52384.77369064008,52635.92541931951,25737.744174219315,30372.890242563,35021.619007305744
2010-03-31,2423.898072036918,76134.61902106485,52383.32704462632,51548.546375503625,25023.54645399634,29786.45083406229,38268.01862269858
2010-04-01,7620.868254822062,76134.61902106485,52383.72399740922,52913.83365860772,24458.21181580634,29378.020013776404,35954.40332775525
2010-04-05,813.4226536123685,76134.61902106485,52390.16708051058,49403.9464816983,25269.158901184936,30531.17682440586,39431.8357234661
2010-04-06,3968.538121168163,76134.61902106485,52395.891886766985,51219.87407718252,25781.070981225294,31268.213851886427,38283.2265414874
2010-04-07,2157.2575749080206,76134.61902106485,52391.19995285139,51444.32764216193,25117.388861835243,30656.153496883355,35225.19072735989
2010-04-08,7037.070309667977,76134.61902106485,52387.35702410063,52496.42638905582,24538.03842842332,30158.620868580925,36696.07262555791
2010-04-09,5604.652053004579,76134.61902106485,52386.03066937856,52362.083385534264,24050.101235248603,29773.12820448679,39409.06059579352
2010-04-12,1553.835595981435,76134.61902106485,52367.14000857209,53766.0398322658,23317.506283211504,29152.532178496953,33562.354260257365
2010-04-13,-1856.9617596744456,76134.61902106485,52361.5379823305,51662.4051833726,22959.619280660405,28951.460634488092,35501.75476040426
2010-04-14,5842.59022914605,76134.61902106485,52353.20513239007,52479.967578325864,22260.76465181825,28384.620340706162,35025.625353524265
2010-04-15,6086.404684015267,76134.61902106485,52357.94948360161,53286.93947328656,23474.209085769773,29896.87821649917,36470.01229515441
2010-04-16,3811.4070952154348,76134.61902106485,52357.789504074884,51811.49142262306,22822.409271526358,29298.6967954403,40646.65907433422
2010-04-19,8557.417404190855,76134.61902106485,52355.30983504887,51819.939989231934,22708.45025376588,29305.35424912392,37623.51412486355
2010-04-20,16943.748270327193,76134.61902106485,52364.922635768125,53012.41790753272,23548.14607633853,30306.93290012258,38385.193266284674
2010-04-21,5907.799277010044,76134.61902106485,52372.789691549726,52206.28356046348,24913.75010937237,31818.941419212388,34564.40739616265
2010-04-22,-4159.947391079075,76134.61902106485,52385.86291740178,52163.612914161706,25971.43130216422,32955.858561928624,37455.910897070054
2010-04-23,275.7129691905399,76134.61902106485,52385.31246399654,51752.99516539078,25208.81021672736,32088.017795165026,45936.50747744798
2010-04-26,929.7039215865278,76134.61902106485,52338.49703107012,52865.67705560423,24458.99994346625,31174.348134960168,34292.98842597392
2010-04-27,-3138.4205043964284,76134.61902106485,52338.22588899376,52724.61144399502,23828.292175402334,30542.166858716242,37717.0989428495
2010-04-28,-5014.001599383761,76134.61902106485,52315.87776550874,50684.998361224294,23461.537460148,30194.05096901355,38448.86294891327
2010-04-29,-18367.889915443968,76134.61902106485,52317.62413475258,52129.1855042744,22982.871263931484,29783.44504966601,36590.37015011651
2010-04-30,-36699.215938426016,76134.61902106485,52319.99023325372,51028.25341084797,22723.11032153507,29610.141679017233,32859.2593572586
2010-05-03,-18561.975813063236,76134.61902106485,52316.11328081354,52277.11554984272,22102.297502082583,29062.023064414436,35082.16991468847
2010-05-04,-17947.979021811087,76134.61902106485,52310.86887292825,50539.65088006432,21617.83809640203,28681.653153833264,32488.925820398068
2010-05-06,-11207.262028327152,76134.61902106485,52317.67329724258,53775.048676169274,21937.917941721556,29140.752099742465,36279.17508184295
2010-05-07,12084.434602081867,76134.61902106485,52383.508519339,52900.206989140606,29402.86429832927,37171.97120606426,54075.21416094143
2010-05-10,25106.090429116317,76134.61902106485,52440.45789442765,53255.45380720022,34206.44933130175,42384.64445579576,52053.300437116304
2010-05-11,-8397.678569777012,76134.61902106485,52538.61504391523,53500.00311194658,41462.98218680196,50820.22983540771,61969.57425122237
2010-05-12,-12607.380844572608,76134.61902106485,52538.04215504824,53224.78034031974,40253.059753577625,48454.528200565925,57174.898690917194
2010-05-13,-19367.979934391213,76134.61902106485,52535.28267636192,52250.72846958519,39083.76993461323,46324.90053685123,55908.10399571267
2010-05-14,-48752.32243742338,76134.61902106485,52532.13247810094,52542.936931453856,39036.11317332183,45749.745811885296,55759.15117106643
2010-05-17,-48051.83089229777,76134.61902106485,52532.79394834155,52859.410950168036,37917.56369408365,43895.341165773374,56337.819551646586
2010-05-18,-54339.249224098145,76134.61902106485,52581.47272958506,53108.26383435853,40846.992416554116,47179.32889149335,58446.71042634128
2010-05-19,-39903.079881457525,76134.61902106485,52590.067482657025,53860.396514521606,40294.13017718684,45995.0508072154,56706.894209310565
2010-05-20,-19610.938764221166,76134.61902106485,52588.80951210085,53585.52344788578,39604.41914512968,44720.515991771805,54430.57608424063
2010-05-24,5794.469425833049,76134.61902106485,52711.58946324074,52449.2508084962,47560.50711936294,54610.69746837986,66402.07956517063
2010-05-25,9117.84794926684,76134.61902106485,52705.985667900066,52945.344898478725,46133.512590282495,51965.73584080844,65306.284052623894
2010-05-26,43291.07510001623,76134.61902106485,52795.74249381922,52396.556226156135,51643.606145676764,58707.76132500575,76305.82646768483
2010-05-27,28695.75410810438,76134.61902106485,52796.35324945338,51350.155776102736,51256.153102705386,57344.91952523277,65583.52505291445
2010-05-28,1733.221237803711,76134.61902106485,52851.969683210176,51120.783030832456,53329.55718705891,59417.48821287173,77385.14895560827
2010-06-01,6071.336024612378,76134.61902106485,52848.063011841645,52656.60393964188,51884.01153483499,56621.33594444097,64791.84565531801
2010-06-03,45.80150527491852,76134.61902106485,52848.02711216182,54023.07694565449,50382.041203537636,53902.24484136446,67867.36375608938
2010-06-04,-5885.105296322799,76134.61902106485,52896.03124223596,52496.973609169145,51964.51326141556,55631.52795320829,71285.54444227558
2010-06-07,6143.749688073273,76134.61902106485,52905.18791670845,51942.97784758888,50956.81037576218,53691.369905806016,69077.47381698832
2010-06-08,20256.904546379417,76134.61902106485,52934.43675717591,53214.72178397397,51632.55211438039,54254.03695353239,73611.04880239558
2010-06-09,18686.373090219815,76134.61902106485,52949.358693833485,53841.52211251483,51016.5396348781,52976.12421198501,65887.1077563034
2010-06-10,25759.570142171666,76134.61902106485,52945.900522081574,52727.0939588336,49700.95870867685,50795.56903941974,57833.71557523111
2010-06-11,19260.743491853205,76134.61902106485,52955.296044152085,52898.20356291231,49248.444054776606,49973.85561220695,60674.06259680356
2010-06-14,13660.678907426185,76134.61902106485,52956.129675574455,53931.82437463736,48363.638013359465,48577.95736475476,66037.02797764627
2010-06-15,15761.690152095705,76134.61902106485,52957.07948110024,52982.74299277498,46984.81474602213,46522.70694446579,57372.029696046775
2010-06-16,5016.335108319336,76134.61902106485,52963.949893267345,52803.47506024006,46222.10954092919,45483.451387893234,62790.96567442059
2010-06-17,265.9793530878107,76134.61902106485,52957.11818231094,52851.4069928618,45005.6089152945,43815.53185340038,49107.06059817301
2010-06-18,-1530.9735373271628,76134.61902106485,52948.79056471548,54057.576902517554,43675.44978157868,42044.455032756676,52173.69673345411
2010-06-21,-2812.767675023381,76134.61902106485,52942.165986992615,52120.80895134308,42348.566817852035,40351.57988389517,50182.49431305788
2010-06-22,-5361.006114634062,76134.61902106485,52939.4375858316,52086.11370804147,41446.19735396659,39396.494954012676,49522.308613068184
2010-06-23,-16776.385105599595,76134.61902106485,52944.02861595892,53284.67729023752,40608.338193867625,38597.2757558286,48043.39977110297
2010-06-24,-17598.92379127775,76134.61902106485,52928.29891199452,53188.80540787265,39417.27235043049,37230.02379036742,48844.31952878004
2010-06-25,-20185.60366323417,76134.61902106485,52925.90821850998,52179.26302866214,38218.55800974478,35942.89239988236,51755.43933847997
2010-06-28,-25100.987346079768,76134.61902106485,52926.02116011029,53469.471456643776,37069.92894668159,34785.78257952662,42140.59889013079
2010-06-29,-22214.001850747292,76134.61902106485,52926.24010564067,53296.69184001752,36021.27621503464,33824.762400266634,41172.01089153513
2010-06-30,-1171.654335760973,76134.61902106485,52983.29417063837,52160.42771047233,40447.27800313464,41104.28692943336,50209.886641388235
2010-07-01,7596.5998125596525,76134.61902106485,52983.189411620064,53546.13135403742,39326.073024653866,39700.78614043122,48971.2989311128
2010-07-02,16819.203269051875,76134.61902106485,52984.95247813322,55314.44995332212,38306.76735441998,38508.23674245529,47117.43271326167
2010-07-06,27083.32266074793,76134.61902106485,52993.04288828911,52696.04040370043,37858.270324157296,38154.642074914314,47531.54008874296
2010-07-07,25575.197799244004,76134.61902106485,52980.339967971704,53115.697702590005,37206.354691989414,37539.85955191685,47177.10486720983
2010-07-08,26124.029126378227,76134.61902106485,52969.5536498872,53306.16286296068,36637.73229295099,37058.835684823636,44985.110086507186
2010-07-09,21181.037918820246,76134.61902106485,52953.80487231119,51720.11353270695,36460.29702503706,37128.84815228793,45668.16555167444
2010-07-12,5723.032378754978,76134.61902106485,52963.0421305275,51934.6355307997,36255.76281849488,37123.40283254876,47641.29163677242
2010-07-13,926.1476670956584,76134.61902106485,52916.6497096622,53139.81082215436,35616.491204325095,36550.345698908735,46512.57776494802
2010-07-14,2066.932312383317,76134.61902106485,52912.74578485501,52352.52782583509,34781.85944760425,35704.86086392066,42824.075628360384
2010-07-15,-4926.446811437614,76134.61902106485,52879.913117325916,52534.03681849027,34463.20786234595,35610.803758621114,43812.648988248984
2010-07-16,-10268.074026426493,76134.61902106485,52875.974330662575,52183.186180674944,33468.53689331723,34575.08754733588,46450.81962569641
2010-07-19,2796.753133904402,76134.61902106485,52897.59785759674,53250.785516065196,34473.91748234561,36251.60439250969,42265.41291043445
2010-07-20,9646.764833666031,76134.61902106485,52863.99859246943,52573.734813231764,33425.79891973849,35104.89081433664,41017.04114427459
2010-07-21,3795.7691161158314,76134.61902106485,52831.04904244849,53421.87375683182,32891.12976571891,34692.94167688728,41791.96303658705
2010-07-22,4770.155664945484,76134.61902106485,52820.73858910705,53051.77492195106,31940.066669951288,33730.68622166649,42175.90782260125
2010-07-23,5557.802739529452,76134.61902106485,52812.81262430896,52177.03551505866,31349.904599840465,33285.879437182586,43400.43356078405
2010-07-26,891.6846938855313,76134.61902106485,52810.12067356909,53269.37365057551,30804.33580748809,32909.31792805606,44093.44835743125
2010-07-27,2520.914246848317,76134.61902106485,52782.07393180539,50709.22017823527,31012.269198730915,33532.258957959864,38407.26120364302
2010-07-28,5076.672076936732,76134.61902106485,52632.05911976472,53105.144393546674,30123.498094762654,32703.625465488545,36921.15670388951
2010-07-29,4574.810278099189,76134.61902106485,52607.68155480443,52979.54732346028,29211.21215475059,31859.159423022196,39989.133894785715
2010-07-30,6113.358980416333,76134.61902106485,52582.27763336237,53295.67628256403,28585.989627719417,31418.653010273432,39279.654121923326
2010-08-02,8597.222703445492,76134.61902106485,52582.35459546355,52523.27310921734,27731.067211039797,30673.25409498946,39771.66323568387
2010-08-03,5419.964492572145,76134.61902106485,52522.0762649706,53057.88468026795,28838.40924313827,32468.993732114453,41850.697642535095
2010-08-04,1919.1240471268757,76134.61902106485,52509.73060736231,52262.99926322405,27995.95068096632,31673.695206446373,38348.87563364578
2010-08-05,-9783.048416532578,76134.61902106485,52507.06909284014,51961.89076209568,27169.63736007809,30922.001236113232,37774.6354566837
2010-08-06,-17697.857640290225,76134.61902106485,52468.411151416214,52254.57918975042,26411.857729799016,30318.14141697492,37749.41915913908
2010-08-09,-12584.184452128875,76134.61902106485,52449.962718909905,52342.285453677025,25703.75839342807,29781.486820318954,37668.779474713876
2010-08-10,-16750.308957012723,76134.61902106485,52422.87802163415,52997.23103816971,25724.793939767475,30182.50174508344,36255.59703225548
2010-08-11,-10105.316221609732,76134.61902106485,52421.80895597878,53402.00265608015,25125.69352343959,29728.24617148523,34961.94299082757
2010-08-12,4000.4967903179586,76134.61902106485,52463.655619125624,52938.88121452803,29206.379170056935,34832.08220851809,45872.93900615267
2010-08-13,14034.068601082163,76134.61902106485,52481.18569475419,52153.7357723119,30756.53066774412,36658.02228231492,38557.49564305337
2010-08-16,4664.611881745088,76134.61902106485,52489.704005236024,52920.17233932281,31074.33023505698,36940.29838017364,43619.745005526165
2010-08-17,343.930465371504,76134.61902106485,52488.18825138291,52603.85109908921,30146.782243151443,35733.81343215511,43861.660016834234
2010-08-18,-7753.829261507803,76134.61902106485,52491.0545486765,52632.86000916691,29727.95974239097,35212.34751899459,39640.78371309935
2010-08-19,-17009.918963417884,76134.61902106485,52417.25299493314,52979.66054090463,28882.391406288483,34139.398568831304,45757.8175298015
2010-08-20,-20898.522531396255,76134.61902106485,52377.35621005691,52655.04540173931,28013.356231596244,33170.80088107487,41766.311805189165
2010-08-23,-18820.098684841356,76134.61902106485,52378.808400624555,52752.61648616842,27347.509690120034,32480.104958681095,40440.78283853398
2010-08-24,-10300.361408890323,76134.61902106485,52348.73231313433,51631.2285751995,26882.32066607308,32085.720334278238,40206.90687690462
2010-08-25,-8475.588836349885,76134.61902106485,52347.75022586079,51451.86133806459,26518.335801592,31794.3513968302,38799.91357701577
2010-08-26,10606.592740513579,76134.61902106485,52362.45544155965,51672.73417824481,27562.288014443675,33134.201282521855,40119.40466170738
2010-08-27,18381.589285556707,76134.61902106485,52353.16034488763,53365.63361013145,27046.901441233153,32599.419006810185,43864.54051977002
2010-08-30,24050.170365485046,76134.61902106485,52353.044439556135,52744.53348805463,26228.690891090693,31737.660257271586,39068.88925953797
2010-08-31,20167.614192767527,76134.61902106485,52358.52326819433,54299.93124218062,26228.375755600795,31862.22065867629,39338.06527038322
2010-09-01,21068.389786333682,76134.61902106485,52342.51286099759,52059.15783546256,25558.48479303293,31190.311373044384,38840.51807139018
2010-09-02,11428.989852694483,76134.61902106485,52337.244229948825,52085.939423902266,28651.10639861493,34771.629052524964,44629.70698099133
2010-09-03,11317.2878013082,76134.61902106485,52300.96830337061,52799.27865997771,28363.3482988757,34320.57996372996,40374.65292109447
2010-09-07,11768.721267037683,76134.61902106485,52303.21189174829,52035.702455325874,28297.54012402325,34209.723259220504,42075.02177820501
2010-09-08,10311.054877544106,76134.61902106485,52262.10211087965,51414.126148482384,27475.172900575857,33269.1224598789,40117.35433460939
2010-09-09,12357.359599607327,76134.61902106485,52259.39397719146,50917.46781810824,26675.893275139013,32430.722542803658,41687.920826836875
2010-09-10,7746.68712081375,76134.61902106485,52259.69521510407,51092.98350530799,25948.322752947828,31705.551965837956,41283.83324362531
2010-09-13,7627.144839911322,76134.61902106485,52254.761830308125,52356.23897219272,25771.148994193023,31623.951382175284,43197.715080801216
2010-09-14,7502.77952875891,76134.61902106485,52262.538120415695,52264.58000001247,26016.37254988013,31991.48205519869,40894.8507101805
2010-09-15,13494.79423850936,76134.61902106485,52260.43498470249,52214.882053249436,25226.687403466534,31209.893974624265,44443.4573847569
2010-09-16,15572.389566305152,76134.61902106485,52256.01110719403,51455.468602146015,24487.074184680736,30520.058920445943,41464.60556854445
2010-09-17,20667.08940189256,76134.61902106485,52258.37937591782,50076.17516287568,24039.394814201976,30164.751171366723,34193.37574702812
2010-09-20,17512.208952374272,76134.61902106485,52251.716132723464,53408.67850231645,23932.72136344161,30203.15200407912,35665.344057929986
2010-09-24,13321.424489503763,76134.61902106485,52256.36228990383,51947.39044198802,24262.830738437617,30692.360042083365,36906.5169866346
2010-09-27,10556.125860755577,76134.61902106485,52262.801852432334,52104.15437495459,24616.724350420518,31169.656759786838,38290.98195528373
2010-09-28,6105.795946030457,76134.61902106485,52258.55773238431,53112.15151291357,24173.177673154867,30768.271299422293,40330.42102065696
2010-09-29,9022.88155560847,76134.61902106485,52249.34397465781,53090.87529809785,23593.655017334015,30249.000661149432,36405.87961639169
2010-09-30,14564.079740515126,76134.61902106485,52245.5329866483,50877.20396786499,22918.7210764388,29641.050054529012,39496.552629464604
2010-10-01,12021.973591573696,76134.61902106485,52244.848502100016,52228.14477621446,22289.38525241351,29093.503851676905,37856.06350644276
2010-10-04,10695.79706586693,76134.61902106485,52246.81670651315,51657.16262903522,21929.967917924478,28844.487680675724,36018.463141729546
2010-10-05,11335.504811663528,76134.61902106485,52240.05720678287,51760.23919699779,21340.855132917037,28368.58882640746,34691.46178582886
2010-10-06,2231.5634776101874,76134.61902106485,52245.95293328016,52884.864220353265,21667.79518177937,28857.14829124296,38884.51941004981
2010-10-07,972.81305895349,76134.61902106485,52228.23159102972,52742.64654812247,22653.620401680855,30060.8605687665,37011.5395433822
2010-10-08,5648.224262392526,76134.61902106485,52224.07807354805,51933.07107935525,22013.875925345128,29465.67375479546,36739.90120171133
2010-10-11,6265.066822921276,76134.61902106485,52223.45204494392,52462.77515490519,21440.570666204698,28954.750487198704,37267.77298947542
2010-10-12,9716.500797987283,76134.61902106485,52221.35602129795,51508.36578211105,20812.365921382323,28404.786906693953,32027.738548392386
2010-10-13,7424.488880963541,76134.61902106485,52221.36079984723,52981.67823275274,20829.3564608868,28550.784625682427,37015.01509734426
2010-10-14,8972.345297589798,76134.61902106485,52225.721855865675,50804.95060701017,21332.431112620667,29172.222085346006,35369.66770573278
2010-10-15,6264.868203495433,76134.61902106485,52227.47220632409,52188.64058073061,21159.862944987985,29038.458793008307,33876.95611634258
2010-10-18,7937.420186253933,76134.61902106485,52222.901105581506,52462.8759473301,20709.052468759593,28641.833995561894,38616.55509501348
2010-10-19,9464.84625176309,76134.61902106485,52224.384889038316,52046.703323975,20360.479296056994,28322.493011080573,34757.192670128024
2010-10-20,14996.599531832579,76134.61902106485,52226.77653742902,50937.45460147384,21332.640630395174,29420.131406533237,34344.068731979656
2010-10-21,5562.780638487395,76134.61902106485,52238.09041697981,52211.715994325,22494.90469780185,30599.86448249309,38176.399703633964
2010-10-22,5696.139254325663,76134.61902106485,52230.58236602879,52474.83479243185,21833.41626881467,29885.379154613733,39190.017711621236
2010-10-25,-907.1030925465549,76134.61902106485,52229.06403974664,53319.43616883249,21741.09278174205,29768.125473297965,34830.224456674114
2010-10-26,-357.45366196980774,76134.61902106485,52221.42814341848,51817.65367105677,21740.98440499369,29821.616621771052,38009.896919674116
2010-10-27,1732.876244615791,76134.61902106485,52218.09540246605,51697.12298229652,21104.249843290127,29116.516335539174,34131.217868225314
2010-10-28,9211.212653753559,76134.61902106485,52218.13696560651,50503.43015469797,20706.188519816664,28653.241134639815,34108.49432755382
2010-10-29,18573.31695441245,76134.61902106485,52213.520513431446,52088.78386759324,20110.575760361626,28035.674103082405,36377.66381316448
2010-11-01,19400.519283968097,76134.61902106485,52203.84880252634,51488.21824644014,19801.86137704475,27811.260838217182,32257.380720498706
2010-11-02,14571.125951107822,76134.61902106485,52209.254995269264,51480.093933299104,20121.929352762207,28053.990161397724,36997.375694339884
2010-11-03,9073.46172896202,76134.61902106485,52206.138029411035,53076.69216119164,19576.465365376185,27441.497111971727,33351.85971146407
2010-11-04,9353.847402805426,76134.61902106485,52198.17774892038,51930.857495510296,20015.389889771235,27999.954631683664,35745.11361426023
2010-11-05,-11128.69378073912,76134.61902106485,52222.71349287679,51376.04617671235,23423.598344849837,31406.189512626217,38281.10729765573
2010-11-08,-21618.960230614506,76134.61902106485,52216.879075932135,51619.55505115608,22836.703637306222,30616.689336072108,36591.127937897225
2010-11-09,-27195.084680049447,76134.61902106485,52216.51072893401,51565.644410871035,22141.376819906684,29677.316351980433,39053.60345745428
2010-11-10,-28016.894708966305,76134.61902106485,52221.27392080262,52273.05238339432,22130.866724391326,29505.692612499788,39132.3727571576
2010-11-11,-32877.88472629517,76134.61902106485,52228.149017487536,52386.11010148017,22481.73844891966,29752.56732172292,35420.29803436908
2010-11-12,-11339.358476058247,76134.61902106485,52236.71464364709,51574.825700051726,25369.227388189764,32758.146647868456,39386.780564616696
2010-11-15,5289.306194164559,76134.61902106485,52274.300962934634,51416.87919501865,29217.012519682812,36858.90587495876,49489.83473384942
2010-11-16,11828.003129329029,76134.61902106485,52280.09595498447,52112.83219784478,29235.866807694278,36614.46034537943,48785.401791306904
2010-11-17,9657.98603155401,76134.61902106485,52281.75545395024,52029.44951997129,29064.85148917627,36170.307696937634,41832.61929924273
2010-11-18,6797.253486572799,76134.61902106485,52277.53806563502,53766.891659632805,28184.16732041873,34953.102463633855,44993.817928881435
2010-11-19,-14391.72310519806,76134.61902106485,52310.23251100912,52027.66375107748,30917.38508170718,38139.12118899001,43825.53567007903
2010-11-22,-18885.236481833483,76134.61902106485,52314.1655172267,53094.92552473677,30461.48104981234,37391.33228661306,41678.81751806552
2010-11-23,-17592.835110866035,76134.61902106485,52310.89950797288,51975.12838876459,29553.916457165396,36068.23651892664,48642.04972880682
2010-11-24,-3078.028638841476,76134.61902106485,52099.384396239206,51947.07160234698,30092.05759612965,35763.40119073942,40038.57182599958
2010-11-26,6350.542924569713,76134.61902106485,52085.72444808048,51454.41973865916,29342.5138368183,34690.183187902905,43649.391457722486
2010-11-29,15870.108752032347,76134.61902106485,52111.0714454628,52263.89645992657,31087.85030178625,36606.947045085064,44686.180635948476
2010-11-30,17086.15489065385,76134.61902106485,52088.69090777665,52851.32619182864,30142.344194463356,35273.61663341635,40607.46899563958
2010-12-01,12982.844860128147,76134.61902106485,52081.23567977864,53944.15078982492,29352.72824227017,34254.253006019004,39570.88063728726
2010-12-02,2756.333918753083,76134.61902106485,52085.85573867654,51786.22669320062,29940.208149370832,34858.74191255769,41916.6312845102
2010-12-03,3293.9438390228343,76134.61902106485,52094.14816059289,53220.14277256564,30357.74311541765,35276.17303731819,44024.87421549897
2010-12-06,3976.841484791905,76134.61902106485,52093.805474354194,51860.200218506325,29435.715711918197,34160.18450809343,41419.331334731505
2010-12-07,7184.612351066636,76134.61902106485,52093.935089276616,52587.45465739832,28566.05465853072,33144.151128793674,39794.283645160416
2010-12-08,9036.743804054553,76134.61902106485,52090.32904428167,51508.07565745397,27806.928956299555,32292.080470086432,38400.857962449
2010-12-09,10549.466388574816,76134.61902106485,52090.91091295605,51456.89285421008,27216.41791984622,31663.39777733957,38802.65355107143
2010-12-10,3587.9738862136323,76134.61902106485,52105.1819568966,51768.28315563261,28069.455111337455,32692.380149593202,40766.23433295947
2010-12-13,7213.557182600475,76134.61902106485,52102.01032436528,50968.57295238113,27218.31444663554,31748.525863273047,36314.73764095645
2010-12-14,-3444.28216266811,76134.61902106485,52104.93930433176,51633.72706161841,26922.146577752694,31465.74594241206,41044.403164703064
2010-12-15,5099.89638920865,76134.61902106485,52102.996702338714,50822.6000012309,26102.28108093004,30595.623016718462,37395.970363298125
2010-12-16,5968.876468149586,76134.61902106485,52097.523366666945,49665.95450283921,25371.103414101162,29855.120502158665,37549.35588525747
2010-12-17,2753.783026996491,76134.61902106485,52090.73023862252,51741.92864532388,24608.177060510898,29105.68599603119,34498.98629693732
2010-12-20,-4868.224527123635,76134.61902106485,52089.740535786405,52378.59479783236,24394.265122286346,29012.59514382703,33830.830139751124
2010-12-21,-341.54129484581887,76134.61902106485,52100.65668402522,52776.91755940681,25048.553071942326,29908.62243352015,32972.47138706136
2010-12-22,-803.9826960946281,76134.61902106485,52118.43394627705,50791.744011756535,26563.85801245756,31726.671983730514,43942.74631437315
2010-12-23,3908.3641553161897,76134.61902106485,52116.73308684546,52445.43526939295,25763.957633590322,30867.5708066791,34341.25128251541
2010-12-27,15712.171063833683,76134.61902106485,52116.2970786854,51700.537695154504,25208.86153202433,30314.979214883493,36155.64187066249
2010-12-28,23002.38756793665,76134.61902106485,52118.797415183515,52206.35552375555,24875.107516343094,30026.91487947138,35410.37677367761
2010-12-29,24357.040974628148,76134.61902106485,52114.36741250627,52358.20102123761,24244.655662166242,29421.25150401366,33968.64492558037
2010-12-30,18358.901862072067,76134.61902106485,52130.412253138864,52454.78759977825,25613.512723373802,31070.15802429922,34669.29200263465
2011-01-03,17929.55655464575,76134.61902106485,52134.46655435524,51490.536955310235,25394.732965864947,30868.519389815847,35499.234547687985
2011-01-04,10125.447771201529,76134.61902106485,52148.62130740616,51515.290536923865,27235.856538217806,32997.988048059124,38399.69869250745
2011-01-05,7167.74241611684,76134.61902106485,52151.89884138554,51818.34444953526,26814.465846750572,32491.830177565545,39885.847460832185
2011-01-06,10897.236328788737,76134.61902106485,52151.86423641258,52557.499085654665,26008.566328890854,31572.94036051874,36176.559410469876
2011-01-07,8965.10759753797,76134.61902106485,52151.89985418942,52752.47326183895,25342.996551512275,30847.794467830914,38688.883663480934
2011-01-10,9035.676835623888,76134.61902106485,52153.03951044784,50615.18310295447,25028.456235802056,30542.223659520736,36759.43662275543
2011-01-11,3138.01113383488,76134.61902106485,52153.17612598902,53375.741666398346,24325.49884328576,29807.102372934773,33477.77118196107
2011-01-12,4675.374491336283,76134.61902106485,52141.080600812245,50950.25143429478,23601.345836422668,29104.057082682335,36917.31132835311
2011-01-13,-1622.8713643610797,76134.61902106485,52143.45698667121,52061.01404368433,23228.740211759185,28791.15214019572,33378.633989930815
2011-01-14,-8235.492031720712,76134.61902106485,52141.03951675364,52570.50513907141,22521.20685453838,28113.92535713642,35120.56778020831
2011-01-18,-8452.705981917179,76134.61902106485,52143.11927591465,51516.92638978589,22368.04494269409,28069.26651449262,31710.286824601077
2011-01-19,-3995.6954139061545,76134.61902106485,52140.75662444306,53216.18755536175,22452.51408356092,28305.480398463173,37528.052958326894
2011-01-20,-3032.8122541520106,76134.61902106485,52135.14846034596,51288.98433553681,21954.53735471858,27883.490072073153,30996.60426791599
2011-01-21,4023.6469600550845,76134.61902106485,52137.74321606892,51907.221298208206,21663.601718275586,27667.24488088299,34460.53278953444
2011-01-24,5823.208304166425,76134.61902106485,52149.253226932524,53247.74499831092,22604.81693208844,28812.748953768933,32531.00021234136
2011-01-25,-4308.117539286801,76134.61902106485,52152.40885711274,51824.52091429635,22388.9702530002,28618.71265791522,32966.15311191903
2011-01-26,541.1355585609335,76134.61902106485,52148.256720089455,53190.33006362325,21707.33291363453,27924.14762838938,36379.18917584907
2011-01-27,133.93607650714208,76134.61902106485,52149.68105680147,53089.209492078015,21437.63700309227,27697.808244407053,32504.41355408469
2011-01-28,-5709.920690415159,76134.61902106485,52141.32827937562,51715.90137727939,21368.803190192208,27711.63856039026,32705.13095134848
2011-01-31,-5867.0865713459825,76134.61902106485,52146.501455641854,52511.155205144525,21586.79717245195,28017.91444498578,36696.7054864454
2011-02-01,-5983.04310140821,76134.61902106485,52142.932472573244,52165.886286155146,22526.890014218956,29105.154779812325,34991.45914716576
2011-02-07,-14523.103349795778,76134.61902106485,52148.454067256855,52457.018087872675,22661.411013011268,29259.771547922952,36198.59801773488
2011-02-08,-10692.946065936387,76134.61902106485,52118.574807179175,52178.40430786735,22257.589673155704,28855.619734575448,32208.53549710251
2011-02-09,-9233.701027196248,76134.61902106485,52116.53175308811,53386.89301696634,21721.97868667619,28304.604242499263,35769.68448456146
2011-02-10,-6172.7849671689655,76134.61902106485,52120.802740378065,51628.412540203324,21971.88683541918,28626.74255228494,38737.46033138595
2011-02-11,-3689.293632378069,76134.61902106485,52131.7403801702,50908.291527935864,22928.419706332374,29699.59213663163,38542.53078465036
2011-02-14,8662.653659299029,76134.61902106485,52134.19998899651,52658.08977980917,22750.29033949295,29480.439188354503,38124.87177874634
2011-02-15,-9319.929122423313,76134.61902106485,52142.292479983655,52742.80226692619,23616.93709938052,30422.120603113985,39298.869378751406
2011-02-16,-14439.163474881922,76134.61902106485,52135.02602115447,52073.72088729071,22905.976562634783,29597.58520025283,38529.87088781986
2011-02-17,-16690.31835719751,76134.61902106485,52131.277178279975,53303.76556664887,22333.549506795975,28956.751952395996,34180.275551385006
2011-02-18,-3291.4950518073674,76134.61902106485,52135.98971987627,50977.67404289958,22296.139131664317,28916.19349533707,33514.99981595813
2011-02-22,-16060.599316194905,76134.61902106485,52143.852595934186,51012.15604590979,24209.873407111692,31049.040573292197,39193.66787186398
2011-02-23,-11223.32676535502,76134.61902106485,52166.03074990047,50659.08623348186,27575.68453465035,34793.79002591998,42676.482533333656
2011-02-24,6077.472413136135,76134.61902106485,52174.39820287456,53188.156175720826,27674.433013707545,34678.241026673335,40684.16071976095
2011-02-25,18207.13927931917,76134.61902106485,52172.054294862835,51753.41115400476,27336.6320897228,34096.97799329448,43249.05333374975
2011-02-28,3193.1785945287525,76134.61902106485,52189.634309520276,52052.82389431013,28994.45870097821,35839.65312674926,41256.94622767975
2011-03-02,14031.052727998802,76134.61902106485,52193.34918609588,52925.0316346519,28619.392376329204,35175.04930467912,38829.0794417053
2011-03-03,21220.337348242694,76134.61902106485,52196.607547642125,54145.20748272385,28964.99787342185,35392.520227766465,41193.88065797276
2011-03-04,4132.727003569425,76134.61902106485,52226.672130929626,50876.168338008385,31789.421528168292,38534.35965853897,43745.281273766486
2011-03-07,-7761.394578142593,76134.61902106485,52227.557354190656,52166.82422584542,32472.483114094117,39064.501780747385,48178.45889514082
2011-03-08,-8553.869406456959,76134.61902106485,52236.53221823522,53818.846842997795,32335.23123127185,38600.200434376944,38559.859037849645
2011-03-09,-29983.082214245616,76134.61902106485,52239.119310042064,52238.54655538498,32466.401812746215,38494.28228972948,48637.32398295984
2011-03-10,-27581.585071232315,76134.61902106485,52239.174841939704,50777.55495516187,31488.850331574715,37080.7802585932,42626.80040100163
2011-03-11,-21809.915221905307,76134.61902106485,52223.14540086991,52308.033941588634,31294.19537153546,36698.717019533215,49513.66501764055
2011-03-14,-10666.93162092423,76134.61902106485,52224.509659560674,52667.51361856899,30739.0059093413,35889.98028445298,41899.82190368771
2011-03-15,6990.529674359076,76134.61902106485,52234.27828804614,53312.322036877114,30959.28411357932,36054.785881569784,40853.883040087814
2011-03-16,22940.450976736647,76134.61902106485,52267.481596495665,51686.61338881905,35452.13871553922,41479.699742108736,46396.52802314974
2011-03-17,21259.16891697222,76134.61902106485,52268.03193704429,54064.182945515786,34593.92844793798,40097.28677315386,50718.88415907022
2011-03-18,26688.519272204085,76134.61902106485,52266.285634903994,52025.164623254044,33543.4749872346,38559.19469804359,45347.05783343804
2011-03-21,22067.545934235317,76134.61902106485,52278.19440062484,51288.371797633125,33816.10835917277,38729.7490367689,49359.07754542025
2011-03-22,9777.166837296108,76134.61902106485,52307.93476902162,51211.46048386748,35695.43018482829,40898.550809985965,47261.554936458284
2011-03-23,12278.54600943044,76134.61902106485,52307.63343759455,52364.64908771154,34638.71687737049,39337.658926491094,47989.021985640575
2011-03-24,18636.960875986293,76134.61902106485,52292.285617461814,52468.33198189702,33630.033107131974,37930.704664029465,47907.70241887382
2011-03-25,16045.900722542261,76134.61902106485,52275.399976974564,52384.547603908046,33434.012851192434,37655.300807063264,43663.85626888021
2011-03-28,19996.841819849535,76134.61902106485,52276.04907411234,53693.591367873545,32591.098573075906,36520.33311747117,42673.94389126643
2011-03-29,22584.009227087397,76134.61902106485,52273.64513323675,52763.50410202582,31635.984237632085,35300.70466027091,42575.655577336234
2011-03-30,20629.781144332093,76134.61902106485,52275.63977282132,52876.87647596879,31022.039120366557,34560.89846287983,39290.876195365934
2011-03-31,10193.54871821867,76134.61902106485,52290.7466734958,51642.34877774672,31655.264558671428,35419.55285356601,41244.93258278727
2011-04-01,6551.46887750637,76134.61902106485,52292.30697402115,53318.209275378016,30962.94431616262,34565.381286470314,43999.95309036284
2011-04-04,-1460.851560231291,76134.61902106485,52297.348687101876,51632.41178881163,31176.30168570297,34894.28660998437,47309.57270448492
2011-04-05,-4376.091977243892,76134.61902106485,52297.32882571045,51537.38534081915,30277.260796549494,33795.9113749859,43726.269021183245
2011-04-06,-14309.4405466996,76134.61902106485,52277.7426585013,51846.31491353196,29433.92733650651,32852.5717382701,37160.31362590462
2011-04-07,-5038.733666795069,76134.61902106485,52278.26025055797,53582.674129437946,28742.29482052092,32098.594751072455,38347.41269465054
2011-04-08,-1872.851994971854,76134.61902106485,52277.9556313162,53975.27626688054,27872.025674251363,31138.458401226453,37761.87631271064
2011-04-11,3736.3072154670785,76134.61902106485,52276.78375070023,52995.287929186285,27082.558827065353,30314.74924356979,37709.98773133501
2011-04-12,-53.31785651579036,76134.61902106485,52277.42617447792,51521.62540777511,26330.780497747804,29559.10514388515,34415.80316645237
2011-04-13,7271.59953737909,76134.61902106485,52293.98311827775,52658.3711746506,27604.20964673478,31421.5204796195,39191.43716025821
2011-04-14,11218.269348192718,76134.61902106485,52304.64056404325,52476.41406860107,28046.233081950126,32112.63467487946,35036.64611897732
2011-04-15,12003.177987230127,76134.61902106485,52306.01357088202,53754.54347108806,27414.6964257144,31424.23661357856,37745.42423578078
2011-04-18,9800.687661971917,76134.61902106485,52283.96795604672,52792.15719086451,27112.816884583204,31162.317984067697,37538.04848979042
2011-04-19,14038.733231869648,76134.61902106485,52263.3498922653,52417.93561666538,27150.03392501429,31316.72871997901,38454.981754022876
2011-04-20,14259.232789549475,76134.61902106485,52204.64606407933,52718.566338143995,26348.840118068387,30421.30005840187,36671.80022533663
2011-04-21,3961.5167438003946,76134.61902106485,52198.278760480825,51664.69681052091,28853.98486824739,33554.773875811035,45750.94020457313
2011-04-25,-2089.4874521910087,76134.61902106485,52199.11597936268,52569.1190524565,28332.796328410488,32929.893436978826,40971.51024889281
2011-04-26,2339.3609712294924,76134.61902106485,52190.19229396689,51446.06943572584,27587.270649810456,32072.852253986137,38198.850689744424
2011-04-27,-2003.3555032321383,76134.61902106485,52190.44432025765,53573.921048927594,26783.02349095777,31172.431418584172,38244.72769218752
2011-04-28,-5652.726439158591,76134.61902106485,52178.43978896131,50674.79051661154,25982.254967091518,30317.97079520782,34288.3967951358
2011-04-29,-11693.167890956553,76134.61902106485,52172.56023877267,52036.355038026864,25192.436400946117,29501.757511250864,35853.91148728206
2011-05-02,-9644.028905911851,76134.61902106485,52162.70156930137,52159.496494561754,24636.50382485054,28992.119904738065,37367.03036523384
2011-05-03,-13578.048113361478,76134.61902106485,52153.91782305542,53487.11915233847,25250.34870071212,29872.619712440715,35366.46917848461
2011-05-04,-12957.656673145739,76134.61902106485,52161.17766626563,52268.63400092659,25441.707636365154,30194.14888288773,36974.06239250457
2011-05-06,-8574.776425575192,76134.61902106485,52141.054060255774,52728.50016423304,25280.502389606958,30115.430738669354,36534.65946049819
2011-05-09,-6197.358152470876,76134.61902106485,52148.45201204682,51041.4228861329,25604.10256019789,30593.34220260983,35813.5493076767
2011-05-11,-7447.880572553839,76134.61902106485,52145.04493713121,52198.88363598668,24831.6041274733,29796.570766802102,31669.01600747254
2011-05-12,-6638.333218679733,76134.61902106485,52146.403345639184,51266.49673732045,24283.602862331638,29271.834085728147,35492.50607600548
2011-05-13,-11816.710128503608,76134.61902106485,52151.27985593482,51503.06606079839,24329.888689148152,29441.177285589707,35246.79557665149
2011-05-16,-11687.503426803321,76134.61902106485,52151.12739822462,51562.22634280476,23588.750042868785,28691.460768390876,30799.777640222474
2011-05-17,-24542.190475208303,76134.61902106485,52154.101853740714,52082.98376795152,23284.705182886104,28461.161036448208,34830.72495244796
2011-05-18,-21295.331173370312,76134.61902106485,52145.08906727956,52678.564471555634,22682.680936952092,27908.95242675779,33521.43050278147
2011-05-19,-28569.443498244553,76134.61902106485,52139.16593241368,50611.455697153935,22390.3885719374,27735.34504630358,32143.069996093807
2011-05-20,-4835.1737277516695,76134.61902106485,52165.287324402285,51518.39925888981,25166.88196933496,31029.637603949614,36135.744340949765
2011-05-23,-1323.412914336936,76134.61902106485,52162.76436581005,51296.64034228602,24401.11927719795,30168.36073457797,34733.8079659258
2011-05-24,23645.927110521126,76134.61902106485,52227.87005836737,52288.27594159531,31470.65468330973,38295.25982798316,43416.3469461789
2011-05-25,17609.7769131404,76134.61902106485,52218.85403923361,52279.636489390876,30573.11479892562,36975.85704042015,45452.478868979706
2011-05-26,13780.661308957631,76134.61902106485,52222.767518764434,51468.314748594115,30070.85344788721,36185.11700323011,48816.869749469384
2011-05-27,-2417.3770627877066,76134.61902106485,52265.888602824525,51799.711609896876,34008.487843006274,40654.62797131195,51276.37538068388
2011-05-31,-12101.898531406516,76134.61902106485,52267.99383363911,51763.73548028269,33303.88030975714,39483.7140629158,52788.97325530401
2011-06-01,-25185.05327745406,76134.61902106485,52286.871768493256,51670.00156183636,34131.66796572514,40216.00378226519,47589.22529278847
2011-06-02,-18977.425165331566,76134.61902106485,52284.78168276846,51400.65519770155,33589.090611428204,39276.8210168745,45765.48547134047
2011-06-03,-20389.48618344486,76134.61902106485,52300.45036717832,52304.04584727189,34049.33830700152,39617.46224198731,50828.56808609693
2011-06-07,-22788.892285574344,76134.61902106485,52280.990275896474,50531.13071533115,33160.120107303585,38325.943601878935,47627.98797303748
2011-06-08,-9989.151582760567,76134.61902106485,52289.86234082017,53324.971531696865,33048.28445694455,38042.030952177505,41878.800346542084
2011-06-09,-4761.280597486806,76134.61902106485,52294.27029758805,52176.429795218166,32528.617371651668,37288.42168892927,43412.22632724086
2011-06-10,-12463.510229136444,76134.61902106485,52284.45421721647,53763.877904608205,31610.982353453328,36092.81613317386,42783.36010393792
2011-06-13,-5128.876657220905,76134.61902106485,52288.42704595266,52469.302742064334,32819.701829907615,37528.85537928423,47928.500151128566
2011-06-14,-1973.7007201721347,76134.61902106485,52293.60881019251,53389.84992479258,32415.87505717608,36955.35781613092,50228.576673449046
2011-06-15,-986.4430235582283,76134.61902106485,52304.23941193066,52777.10086131211,32598.631594458042,37117.70745882407,50617.400439956546
2011-06-16,649.0003166707334,76134.61902106485,52303.00777372388,53325.242699964714,31623.082568751848,35874.85448062725,46630.84804612115
2011-06-17,6745.903787057409,76134.61902106485,52312.37945622169,51188.20223822217,31602.699929023005,35840.556694594685,46925.06134287155
2011-06-20,15755.85468391186,76134.61902106485,52308.91896584739,51724.224008925055,30733.3786571825,34783.37003791793,44982.86247407992
2011-06-21,17237.99897958221,76134.61902106485,52309.50987589189,51949.292989194844,29875.817955958857,33779.75534607119,46816.92928942697
2011-06-22,9054.898466049539,76134.61902106485,52315.69378755928,52588.42443146696,30615.362342880744,34770.62929700827,41002.37207485078
2011-06-23,11951.325607420513,76134.61902106485,52314.11536071191,51852.61363610169,29847.98764776348,33876.75602574965,40691.1770948862
2011-06-24,15831.725883819294,76134.61902106485,52307.83783049271,53099.940080854576,28938.892670186637,32850.57168617062,46991.43325493648
2011-06-27,16981.52121203287,76134.61902106485,52308.886087264,52179.69919667653,29491.78458955605,33657.59029264393,45141.471331290144
2011-06-28,26862.781656848554,76134.61902106485,52307.65194416203,52570.74362385674,28594.70299560608,32645.74954833053,43947.74362271418
2011-06-29,29336.271822826147,76134.61902106485,52305.608134923445,51835.87609341717,27728.33406155946,31712.663224100983,39178.78826149183
2011-06-30,27999.353589601396,76134.61902106485,52312.82418869873,53945.08460437518,27737.040035299637,31876.18876499108,40838.200051739055
2011-07-01,25564.37061418658,76134.61902106485,52313.2661375886,53598.55520800325,27362.226201887148,31560.93998778832,35974.90451843381
2011-07-05,12729.11036827599,76134.61902106485,52329.95584752846,52213.278148177786,28549.825553828916,33126.77170493567,39388.70006534575
2011-07-06,-7156.841974362291,76134.61902106485,52346.96771999957,53596.97774598924,30294.782863662378,35278.18708526172,44493.28800721141
2011-07-07,-3493.7781149172747,76134.61902106485,52341.299141014366,53140.37747008781,29490.195295486858,34276.53859961723,42448.52022438625
2011-07-08,-9470.409062068027,76134.61902106485,52339.74281953006,51774.61109954828,29047.316464532567,33751.41668444378,38549.10979238342
2011-07-11,-1929.379064986381,76134.61902106485,52340.253021635064,52843.8164053994,28229.707408665152,32785.902742607206,41169.83958084084
2011-07-12,4041.8024082161073,76134.61902106485,52344.0785946046,51044.49442447051,27978.272580633824,32538.64330188077,35238.96670957017
2011-07-13,22365.28729244997,76134.61902106485,52370.25689736182,51357.217221711566,30091.62624555119,35090.04646335763,39135.64810477524
2011-07-14,19135.79100491288,76134.61902106485,52377.825862155776,52181.04500683007,30075.894905455716,35001.759389413535,42600.321167279646
2011-07-15,20929.820529144843,76134.61902106485,52378.79150627473,52756.04416890707,29265.900371237483,33982.67118813759,38328.12691744553
2011-07-18,19245.757972655916,76134.61902106485,52384.58540799448,50440.92093019043,30637.56870757121,35613.511565345194,46341.35398412834
2011-07-19,12585.157952905742,76134.61902106485,52383.31890155935,53243.436157565164,29759.002783144322,34488.00255429313,40451.96136146179
2011-07-20,9411.198183788885,76134.61902106485,52375.54184335441,52176.4232502626,30642.928176689747,35553.01920108726,41213.77905834484
2011-07-21,3069.081227224307,76134.61902106485,52377.116440045014,52945.738535444485,29880.34273605525,34558.65313146656,39280.58835215661
2011-07-22,971.7374974822202,76134.61902106485,52370.903163459865,53340.607022214375,28970.795636407576,33458.95899359217,38350.00401833394
2011-07-25,-8821.551504756824,76134.61902106485,52384.94387759029,53484.26398589779,29622.849006369364,34230.160741053536,41449.90523110224
2011-07-26,4695.5771739152515,76134.61902106485,52388.71213328765,51214.830040885114,29487.503602129145,34049.03723128637,39306.91134172992
2011-07-27,-13278.506622974592,76134.61902106485,52394.75401029326,51167.2694475261,29270.1564822571,33778.523533303385,46034.61668602155
2011-07-28,-17432.194176029258,76134.61902106485,52396.81632228942,53745.49989175165,28796.637133589134,33223.92882204757,42800.80787878431
2011-07-29,-34656.3127263888,76134.61902106485,52397.83345071287,51931.4238459138,28067.306388022465,32395.034315301167,41362.010442869614
2011-08-01,-57766.405125779216,76134.61902106485,52394.72457003474,52329.931088967845,27384.627767165584,31656.698886229202,39116.818661649195
2011-08-02,-106228.70208617514,76134.61902106485,52364.13922128125,52033.41163228112,28566.45682047904,33144.67850407228,43865.8485372595
2011-08-03,-106078.67681420624,76134.61902106485,52388.54157174487,52789.94689440838,32303.06029268556,37542.38068624289,48273.05982718686
2011-08-04,-93753.82252454066,76134.61902106485,52379.960776038715,52610.41557320228,32932.610994384675,38138.60044870416,46805.214175046596
2011-08-05,-56611.47061325795,76134.61902106485,52476.13345853976,54114.48133809535,40444.413661216284,47159.00237435845,57606.45416414287
2011-08-08,-28785.617905263094,76134.61902106485,52588.73397853706,52614.40771005377,50939.09109066537,60842.97680219631,74981.4445564587
2011-08-09,37727.79156756731,80325.96280441053,52989.32620126499,52762.09302173519,71143.97332331428,89653.73124626101,114018.04389082089
2011-08-10,59396.57474079732,83961.3320789739,53022.23313400214,52911.5847855447,70907.44020178102,86603.80352907725,110246.13274774913
2011-08-11,41355.16363773567,91317.1347636437,53018.85980089224,54677.08673933538,68968.72837162533,81350.10940179379,108062.56811333413
2011-08-12,-12749.026933745481,91317.1347636437,53086.632499376996,53220.12787338785,70552.21860693232,81881.45593912355,99912.84296451329
2011-08-16,-25046.776665783364,91317.1347636437,53077.86546260166,52295.741385102934,68466.1144616331,76902.99044123162,92361.41604071857
2011-08-17,-27171.516465890047,91317.1347636437,53238.3246564809,53354.645546162734,74373.47549320526,84655.26419203983,104782.94986484354
2011-08-18,-41341.97418215783,91317.1347636437,53258.1078814493,54343.7231972701,72968.6843555498,80685.05505530316,93483.85321391161
2011-08-19,-30105.270866772837,91317.1347636437,53285.17541260994,52759.33093252225,72869.97555258342,79176.97435985458,111739.55485727053
2011-08-22,13876.76900533762,91317.1347636437,53600.28772909476,53452.72312888474,84545.03145599755,96441.77082135466,119891.53970952376
2011-08-23,41398.69273013601,91317.1347636437,53614.14083596197,52979.97950297307,82951.83829294489,91835.0188217424,128092.02244907855
2011-08-24,24143.569558300285,91317.1347636437,53757.83118695884,54198.5134155534,86133.15328495529,95167.63188069536,121377.42886612464
2011-08-25,37267.25270204493,91317.1347636437,53758.45859908675,52829.91141606052,83792.12276719935,89664.97196740675,111892.07001488667
2011-08-26,37178.84339854548,91317.1347636437,53759.84740466343,53974.68289969881,81300.46660775637,84309.29495086141,101982.57434302635
2011-08-29,25952.299744249947,91317.1347636437,53773.92513979142,53606.07178349962,79406.68184625563,80290.72738630096,106835.67250264944
2011-08-30,-22189.48290465652,91317.1347636437,53830.95103685721,53639.06662053074,80163.31090135964,80897.19933112994,101016.72384294328
2011-08-31,-6825.704251455424,91317.1347636437,53829.47920439989,53532.344194213976,78223.26069805,77062.4937109437,86649.9428591838
2011-09-01,-16232.142881812857,91317.1347636437,53842.96304851078,53045.390452615015,76476.21922303153,73757.83770857149,86452.65215299044
2011-09-02,-26134.07242941716,91317.1347636437,53842.51752354572,52963.28429444779,74218.12891735364,69740.64789825924,83793.30447736672
2011-09-06,-35500.04191582588,91317.1347636437,53844.49818987156,54251.04195165147,72110.51281789523,66134.39880589454,89767.9686876879
2011-09-07,2494.9912892212365,91317.1347636437,54068.98989859216,55293.768944562464,80056.90155355961,79638.64640000636,103419.61097048661
2011-09-08,-1789.9663138535236,91317.1347636437,54194.885716996665,55016.76634901701,82659.07631920264,83149.23093165344,103410.01263814552
2011-09-09,-5838.212450086568,91317.1347636437,54186.68574149073,54803.47185588751,80169.60982795885,78537.43672573619,103906.69004982962
2011-09-14,12764.591398379314,91317.1347636437,54218.49279048926,54541.84841358496,79332.54046217422,76752.34203091061,94359.36089599537
2011-09-15,25544.476836466773,91317.1347636437,54237.065545475154,56139.74884416259,78693.98434640604,75408.13343574948,100166.29547996234
2011-09-16,1806.0883133737063,91317.1347636437,54133.41742979763,54049.42154119732,76874.83780646931,72371.73041101474,94455.70313581933
2011-09-19,-45086.42834535838,91317.1347636437,54207.16255199497,54939.45489852195,77990.63125749517,74127.18808702276,94307.75629696343
2011-09-20,-62910.422846882444,91317.1347636437,54203.52284206679,53101.67164917176,75966.45662288509,70619.59563805991,91453.70529871355
2011-09-21,-41658.45413626374,91317.1347636437,54150.66081735628,52885.940482786245,74066.76404003007,67520.53536175583,87127.27150689265
2011-09-22,-47931.54292520435,91317.1347636437,54150.66973861601,53756.22141560621,71811.24773792583,63777.61966124544,80771.26672451344
2011-09-23,-17780.8247848739,91317.1347636437,54215.72093608072,53680.462921406186,72674.65698396486,65580.5943414094,84323.18513766189
2011-09-26,9975.927727094804,91317.1347636437,54421.47927305466,54258.599654566904,79485.02499883504,77010.25201018079,94714.44245997419
2011-09-27,4910.96337719709,91317.1347636437,54554.00363571151,54227.42558708815,82701.74105426462,81756.2743958156,106631.98789108417
2011-09-28,-7342.444713324055,91317.1347636437,54717.6938595602,53554.4113278853,87450.15500304157,88733.76384262706,117796.08690746476
2011-09-29,9539.92829666398,91317.1347636437,54724.22276673218,54091.4078251155,85195.62837391136,84263.37438140597,99519.57074371193
2011-09-30,8717.405413809152,91317.1347636437,54687.89720647795,53392.09569559715,84450.57241914074,82383.58366452601,97150.77070985545
2011-10-05,17627.03198614232,91317.1347636437,54686.58845502175,55524.090119059445,81890.1431355149,77612.5056594863,90998.85853096374
2011-10-06,54474.23265553286,91317.1347636437,54838.73222489899,54905.033347348624,87369.67487464115,86488.93184841271,114724.20670318948
2011-10-07,44599.632389082,91317.1347636437,54374.345922528475,55343.628606765655,86876.96812309446,85557.9050648655,97814.00775663006
2011-10-10,39186.13410350861,91317.1347636437,54387.20583016719,53011.004928038,85253.38526522325,82597.10959937543,106881.49185970744
2011-10-11,32964.5755653222,91317.1347636437,54180.195524018745,54845.007482259505,84293.53043957341,81591.16753893819,100191.24213501754
2011-10-12,25399.935710230722,91317.1347636437,54191.04036904251,53620.41092950863,82327.23849448645,78351.13681786967,94404.78352791816
2011-10-13,19120.564071458863,91317.1347636437,54182.66059029117,53484.55855033844,80504.75544519175,75475.94134686879,91481.32647417978
2011-10-14,-1954.5680301350199,91317.1347636437,54162.234943193565,54212.34532907082,78340.07735136882,72080.10198337522,86397.55328790405
2011-10-17,7798.251434664562,91317.1347636437,54168.1259534015,53717.159707104736,76211.86837398932,68843.41976140106,89618.62504642832
2011-10-18,18203.00407375583,91317.1347636437,54178.3342660567,52376.739525271194,74389.6043196722,66186.83341435577,77863.79768493833
2011-10-19,13593.532095082732,91317.1347636437,54178.0854193489,55177.86514171383,72124.00435800214,62792.9349689318,79747.34759160169
2011-10-20,15605.439771220448,91317.1347636437,54176.00909957244,55897.26548274294,69970.87115351511,59625.13277288302,75862.43900102608
2011-10-21,40206.336939326124,91317.1347636437,54232.41299200135,53967.89415212292,70767.03343977538,61932.549743251926,72600.01744343198
2011-10-24,24828.171632391863,91317.1347636437,54260.448458901585,54593.82754896325,71113.05483789505,63208.818834929036,84055.46563452532
2011-10-25,2125.496582174673,91317.1347636437,54332.805183949116,54545.55334133429,72330.16233771149,65792.69180330148,80631.05980708326
2011-10-26,3326.1784299162164,91317.1347636437,54334.859715353516,53777.644075055716,70348.14192982345,62860.17174290677,75991.50318325237
2011-10-27,1808.762118142676,91317.1347636437,54333.235231292296,55203.33718724968,68391.46708590421,60029.223139640366,76980.60525333184
2011-10-28,-10072.943647660823,91317.1347636437,54351.34000573572,54292.91503734214,67247.50423132745,58655.789513203934,75936.87771048542
2011-10-31,5012.191309447992,91317.1347636437,54320.05962388265,53857.265450865336,65205.057013055746,55791.73511437738,71723.02104865963
2011-11-01,14645.236599563343,91317.1347636437,54316.63298764521,53518.08100593844,63612.10445557893,53745.690789501576,70058.8479184687
2011-11-02,16213.019707546628,91317.1347636437,54301.94320633021,56396.36163921148,61806.8961733297,51348.11734557413,61479.620265187055
2011-11-03,8337.870256561808,91317.1347636437,54285.40817899471,53882.75045401588,60004.79488398197,48982.77985634395,63677.31899904334
2011-11-04,-10657.744225929127,91317.1347636437,54269.57953114139,55330.00344222955,58309.93067036026,46850.44222189592,54638.87279966756
2011-11-07,-8823.576569242732,91317.1347636437,54321.575591651046,54590.491043372196,59428.90306664218,50267.28314290165,68576.41948253792
2011-11-08,-3568.945548777267,91317.1347636437,54325.80088402762,53711.28006553885,57853.5483203111,48294.49525295724,60075.47368977958
2011-11-09,-4161.177081996556,91317.1347636437,54289.30058498943,54139.818002106214,56128.540685083564,46066.88397217189,60686.83883497606
2011-11-10,-11366.597474119322,91317.1347636437,54291.43066986839,54912.67485838032,54857.086030952676,44779.673759968624,52858.9275641812
2011-11-11,14206.646310396836,91317.1347636437,54403.48112415196,54985.57618978448,60172.36596735215,55230.84326523023,67673.27717102188
2011-11-14,-9793.406493294538,91317.1347636437,54458.0805897327,54431.110978812045,61889.652693436605,58330.71900710582,75665.08539855987
2011-11-15,-28126.692255623846,91317.1347636437,54480.12897523332,52970.92311973522,61173.95755811519,57382.901336347175,71912.02616409965
2011-11-16,-21692.798458968777,91317.1347636437,54463.58333302725,54643.40744861615,59376.62086917233,54781.02749170119,66840.65826960308
2011-11-17,-27396.903331349302,91317.1347636437,54481.35685158602,53592.300137890845,59777.52153553386,55780.46559005657,69774.50058324214
2011-11-18,-39731.244584433975,91317.1347636437,54484.554901148826,55683.41534816764,58126.53031245085,53429.73368373288,63826.74732701313
2011-11-21,-15778.75349914033,91317.1347636437,54498.93890044321,54060.446433986326,57222.21060677131,52361.26029039781,70870.36426303047
2011-11-22,2154.709207038757,91317.1347636437,54515.94163125052,54106.201258572466,56649.137548696766,51850.81287636642,59531.00868853569
2011-11-23,5883.525687066495,91317.1347636437,54520.609692591046,53475.19917744516,55187.56581939744,49916.202660818155,63300.57882554058
2011-11-25,34578.55792283006,91317.1347636437,54596.883165345054,53435.49634292207,58387.7840763001,55385.32809678301,68075.64411313873
2011-11-28,45459.31752442858,91317.1347636437,54615.52495881912,55763.22604224514,57720.598544515,54517.238906837665,69802.1339821529
2011-11-29,36329.9716541533,91317.1347636437,54670.15055556247,55838.26769475983,59633.2562097513,57602.96080119374,75259.6595142547
2011-11-30,22787.056445374717,91317.1347636437,54689.88368856963,54964.479040524246,58929.02778184458,56567.00878483816,75665.50923767731
2011-12-01,20162.85053831695,91317.1347636437,54675.44108508446,55088.33794643603,58027.48163493501,55317.56142568059,73797.75488794786
2011-12-02,6281.786852375401,91317.1347636437,54697.103228026695,55513.88738124614,57785.68391855363,55075.243083077454,65122.25403585294
2011-12-05,1224.077826769262,91317.1347636437,54684.97671728776,53216.383304838644,56085.185557450146,52625.450003647966,72368.29517970295
2011-12-06,-1668.9355551462752,91317.1347636437,54671.018801540034,52647.659323587206,55111.06376635379,51390.2031036027,63443.70164406078
2011-12-07,-4756.512917587974,91317.1347636437,54628.8657833476,54010.22658960899,53752.550231839916,49624.82386232913,55091.87994354805
2011-12-08,-14180.574649154394,91317.1347636437,54584.78682935527,53217.91736073182,52556.923800368764,48158.57547614483,64329.75368866975
2011-12-09,-20589.39552027618,91317.1347636437,54584.793526497306,54231.96935603968,51153.720983969535,46354.18760025005,58621.77002287983
2011-12-12,-9303.019040793986,91317.1347636437,54567.033915385284,54382.0644169672,49744.8442210066,44597.438347540796,51141.413201974276
2011-12-13,-37995.84013969828,91317.1347636437,54541.5377799248,52273.24549420912,48517.69754014156,43178.50946287524,55981.92768492305
2011-12-14,-16770.699509418995,91317.1347636437,54539.69979449537,54758.76856832342,48048.48777583561,43045.44952399415,53330.52847119796
2011-12-15,163.28036092379088,91317.1347636437,54541.008531786916,55013.02803102958,46874.846588937355,41726.71364062385,52548.79250839386
2011-12-16,12792.347340159098,91317.1347636437,54559.92477749911,53141.04540089594,47177.57793972676,42850.10691213531,53891.159588229064
2011-12-19,8816.680189312749,91317.1347636437,54571.31297938009,55368.24203569969,46936.251424000955,42985.71541344515,57436.33018919112
2011-12-20,24736.42765940667,91317.1347636437,54703.18631230046,53958.666971309154,55219.657441128795,55693.27103296868,64714.926596859914
2011-12-21,9143.710858749484,91317.1347636437,54747.383948503644,55148.288615482255,56248.04290009812,57011.2135307562,74131.78081366098
2011-12-22,1844.233980566391,91317.1347636437,54767.25855946742,55029.998553532525,56938.49281989532,57809.06951779956,79339.17469568769
2011-12-23,14643.237960542841,91317.1347636437,54744.775580039306,55428.15685583593,55310.41032453524,55259.256085341876,71592.56867530965
2011-12-27,9586.60080385812,91317.1347636437,54713.88896379149,56105.45707125269,53902.867080837415,53146.871072810885,68019.74812111918
2011-12-28,21391.137496171596,91317.1347636437,54731.7952380375,55372.96521815935,53404.690152653304,52416.13248228247,63639.82631594707
2011-12-29,19559.080922354366,91317.1347636437,54648.10569968835,53851.266530422254,51843.88658629958,50267.382196930484,69304.52753582674
2012-01-03,12999.576432608672,91317.1347636437,54640.849048807424,54555.40592533082,50759.178781116025,48797.6385349851,59061.877521227594
2012-01-04,5461.35783402109,91317.1347636437,54691.78313128291,54863.71521780215,53023.89092921776,52292.85235052896,63779.91632281987
2012-01-05,3294.8487741772724,91317.1347636437,54670.536000135064,54721.13880672976,51417.93359707553,49984.21928407494,63448.43170795365
2012-01-06,3590.2087814354513,91317.1347636437,54673.111906157144,53489.69395577087,50015.53911795721,48027.52017577819,60610.336245178274
2012-01-09,10172.987545383643,91317.1347636437,54659.52442723004,54190.13037803188,48744.04733314129,46343.81002155175,55080.63101517191
2012-01-10,12869.01263139571,91317.1347636437,54650.473880999525,55059.123001937834,47276.680677913835,44402.50056882003,55500.883978611746
2012-01-11,3761.260204680081,91317.1347636437,54610.21838963546,55264.88382985791,46943.31264101382,44290.38925033802,55079.36906580739
2012-01-12,10611.314290863236,91317.1347636437,54584.23504336149,54636.845798859,45666.785073168765,42709.46892236881,53516.80128148006
2012-01-13,9247.627247679173,91317.1347636437,54522.185413323146,53724.04978403657,44496.00251221343,41327.22007337865,56712.57960796619
2012-01-17,9462.355751752157,91317.1347636437,54521.116521606025,54197.05375698845,43277.079075341615,39896.778959907955,51981.92749705302
2012-01-18,10722.679555909604,91317.1347636437,54520.76327716669,55225.155807503776,42013.54544865658,38427.228800721474,48241.64694341202
2012-01-19,12901.73861993259,91317.1347636437,54489.75916369955,54606.430968923596,40760.20213278835,36991.27017505675,44238.400878803295
2012-01-20,3428.2310721276863,91317.1347636437,54476.03259887199,55402.5278856557,39831.83966999899,36132.96505705963,43677.24637733177
2012-01-25,5889.211113774818,91317.1347636437,54475.51682797214,54201.42104962283,38711.68218857428,34990.546016511464,43843.93366939158
2012-01-26,7309.712014050568,91317.1347636437,54473.27135700887,55109.01731740349,37715.231076999684,34073.30594189314,43839.96946584427
2012-01-27,9528.572549846636,91317.1347636437,54465.57405940963,55407.05042284273,36758.28597963634,33233.501892714914,40791.84148404439
2012-01-30,8873.990520107247,91317.1347636437,54459.84864192491,55089.991189908236,35662.378996975705,32174.10663621694,38251.70739917848
2012-01-31,12475.971378402246,91317.1347636437,54459.196397061125,53933.69293786658,35294.31188290056,32357.786292619625,41677.98914918069
2012-02-01,8816.329596513016,91317.1347636437,54457.878004727245,53455.460898492805,34710.76947785255,32137.41218885514,37321.850653875714
2012-02-02,8824.979212999746,91317.1347636437,54461.41939527117,53998.46204050222,34102.95370218204,31857.29408456303,37240.711808269916
2012-02-03,6400.135551922649,91317.1347636437,54467.206219952626,54779.23296090932,33712.31900560613,31904.559753161324,38089.9615292213
2012-02-06,5189.213386565947,91317.1347636437,54466.5977811882,55848.75818751409,32688.70373779524,30930.613939209943,35308.73396126375
2012-02-07,12307.5861154169,91317.1347636437,54444.11816277387,54251.06962436949,31790.929138815827,30173.987551868122,35981.05721988796
2012-02-08,12314.49864782901,91317.1347636437,54365.77376670634,54063.00027590705,30844.211755653676,29301.979037780082,36961.0267819756
2012-02-09,10794.511857610885,91317.1347636437,54356.63797307755,54397.56203179516,30411.666239273294,29334.73543286155,35641.40309301678
2012-02-10,4999.842791698192,91317.1347636437,54356.307648038804,52926.14155398893,29691.004971138325,28871.83697670091,39772.76548183859
2012-02-13,11651.26510154305,91317.1347636437,54348.36137061582,54873.9056440129,28806.437725146534,28145.04324989774,32974.703355879166
2012-02-14,7206.347201664537,91317.1347636437,54342.23141042459,52495.26452628065,28692.430032646906,28620.647878002055,33988.58726430522
2012-02-15,7501.046390836627,91317.1347636437,54336.01251768646,54224.25759612461,27842.82146658488,27907.806840984482,32540.832914766514
2012-02-16,2106.8325558341835,91317.1347636437,54337.70197904793,53705.94535878037,27232.77500826652,27561.013073416332,33500.52012817751
2012-02-17,8658.068571576438,91317.1347636437,54338.50024273829,54841.964722017634,26688.723056598832,27301.59754606407,33905.37504792077
2012-02-21,-2243.473145180301,91317.1347636437,54333.81415043448,53822.516003177654,26913.99698763477,28138.49423389662,36432.47933630906
2012-02-22,497.2337504396845,91317.1347636437,54331.95522274712,54322.01863502648,26110.00406717144,27430.197436488514,37505.68991460274
2012-02-23,1295.3127868851711,91317.1347636437,54331.052794698706,53593.14823079629,25361.555491271076,26819.266739485804,34100.98884512387
2012-02-24,6089.006879501211,91317.1347636437,54324.317205320665,55416.02531783877,24806.683803611548,26495.284180929146,31888.002255970776
2012-02-27,-3119.8345451574396,91317.1347636437,54319.33330306021,53674.19727176898,24459.874323615557,26459.33971521079,31331.395219373127
2012-02-28,-5659.117763048763,91317.1347636437,54314.87200937475,54604.512509810105,24585.992742927407,27053.78555979579,35855.99636545204
2012-02-29,-10692.364811071458,91317.1347636437,54317.46281082071,54395.377004342416,24240.368358826363,26961.519326943016,35207.76113927813
2012-03-02,-7126.043678850726,91317.1347636437,54277.82130706738,53981.938182811755,23640.889364265586,26509.203717554712,35848.49434833599
2012-03-05,-4686.4461871779895,91317.1347636437,54276.162846571984,53688.97976700134,23094.55984968921,26149.936711223465,33911.14604166396
2012-03-06,-2568.080553647762,91317.1347636437,54241.90924733239,53983.91192023926,23544.775371005653,27104.080737348384,32696.974118379003
2012-03-07,11647.785125920836,91317.1347636437,54190.41803679114,54935.127198959875,24811.793779865136,28988.277899777455,35557.76651720917
2012-03-08,12693.239383172868,91317.1347636437,54189.51689506646,54856.831663698904,24139.72171172046,28348.959225265837,36091.571950384045
2012-03-09,8115.459934887225,91317.1347636437,54190.50943133216,53430.44817183573,24458.68627413809,28992.09927175369,31649.97681975887
2012-03-12,3201.9760862075414,91317.1347636437,53813.89635724969,54632.76446421906,24445.493642630223,28910.9885076414,32759.038970088794
2012-03-13,7811.289048782439,91317.1347636437,53796.32389298865,54441.39461093126,24139.416803005915,28644.884846100522,37397.324645651024
2012-03-14,-1986.1235225144105,91317.1347636437,53764.85389997401,54557.82728621086,24862.810895625666,29661.063550016075,34396.05195991925
2012-03-15,-3242.444747158586,91317.1347636437,53747.445056679746,53806.43654078152,24114.908634004336,28800.18620522576,33658.297246693044
2012-03-16,-8708.053491463932,91317.1347636437,53698.57129469517,54253.83885543739,23414.786379732093,28017.03253351313,37769.28778739628
2012-03-19,-6870.917083175511,91317.1347636437,53698.14121751956,52308.14763621912,22703.785158687824,27282.492038885728,29631.005782902183
2012-03-20,-7613.895538732841,91317.1347636437,53587.64499874541,52669.19806565274,22050.03841687071,26604.037848111057,35904.5008254459
2012-03-21,-1982.5375419833904,91317.1347636437,53546.09916312541,53331.48773160786,21766.535862178105,26430.317249663396,31613.002208647325
2012-03-22,-3899.8959510194936,91317.1347636437,53535.30965131922,52611.781381712484,21226.064625542655,25931.847120850885,30865.820107905733
2012-03-23,-3525.1286594257604,91317.1347636437,53486.75445158337,55291.85240125401,21352.457802274654,26288.761424068307,32368.89031028093
2012-03-26,-2875.125853811323,91317.1347636437,53483.38993937869,53271.68826326143,20800.019837580316,25756.338488209392,34845.18158667436
2012-03-27,2282.4831249187373,91317.1347636437,53437.360361166444,56060.424823222325,20169.328645370868,25201.173991443884,33615.52379343063
2012-03-28,-3407.612388097511,91317.1347636437,53434.478792473186,54320.3008518196,19796.38913079896,24911.64363464068,31498.904835210757
2012-03-29,-11083.427621807878,91317.1347636437,53438.09357658432,53520.69876586215,19765.49263781956,25029.712049348593,28071.81290204755
2012-03-30,-4595.4083370820645,91317.1347636437,53415.39149838887,54013.31173857635,19860.49281918942,25349.49210990671,30459.265825028706
2012-04-02,-19427.90225820383,91317.1347636437,53416.29240139076,53638.004404048705,19464.562215523114,24975.488344114598,28788.935973620424
2012-04-03,-29374.94573090125,91317.1347636437,53416.79994185183,53631.18107692528,20099.437270595667,25869.2839465865,34150.93811472252
2012-04-04,-22799.397308964053,91317.1347636437,53410.362847424985,52641.532674902366,19927.782032332765,25746.51491986578,31704.817023396026
2012-04-05,-3286.632281716915,91317.1347636437,53442.213438739986,53241.17024559929,24157.67826421531,30856.681345233275,35238.3453339592
2012-04-09,-7098.2918617161695,91317.1347636437,53442.64639051503,53985.64646421372,23619.639031089406,30059.549874399814,37064.45526369572
2012-04-10,7805.607278655508,91317.1347636437,53476.02603203957,53503.57581044978,27966.88625449707,35159.242754333405,40785.17329968802
2012-04-12,15835.78596810158,91317.1347636437,53478.53561383899,52702.9924234646,27719.33748919482,34544.84924930802,40281.18097692748
2012-04-13,9894.561898447151,91317.1347636437,53480.65956623864,53714.49339509688,27202.80031449471,33658.88108953254,37715.67682353575
2012-04-16,-3273.724899938513,91317.1347636437,53492.232922715586,52466.211390374934,28336.314603550043,34829.921044922485,44658.52772159585
2012-04-17,-5004.805419685334,91317.1347636437,53471.88169425147,55696.51767277578,27532.3491521926,33608.34655433003,39036.92338185229
2012-04-18,-11966.866381510192,91317.1347636437,53443.34150861192,52595.903773476195,26854.624266229872,32617.24453176126,36174.66877347835
2012-04-19,-14714.80943686242,91317.1347636437,53446.16265381783,53525.62850829978,26418.282836343533,31967.45932932795,36283.68324166791
2012-04-20,-12893.218861978363,91317.1347636437,53447.98870566672,53047.657887549685,25832.826443551523,31175.518802797003,40316.57482247085
2012-04-23,-4270.734595508393,91317.1347636437,53453.417870732446,52453.09108950718,25855.029898191922,31163.72749036759,38191.287126199815
2012-04-24,-1142.462009639481,91317.1347636437,53432.244763952134,52778.55571992767,25386.309246157976,30537.703268262416,37657.896231098326
2012-04-25,9912.528647358886,91317.1347636437,53369.47264868184,54642.57301055768,25318.303495508648,30416.215174540343,34361.52070640263
2012-04-26,7683.2267157580945,91317.1347636437,53340.92074125822,53433.33998171784,24566.303330114042,29493.9389364548,35229.984112435035
2012-04-27,6253.478669868865,91317.1347636437,53335.212267010575,53212.65070585212,23840.532247874122,28641.874995886148,35483.12263425482
2012-04-30,-3261.2387016226085,91317.1347636437,53310.42307380038,53568.01955408699,23561.49315155281,28364.235790668605,34214.133031245314
2012-05-02,1465.842231308132,91317.1347636437,53298.698658007525,53810.51475950107,22843.72921259818,27563.218123754927,36565.768700688146
2012-05-03,-10076.44691753044,91317.1347636437,53271.32865654698,53036.8313613307,23600.29697528343,28569.174710542073,32518.576198584913
2012-05-04,-7649.2944675326435,91317.1347636437,53243.38666695202,53150.78511890874,22957.382028538566,27862.736509915198,34722.3395021095
2012-05-07,-9337.518904502727,91317.1347636437,53235.31414644909,53866.74215663429,22441.00077554746,27323.094308605738,28253.868339818444
2012-05-08,-8156.153350829752,91317.1347636437,53237.02179366248,53072.583338959696,23031.61456077966,28114.471979853966,32751.3867549364
2012-05-09,-20314.023606032668,91317.1347636437,53224.799191887934,53922.383645949136,23121.470284428786,28286.31408816956,34223.44767010322
2012-05-10,-32091.0414006303,91317.1347636437,53216.20475160747,54399.78935838752,23355.967295422906,28632.01931945346,36026.61620827999
2012-05-11,-33600.99941235112,91317.1347636437,53215.9924649876,53111.02123577129,22677.59465823512,27848.035907064273,34503.234485947214
2012-05-14,-50947.891970853525,91317.1347636437,53217.287496575016,52588.73816355873,22550.57168109465,27746.353780000925,34821.60405498099
2012-05-15,-40431.68358310327,91317.1347636437,53215.38382062265,54173.02193511507,22685.045941827702,27964.465668153513,33901.774285168314
2012-05-16,-22423.979953354366,91317.1347636437,53222.83197552759,54782.661820427944,23955.44186581369,29505.676766025397,33166.14738421217
2012-05-17,-10208.781788430912,91317.1347636437,53286.75133704552,53995.03171956329,31691.31428952122,38726.50317659623,43813.235626244874
2012-05-18,-9144.48955907897,91317.1347636437,53277.02781988029,53498.42296676839,30733.80436188353,37208.613393578686,45667.56190474986
2012-05-21,17287.716880367923,91317.1347636437,53387.97851054186,52969.01781139261,40287.52182191296,48949.67595818155,58956.458562648986
2012-05-22,21653.10702832623,91317.1347636437,53395.22415995851,52671.908702714485,39745.77478313697,47517.264936183376,57309.9455063751
2012-05-23,8959.568392866686,91317.1347636437,53422.663968805246,53269.69952854082,40815.32682222831,48290.55841776594,57297.895481661784
2012-05-24,15109.166045435682,91317.1347636437,53422.461115833816,52771.992384204634,40023.79155639548,46637.51064647986,55347.28356419317
2012-05-25,9376.136613447072,91317.1347636437,53422.08173927694,54425.97075515769,38810.08000526108,44545.023764193065,53250.277868406185
2012-05-29,-15831.335051096663,91317.1347636437,53427.56372696272,53582.0554948297,38196.235297029765,43348.34869375645,53863.470106012566
2012-05-30,-19538.67807141064,91317.1347636437,53426.40531562445,53569.943319642574,39219.28620460259,44420.383466845735,54997.85615652928
2012-05-31,-1309.6978468637512,91317.1347636437,53427.54940736104,53850.819422515015,38121.835812804944,42610.095091036186,52294.09620888186
2012-06-01,-4475.001051627752,91317.1347636437,53418.37264480756,53623.1172199671,37006.19209881109,40880.54243272452,44095.8657377504
2012-06-04,6556.854593392835,91317.1347636437,53425.048576747715,52030.27480714448,36489.40037928087,40018.125433416724,61532.54313037198
2012-06-05,27775.877271135516,91317.1347636437,53518.99322362729,54476.99022971173,43641.58586959107,49459.2635748112,57596.12459665952
2012-06-07,20988.451078073933,91317.1347636437,53520.10049034812,54189.97348130148,43097.20680382008,48244.09465150075,57523.93692896722
2012-06-08,9111.323048559096,91317.1347636437,53582.41951301238,54314.81138408349,46544.370041679016,52512.04344362652,61534.9422636022
2012-06-11,10497.31202971875,91317.1347636437,53581.741235186026,53738.25094411766,45179.77537225711,50080.45487255828,63115.23617158481
2012-06-12,13429.83174947113,91317.1347636437,53589.88909145971,53526.14211539762,44425.667660800784,48613.08047036962,58960.602918575256
2012-06-13,15486.146484522176,91317.1347636437,53577.67763312868,52938.25992473578,43097.81461827922,46446.256234485816,51723.314916200805
2012-06-14,19756.382142490373,91317.1347636437,53575.8145569183,54821.75947115313,41787.4100834073,44387.76050064387,58147.66646024007
2012-06-15,8797.29762792555,91317.1347636437,53577.45021814175,53694.80498382636,40868.88390332212,42966.449230095255,54086.58439602918
2012-06-18,4247.948377439559,91317.1347636437,53575.55848864885,54704.21380618979,39626.17120060144,41142.27013020883,50886.37846760286
2012-06-19,-10536.440778254031,91317.1347636437,53572.241797078794,52355.4490315685,40003.183987797354,41728.02364026333,49562.986025556515
2012-06-20,-14212.354233225868,91317.1347636437,53574.74245533522,53799.21609082725,39000.99223497612,40292.51481843922,48189.82550340653
2012-06-21,-16237.511405906756,91317.1347636437,53565.95575084148,52250.08345063252,38139.576011061654,39128.049656699804,52058.48566787734
2012-06-22,-7516.948500760398,91317.1347636437,53575.01130051755,53266.02216361375,37962.96197802504,38991.312927006096,43488.22170529638
2012-06-25,8774.761978419716,91317.1347636437,53578.49008407989,52541.50279572699,37329.217650290615,38191.92004688398,45532.85421801117
2012-06-26,16912.57935775757,91317.1347636437,53584.476474799296,53362.49016788666,37000.410127258896,37862.59718880404,47237.442086822295
2012-06-27,22238.5252822822,91317.1347636437,53584.515637386394,53139.62892627386,35877.92374601882,36380.59399018027,49575.76713674604
2012-06-28,22604.813784021262,91317.1347636437,53559.15334797884,54747.966336957645,34867.7009095961,35133.07322299951,43274.122394477505
2012-06-29,16753.518426310202,91317.1347636437,53560.15824728776,53020.72891772874,33899.19983609047,33971.696122050555,40603.56015243143
2012-07-02,1642.3292021708553,91317.1347636437,53593.07202977535,52126.730879115225,35936.42566646492,37274.994018466205,49481.738689254074
2012-07-03,-4758.289978290968,91317.1347636437,53589.79311244618,54121.09042967116,34944.35294745339,35984.92204102732,41220.62165621695
2012-07-05,-10488.672811401353,91317.1347636437,53571.12384952575,51902.39779927242,34443.49174160557,35474.335698561445,44741.48692168542
2012-07-06,-21928.62180545187,91317.1347636437,53571.37293604111,52946.369886109285,33517.10849265566,34337.667136902724,46212.316311500435
2012-07-09,-11409.42616303137,91317.1347636437,53573.5656740243,54047.00726048751,32868.908138551895,33645.51381581103,42130.09550048406
2012-07-10,-7482.844693959867,91317.1347636437,53576.35042976464,52996.680634282864,32215.40811563477,32962.44523445756,37095.48905896039
2012-07-11,-2904.785711309977,91317.1347636437,53574.90121777875,53796.75386436523,31710.83595326417,32521.38086341706,38875.39628686792
2012-07-12,-7921.130054347369,91317.1347636437,53561.66618679431,52832.54125129943,30764.316222904024,31450.881224909597,39776.39842855845
2012-07-13,8504.00576646055,91317.1347636437,53577.369207258445,54026.08089289104,32043.056037024176,33619.26611604432,44196.02003184533
2012-07-16,1951.313562029534,91317.1347636437,53587.34654196201,53850.663163713936,32199.940619447792,34024.62702000723,44368.85145977321
2012-07-17,-9758.002200128116,91317.1347636437,53575.46932755322,52938.52266667931,31220.27494924611,32819.97892164682,42047.342884149984
2012-07-18,-13307.068097861526,91317.1347636437,53574.654023671705,53244.19935733777,30271.258668953345,31690.326230620907,39873.65357581158
2012-07-19,-18173.901634334088,91317.1347636437,53581.66315863006,52717.687142483526,30289.1301129504,31965.60750180629,45255.84649679126
2012-07-20,-18509.912642714156,91317.1347636437,53550.41702430694,53240.18644247639,30779.701299033586,32915.941632311304,40012.84442589929
2012-07-23,-5504.326302033954,91317.1347636437,53518.07626575298,52834.940157519784,29842.257959723862,31815.740901928162,38105.49224564631
2012-07-24,9055.449178511684,91317.1347636437,53550.67083622263,52214.718267637334,32425.202380244154,35560.896092326686,47838.47208372397
2012-07-25,17958.254440611407,91317.1347636437,53532.02949922686,53880.8149382908,31712.418588303084,34631.979140134965,40022.283667853815
2012-07-26,27279.48706674066,91317.1347636437,53558.32500189553,53971.43271463683,33655.91765125232,37289.45959177628,42330.74636457518
2012-07-27,16673.65494175141,91317.1347636437,53569.73396091335,55230.523509244864,33794.23871775795,37359.910531595444,47095.7209167283
2012-07-30,3469.7211310000025,91317.1347636437,53604.34369434043,52864.946883121986,36770.18385182557,41267.39431208642,53084.91501700671
2012-07-31,8437.29580356824,91317.1347636437,53604.0996051085,52956.79655760454,35864.241961687665,39767.693011962445,48643.77278546584
2012-08-01,3940.6405840527977,91317.1347636437,53600.04824916254,54455.358133493304,35504.52134289784,39110.403976716436,50015.54402906546
2012-08-02,7242.1026746062325,91317.1347636437,53592.31447860083,54535.27454829095,34470.55700498661,37580.327707757446,45604.162776043675
2012-08-03,17116.671108330953,91317.1347636437,53592.215920261704,53631.381672561365,33752.41675414083,36545.57306829878,46662.79616787049
2012-08-06,20004.286883932236,91317.1347636437,53590.8295007009,55701.98072437002,32724.46260449726,35141.81764827766,44554.909800690155
2012-08-07,11204.909669790883,91317.1347636437,53604.72188252,54165.4845564907,33340.23898521823,36022.68446709506,44866.07287223074
2012-08-08,13178.687922382162,91317.1347636437,53596.774019580575,53301.84796258267,32356.92620356798,34704.24622468629,41091.844382692754
2012-08-09,13975.070092101114,91317.1347636437,53581.22768444831,52883.81038116993,31462.487253023195,33566.090316744165,42732.099908331635
2012-08-10,8120.192568358976,91317.1347636437,53588.474276581015,53559.71632017051,31500.356134342328,33733.07039376844,41368.4357372872
2012-08-13,6912.820803196967,91317.1347636437,53583.72030807232,53390.65630071071,30745.655573500724,32811.61167651682,37723.633231918546
2012-08-14,7419.939100205594,91317.1347636437,53470.6685048061,53908.74800825723,29824.743452783005,31751.195362208146,41232.92401456866
2012-08-16,5860.467842787938,91317.1347636437,53460.26152349337,53525.876665187156,29186.308593028432,31064.589574203976,36040.70275561632
2012-08-17,5796.795687124593,91317.1347636437,53431.33856611774,52504.3469707945,28501.860084881548,30344.69689451909,37905.0681303526
2012-08-20,3115.3037185792496,91317.1347636437,53398.34798494205,54857.98574308255,27636.468113192335,29397.797407379796,35463.3518130617
2012-08-21,-41.38007017806056,91317.1347636437,53394.86416011075,52745.33085769331,26869.496622176837,28601.302330188504,32810.862055551755
2012-08-22,2770.0327309547956,91317.1347636437,53374.13833318284,54913.92660318482,26052.935749625398,27768.13133859994,35657.0114164445
2012-08-23,5738.232366364751,91317.1347636437,53368.68601325357,55434.62827030149,25336.335061721125,27088.936036546893,31758.042446505937
2012-08-24,-1102.0181561465524,91317.1347636437,53367.37543814383,54765.93375620041,24788.97460893569,26664.077896622064,36575.78189906171
2012-08-27,5312.825279005365,91317.1347636437,53281.74548003702,54668.16107938455,24222.440412669108,26247.801109995544,37224.13968896935
2012-08-28,5832.305388556161,91317.1347636437,53281.09546122678,53542.50802304687,23570.962896521705,25681.807902143897,30726.135524397447
2012-08-29,-2459.785895144889,91317.1347636437,53266.50678452159,53019.9573501758,23084.26113114945,25364.861355285906,29001.491857862286
2012-08-30,-2013.6472099901896,91317.1347636437,53262.096492300385,53110.62133925877,23109.549662386886,25743.424958116102,33575.641554368296
2012-08-31,11931.301633904619,91317.1347636437,53223.80273695486,53351.179177082144,23044.105191179704,25994.34724231759,29085.59229098166
2012-09-04,6431.439716765628,91317.1347636437,53227.19925062202,53910.12589603976,22929.45424065664,26061.95822833623,31964.17927999438
2012-09-05,8327.682990920088,91317.1347636437,53209.807208564845,53574.10975442416,22272.176402618697,25409.240788129424,29928.672834507583
2012-09-06,18733.677810899277,91317.1347636437,53208.42723516044,52509.738915010996,22796.031680491466,26300.718590809553,37110.86654024963
2012-09-07,20045.941509245888,91317.1347636437,53203.65908525352,52759.711669726516,22988.88803057127,26669.13195888078,34000.70328861524
2012-09-10,15500.756861849288,91317.1347636437,53224.684600593624,53501.868150464325,25496.591724167785,29845.29660747582,35220.75883987005
2012-09-11,15967.150343539974,91317.1347636437,53221.203351049786,54012.006105693756,24789.084956531886,28881.67135098053,35411.783536699004
2012-09-12,17938.79409844031,91317.1347636437,53206.578313631755,53275.19060386161,24057.33308361533,27974.41566931825,31463.529250917767
2012-09-13,16668.286273971462,91317.1347636437,53211.10778045363,55021.20165496654,24072.298219793323,27984.32427684156,31960.656195687
2012-09-14,8201.45152469882,91317.1347636437,53210.070633621544,52737.003941289615,24671.139036868983,28709.2279440918,34594.41677175565
2012-09-17,6672.262972270783,91317.1347636437,53180.45475119452,53232.52039276069,24810.711130823987,28882.79659063858,35647.418967748425
2012-09-18,8161.952823796354,91317.1347636437,53180.61244326052,52937.28731570363,24087.695629824993,27993.982848204418,32381.651791561482
2012-09-19,-2278.2398521857026,91317.1347636437,53152.32525867721,52887.642257436935,23625.721508950097,27474.44260451534,32150.234783973134
2012-09-20,-8540.397699450741,91317.1347636437,53150.80711153892,52444.542684107146,23312.534489305654,27138.068609442536,32708.59108961621
2012-09-21,-4602.873136388243,91317.1347636437,53144.23175050153,52866.835213987804,22774.009443189705,26545.742107111102,31936.94633469515
2012-09-24,-5790.886913820115,91317.1347636437,53144.92720069294,53947.11937296582,22562.768536002728,26372.601239095045,32499.315511857545
2012-09-25,-3336.6102560677173,91317.1347636437,53143.46564635773,52994.72086951228,21884.81039422509,25632.888804464666,32556.199390008005
2012-09-26,7663.658939378867,91317.1347636437,53149.84822444182,54239.349935422746,23342.362412180864,27571.670433952408,34584.081024496496
2012-09-27,11672.404188773879,91317.1347636437,53148.1041516123,51774.56063918166,22922.826204515506,27108.87731584832,32959.84155099675
2012-09-28,9119.004032777977,91317.1347636437,53142.62931185804,53536.943590284274,22335.72049389092,26451.346219185114,32007.68231273548
2012-10-02,4533.993371743538,91317.1347636437,53109.55320531761,52787.2350755536,21879.97526291602,25974.95865550803,27991.97092236818
2012-10-04,-6354.748401149501,91317.1347636437,53111.44008083023,53607.23940419106,21545.537508680467,25673.631233330794,29802.310606434432
2012-10-05,-10878.546214314225,91317.1347636437,53090.62720380032,52998.82571849498,21324.589180898478,25521.338784170857,28433.295619537796
2012-10-08,-10440.386787131856,91317.1347636437,53079.4341140497,53177.16860290833,20726.686757933207,24893.260533484445,28087.82847921533
2012-10-09,-13471.68518555133,91317.1347636437,53078.48667035892,52505.499966921394,20121.51291744683,24278.935600149984,28409.353700947275
2012-10-10,-7481.440260950803,91317.1347636437,53073.53085331309,52973.15823930362,19696.48909210668,23917.851079645483,29188.297786247756
2012-10-11,689.9188424216367,91317.1347636437,53089.858768493315,53774.65919723839,21605.66930609892,26552.033924105643,28602.406935511113
2012-10-12,-5444.696745454524,91317.1347636437,53088.55744271677,51401.17317994987,20999.476253626064,25839.101906815715,29441.54269251329
2012-10-15,-9864.317931257274,91317.1347636437,53085.26746278907,52577.30726259205,20459.883941132222,25244.90017897793,28329.31977160965
2012-10-16,-5036.250285936966,91317.1347636437,52660.61745667345,53190.78682171637,20430.3888417586,25275.236663745858,30170.234211977775
2012-10-17,-12704.348898304837,91317.1347636437,52646.61180510567,51423.138086559135,20409.433691975573,25337.95034756259,27457.392130820128
2012-10-18,-15830.405363961581,91317.1347636437,52646.5867174192,52215.84694536305,19790.044968150407,24647.377003228376,26154.43502802774
2012-10-19,-10252.858996727677,91317.1347636437,52660.52854815034,53381.5542976693,21319.442143645643,26660.258781292985,33036.60237358141
2012-10-22,-16575.946150013104,91317.1347636437,52473.43188281664,52509.60178278919,20982.786793457784,26231.828676006808,30489.875918320617
2012-10-23,-12407.862327229013,91317.1347636437,52422.58305809933,52650.98950114703,20382.677009270974,25508.58925255863,34929.86376267989
2012-10-24,-7913.686548756355,91317.1347636437,52426.73552653936,52267.9410755356,20348.781760429425,25518.724404199067,31627.289297063802
2012-10-25,-2297.4532922193553,91317.1347636437,52428.89273756706,51381.21232872293,20068.652998152666,25224.7030976461,29191.923449686707
2012-10-26,50.98790209179965,91317.1347636437,52395.13441611249,52045.8204224352,19579.777272598905,24692.898351050695,29101.40398033374
2012-10-31,13781.931575237846,91317.1347636437,51989.33674281845,52819.921510271764,22281.682199630577,28068.048986702128,35186.43378358744
2012-11-01,6369.338275649622,91317.1347636437,51987.63262311041,51350.113810877854,22580.732396569914,28293.92628228636,33789.76882613328
2012-11-02,999.7857245133334,91317.1347636437,51981.77599916865,52618.712390583205,21910.269719999495,27356.659917667308,34720.97385026525
2012-11-05,-2178.528752482669,91317.1347636437,51839.53903763736,50584.242944333935,21525.77681250282,26840.242730996648,34310.96929516874
2012-11-06,-2347.886344181685,91317.1347636437,51797.298956556326,52411.31708996613,20885.558079494105,26049.986559502093,28469.635443194427
2012-11-07,-12781.572546134865,91317.1347636437,51801.19996223842,51397.79763838734,21071.67525359092,26275.74643117478,29563.733241978625
2012-11-08,-18563.955187567644,91317.1347636437,51798.410112165846,50764.8512369,20630.64001172766,25766.228689738422,31640.84951253498
2012-11-09,-22204.774111140912,91317.1347636437,51795.037835226,52660.17014821187,20873.465144237718,26068.951756378985,29630.001521956074
2012-11-12,-27268.327653162447,91317.1347636437,51787.85967454607,53326.15073242466,20245.62585478801,25370.115403870434,27887.820292656826
2012-11-13,-15810.55941324051,91317.1347636437,51630.69790744314,51924.86149977792,19637.72214026122,24729.014710773085,27124.31260955298
2012-11-14,-7441.142483609308,91317.1347636437,51633.2671751881,52214.483532264836,20450.68764128811,25716.99821171688,28788.71440184555
2012-11-15,-2268.2639627318276,91317.1347636437,51650.92473217893,51883.998359572106,22315.75780532106,27810.194915742955,35640.99151142856
2012-11-16,16093.59888931413,91317.1347636437,51588.0895356207,52031.73847882424,24096.0933379398,29714.472761858662,36577.226320009584
2012-11-19,19847.351883574243,91317.1347636437,51240.082696112026,52599.376308327315,24394.765582624073,29882.879641609772,33853.301697854775
2012-11-20,8051.3837731533495,91317.1347636437,51202.70384034184,49288.77749777473,28108.913310409454,33987.48837129289,41889.11877097771
2012-11-21,6631.183459269364,76244.64433955534,50756.04942202873,48832.43578630504,27439.72352727196,32861.61098299454,33646.89318161291
2012-11-23,14815.751885911617,74301.31339812269,50627.32402963721,50245.59158224064,26852.840531398055,31901.4085280946,35532.39578904392
2012-11-26,5846.056866953361,68405.89562728754,50404.70718393108,50817.41508391909,29006.613896378443,34208.15393334444,38393.50247903529
2012-11-27,7034.749765685938,68405.89562728754,49807.23478758782,49258.21039739982,28212.008986000972,32980.94556924483,35196.60337045234
2012-11-28,8161.457850246037,68405.89562728754,49553.92826953213,48926.84663150685,27353.019012260473,31740.00576104129,35911.68736713856
2012-11-29,6093.835370205356,68405.89562728754,49293.076833064784,49479.44492754458,26556.110482852997,30651.24239829315,37479.65373166681
2012-11-30,-2234.99060948252,68405.89562728754,48885.070299194755,49203.04461726504,26624.842535053558,30637.698465854017,32532.887341031757
2012-12-03,-1674.7597335343667,68405.89562728754,48863.30293267017,48789.635898485496,25849.567083777307,29647.47854202639,35024.11596513
2012-12-04,-605.9926039691843,68405.89562728754,48775.62641157123,48508.20179809045,25072.575228202528,28710.590812830127,30580.12948659903
2012-12-05,-3909.521842615251,63024.15080975033,48750.87016118162,48438.10748375047,24361.003996371554,27900.10423982024,30907.85083861147
2012-12-06,-575.0674941572839,58510.306736262006,48333.80562624384,47939.47385500783,23651.664676206914,27124.65367858621,29483.08811449102
2012-12-07,6266.663372920149,58047.25841235369,47951.16461498898,48693.581571739516,23249.19831848057,26746.35629380626,29473.43761806732
2012-12-10,3955.5648432414837,57769.17137554328,46711.018728913325,47153.310746688636,22636.174159695336,26106.449768578455,30972.376120914454
2012-12-11,422.6928031544662,56623.019958383156,46581.66163711859,46000.45271093771,21955.81643896732,25440.86048045903,26421.167889308843
2012-12-12,4429.8142297167615,56282.337905288114,45932.673611810686,46169.01605047003,21446.948520028105,24987.14870640664,28271.094338384457
2012-12-13,784.1798088715326,54358.64686518195,45848.86215588887,43721.31380450027,21009.40840025737,24644.705124155724,28199.156547923936
2012-12-14,-7728.630425967174,54358.64686518195,44801.030963350946,44092.8923063973,20946.994543731875,24679.053780540406,29307.281502107082
2012-12-17,-4772.06057877096,54358.64686518195,44689.66295960585,43727.041210068004,20327.51219691128,24116.4611324305,28955.33053398925
2012-12-18,-2887.643428776308,54358.64686518195,44608.23999121509,44091.94865548294,20083.652665438207,24015.51528011069,26850.98566583323
2012-12-20,786.032722908953,54358.64686518195,44412.681816031305,43935.126306563914,19630.51743772613,23660.468498276787,29359.34470107347
2012-12-21,3237.701527751827,54358.64686518195,44411.46366007687,43178.604528519485,19103.15669191026,23238.433435915977,24437.90751480081
2012-12-24,22800.7719061629,54358.64686518195,43457.688779812146,44684.33094772129,19457.06952778393,23733.20314127761,25837.8052786322
2012-12-26,16004.995635569629,54358.64686518195,43248.863393092724,43898.473399270486,19085.44008921842,23432.4770152551,29589.94400583857
2012-12-27,20431.85118520558,54358.64686518195,43239.74525101984,43086.67884749265,18561.831727009707,22993.663316440627,25780.86625626032
2012-12-28,15990.19111506261,54358.64686518195,43176.20234976241,42334.76885496526,19372.839801252398,24126.718749182346,30141.184339477662
2013-01-02,13106.63195760351,54358.64686518195,43103.49530226404,43253.85016737791,18841.065588728226,23630.51651867011,25826.471969771454
2013-01-03,-307.4488280711491,54358.64686518195,43166.40547274908,43282.090384127856,26331.943403918736,32339.223554606855,35086.56061015849
2013-01-04,8492.826332213159,54358.64686518195,43169.18338970538,42684.48393569958,26172.009691136263,31898.063779985187,36561.78181465439
2013-01-07,5190.542493132357,54358.64686518195,43138.96628320171,41535.97509126209,25716.173590946688,31144.107383182258,38145.054516388765
2013-01-08,4009.881154726544,54358.64686518195,43078.27377725283,43036.856355892996,24978.588734872385,30112.702995808544,34507.81697204605
2013-01-09,1047.165357111364,54358.64686518195,42885.614270239836,42949.41209610679,24316.630713985116,29201.140252222543,33819.97940804563
2013-01-10,-1008.5533494041063,53213.345172153684,42035.7553285421,41739.22467684037,23650.149719467434,28276.888297426565,34314.63807172422
2013-01-11,-6082.34313570894,51862.513503020935,41475.577080680436,42416.99749165768,23568.659398403932,28120.94143754658,29501.271961639202
2013-01-14,97.70474978530557,51862.513503020935,41475.55828403532,41918.4640042299,22850.683997846932,27283.287026121307,31521.970917593364
2013-01-15,4608.051700254646,51862.513503020935,41434.22162784713,41297.25920625084,22154.561586995795,26509.784506977037,28206.83199917297
2013-01-16,6142.0521440596185,51862.513503020935,41182.33753491409,40934.56760690529,22293.04573402037,26696.621235640843,31781.729476873024
2013-01-17,2024.6848420941171,51862.513503020935,41003.082150787624,41383.211511816204,21626.785460368636,25966.843379083864,26600.065485740066
2013-01-18,-646.2338652056641,51862.513503020935,40812.905128292965,39594.97992655752,20992.456513023917,25306.158512215694,27928.44966499476
2013-01-22,-9981.081231559301,51862.513503020935,40815.274853247625,41896.96700576544,21812.043770725133,26327.924407194212,28847.708364331374
2013-01-23,-10946.574623142897,51862.513503020935,40801.01354204989,39771.97052643709,21916.6841940149,26490.153347641404,27885.18088822807
2013-01-24,-8817.429436097887,51862.513503020935,40753.9496964298,41499.639389922915,21624.51422024044,26193.44583602066,30950.51523133697
2013-01-25,-4428.784594795118,51862.513503020935,40699.4616636982,41324.390907053814,21805.326655692035,26437.146814850516,28676.783224425893
2013-01-28,-20.309974572345606,51862.513503020935,40226.24791528019,39579.45256630292,21597.622389016582,26252.381765217015,28776.544417237
2013-01-29,121.27019217697587,51862.513503020935,40228.061075202204,40025.849367037554,21327.876945958644,25967.937548556005,27335.34212648466
2013-01-30,-5247.421753993718,51862.513503020935,40147.54017447541,40592.82926136197,21167.440698214312,25828.791526706093,27864.34745627841
2013-01-31,-1393.9104797332357,51862.513503020935,40147.93006905698,40267.451955108314,20563.69127803729,25177.234766100304,25918.643293022982
2013-02-01,-2373.2865120350275,51862.513503020935,40065.04261623645,39935.011961459495,19941.2606216034,24537.791449684282,30062.257545280107
2013-02-04,2316.749520909444,51862.513503020935,39923.55405078511,41083.56105665641,19370.965291733406,23987.49662941735,27767.332504192833
2013-02-05,3822.6708834915944,51862.513503020935,39807.772482931454,39928.630200727406,19175.498750967752,23904.947428838528,28241.87171144853
2013-02-06,10885.40167632607,51862.513503020935,39808.8089657707,39185.90521055707,18735.016267336014,23496.932978502922,28858.03360143991
2013-02-07,11958.298336443324,51862.513503020935,39809.877960656166,39616.728778867284,18519.66363889148,23370.548183855706,30362.45905352254
2013-02-08,13951.125632222273,51862.513503020935,39809.27460918454,39749.781311568666,18030.988160017812,22928.016872810702,25152.361243619183
2013-02-12,14145.453049771184,51862.513503020935,39814.750634555465,39642.79713756582,18897.159040665945,24059.26374169795,27372.944631075803
2013-02-13,19464.30011650242,51862.513503020935,39730.04371299706,39034.00861456735,18425.114008963224,23603.078237135524,30512.35634322685
2013-02-14,11371.675016997058,51862.513503020935,39723.76854599997,39427.28961895153,19073.130113695213,24416.95564581759,30384.72918122128
2013-02-15,12270.574268782482,51862.513503020935,39727.356759285525,38603.56046456351,19150.33963721108,24535.746471945964,32404.75229843246
2013-02-19,7191.002255764578,51862.513503020935,39723.78885682348,39689.54555551329,18588.30172182787,23942.74274050109,26476.06937638643
2013-02-20,1846.1101347066724,51862.513503020935,39701.95288993286,39820.26238156992,19491.06192676411,25000.51959066236,30539.706814385147
2013-02-21,3866.7024142583114,51862.513503020935,39601.90234416723,39212.38537889772,19503.720983378247,25016.468805425287,26201.4765817046
2013-02-22,10806.972703240248,51862.513503020935,39600.99744057616,39406.091746624275,19254.470542775813,24742.817635390453,25882.715101184174
2013-02-25,6823.822885458548,51862.513503020935,39574.51818283685,40040.281685623115,19646.463163924556,25187.96586099653,30066.696496338544
2013-02-26,16799.28521149015,51862.513503020935,39575.409657728786,39670.40716442171,19848.876701490884,25410.57466546778,29016.340154750043
2013-02-27,16488.288954968582,51862.513503020935,39571.84961919026,39755.17992267276,19253.962348974437,24754.328031178546,26288.11770292192
2013-02-28,6731.653722176892,51862.513503020935,39557.37792603756,40939.68755118239,20080.774457549498,25690.0142630959,29775.095728183533
2013-03-04,3512.702486636226,51862.513503020935,39487.1799283138,39604.58219368659,20155.417288793153,25735.228636773914,26901.766001298947
2013-03-05,2060.339775055649,51862.513503020935,39477.89569582569,39721.611153967126,19569.475678229246,25080.905012584266,26802.880916244325
2013-03-06,-3117.304746671346,51862.513503020935,39485.319696390674,39472.62361349098,20268.477891237384,25880.366815851354,28913.84654345375
2013-03-07,303.2018109052383,51862.513503020935,39156.34384827231,38895.21676589187,19652.214112145724,25116.120882540967,25375.949492869306
2013-03-08,7764.305633292192,51862.513503020935,39109.11583583709,39403.28520678759,19706.66674258162,25173.951655157718,27095.06210171077
2013-03-11,5952.673042525412,51862.513503020935,39043.75240112234,37938.63502514907,19138.745496016338,24544.750908230333,25186.082379867028
2013-03-12,-2553.2951727326968,51862.513503020935,39043.57189008203,39369.164003129554,18573.057963578776,23970.65955952735,28417.213849446027
2013-03-13,2598.1771736989494,51862.513503020935,39043.04825681729,40504.6683952012,18015.09948586312,23430.287148494255,28960.539956684574
2013-03-14,-4425.434312765595,51862.513503020935,39022.644709480206,38460.263348252185,18055.563193163118,23572.82695650832,25477.457412894895
2013-03-15,-11238.711732415473,51862.513503020935,38672.54001110687,39856.89073413036,18068.548862112246,23654.635713595846,26140.056934354525
2013-03-18,-5638.31507312216,51862.513503020935,38646.614882809256,37942.22155570918,17558.806006974046,23133.64223860795,24911.393784117434
2013-03-19,5768.710676445636,51862.513503020935,38663.344352326676,38846.30116862558,20623.424416744372,26667.322510052916,31916.604889055317
2013-03-20,3311.1580541616963,51862.513503020935,38671.97211093488,37651.028807997136,21216.889450958617,27225.469157900974,33763.18532216702
2013-03-21,8356.07275637551,51862.513503020935,38647.30181168408,38074.760565102646,21030.483453613295,26879.189331412137,30262.624665266234
2013-03-22,13993.407376267798,51862.513503020935,38631.81637681661,37434.099985383815,20819.101253913228,26539.03101918562,32152.069025286346
2013-03-25,9784.07056524817,51862.513503020935,38634.81440229635,37264.64965478716,21041.067747589914,26725.533357941593,31535.321578284565
2013-03-26,6563.336635626219,51862.513503020935,38557.16353040997,38816.58417594522,20604.29105300684,26133.159488406003,30987.108113175185
2013-03-27,3788.162569331482,51862.513503020935,38555.56516023388,38329.948910166066,20366.17418364357,25836.744253797257,31281.31602417599
2013-03-28,-58.42016867084552,51862.513503020935,38532.24729099781,37510.82865139967,19852.27464038038,25240.13136446599,26979.051078691464
2013-04-01,-10331.677344773107,51862.513503020935,38528.68097966292,38612.70721647876,19476.36412043255,24841.110368847887,28272.94450687653
2013-04-02,-19834.3084598863,51862.513503020935,38528.54087491555,38821.1064173797,18891.869721765943,24229.85373541165,27542.489302464895
2013-04-03,-17938.812612961137,51862.513503020935,38523.63539910644,38627.9238562653,18356.275619200802,23707.72766292386,28906.621290724597
2013-04-04,-11217.134290877353,51862.513503020935,38205.02893730496,37844.18724990768,17802.222206946946,23126.637238129424,28617.540495942576
2013-04-05,-1604.6748643491326,51862.513503020935,38207.10466758148,38532.86764160637,17493.18256229896,22911.979301531068,26223.643593815676
2013-04-08,5032.752856896973,51862.513503020935,38198.51678028251,37711.63382171675,19746.523442820795,25644.128721454315,31333.703644067664
2013-04-09,11422.039791120036,50956.90288729631,38030.13497667739,38097.81326171952,22349.103325578333,28581.022398746994,34921.38590667166
2013-04-10,15771.030583764494,48774.27813275767,38023.4210160642,38658.68505329201,21701.74812891862,27621.971737071763,31850.217285521816
2013-04-11,5594.69903050535,48774.27813275767,38034.48063173657,39186.65314809071,22881.916194989495,28882.706593051706,35670.50492012172
2013-04-12,-9787.735945690543,48774.27813275767,38014.47822786256,37636.80259009313,24094.43132961272,30123.61183333519,33717.86847892987
2013-04-15,-9957.317020583801,48774.27813275767,37977.125824870585,38619.44064187524,23419.020545216565,29035.742611456983,32636.958916330044
2013-04-16,-854.3582190885211,48774.27813275767,37979.814812060955,37992.82588937532,22957.156467009823,28304.202999584006,34286.476243673045
2013-04-17,-1417.520815987356,48058.83580774902,37664.514710863536,36552.91555685236,23257.813858930338,28564.12956823035,32703.922876829052
2013-04-18,8202.975419505461,47932.74580487528,37667.57286408169,37586.34300994823,22896.722356350376,27967.56894973874,33744.97123254482
2013-04-19,17070.359654481454,47932.74580487528,37539.04868498165,36819.250202580995,24430.15707385516,29781.15708622113,33963.54583111308
2013-04-22,20716.92929258087,47932.74580487528,37521.9912185134,38926.280285984045,23759.760971256757,28714.09833022817,29215.383980728955
2013-04-23,16803.105834176553,47932.74580487528,37534.65509549134,37925.638560783904,24455.10603398007,29429.425636542106,30356.92742239476
2013-04-24,13640.315657939276,47932.74580487528,37504.21732264559,36608.38853482727,24464.633557001864,29260.591333148248,35774.66632427443
2013-04-25,5589.659516534457,47932.74580487528,37409.20346574718,36127.90547408877,25124.58019739488,29933.91614326201,33656.41218534859
2013-04-26,8442.918781738457,47932.74580487528,37328.417598730244,38043.34202982394,24383.978285721478,28817.426268352006,33823.63287371928
2013-04-29,6674.060828412573,47932.74580487528,37285.64458071801,36860.1584592945,23803.409614249726,27986.664130180205,29189.050257309565
2013-04-30,7062.04563825894,47932.74580487528,37284.96017914085,36890.25077171191,23302.178807610035,27321.367976025558,30852.8639312463
2013-05-02,8408.104128023962,47932.74580487528,37279.90632178768,37726.599948919364,22680.567617874018,26556.25223206219,28560.138142622607
2013-05-03,10452.426914872576,47932.74580487528,37139.41262493968,37138.51949101945,22077.99074178734,25864.22340657594,31172.004842697017
2013-05-06,379.54044328495934,47932.74580487528,37038.87209353281,37109.67547583661,21922.84341986347,25780.14238397494,32029.340526636966
2013-05-07,-1706.9175077485677,47932.74580487528,37007.531031497994,37810.721198111234,21261.364077894836,25068.277416935987,28093.42354223129
2013-05-08,-2868.254802538256,47932.74580487528,37009.52653189664,37171.18803028404,20946.09661295322,24843.29673238994,26907.320513126302
2013-05-09,-1244.3757642972087,47932.74580487528,36742.54349981648,35779.41987009826,20644.84535089223,24620.438035124378,25758.327349708317
2013-05-10,338.7655848633897,47932.74580487528,36742.432386595865,36924.25905098316,20025.880725404288,24021.675561721117,26564.638302784024
2013-05-13,7544.992064193536,47932.74580487528,36745.69587352993,37756.34807262773,21037.62218973559,25528.998233644863,27000.22589669639
2013-05-14,12493.499952784923,47932.74580487528,36678.05271971489,36532.3113837763,20508.455696010038,24956.295434380943,26821.303271954203
2013-05-15,8951.583786127867,47932.74580487528,36637.82308584321,35308.97323337642,20009.151935181424,24473.073106564363,27070.294801292624
2013-05-16,-1316.0213695287935,47932.74580487528,36464.90254226446,35909.55736714634,20243.288911258544,24890.135283375173,27745.571604517143
2013-05-20,-834.3474015937348,47932.74580487528,36422.96084876601,36179.81030362608,19804.526031524092,24467.668765795406,26948.994509741005
2013-05-21,3599.131137857388,47932.74580487528,36334.353452302596,36657.82777214579,19231.67657791632,23890.17717949967,27899.18014804324
2013-05-22,1428.662929423724,47932.74580487528,36205.26939730644,35748.444233886636,19105.879436323547,23865.750085743577,26939.804061901898
2013-05-23,2062.9694923283737,47932.74580487528,36207.061215272464,35217.986659578586,18663.12021211088,23527.45836437485,27830.700780894607
2013-05-24,2214.2512027730877,47932.74580487528,36213.14926161695,35392.79170076802,19511.475713069198,24772.02999303578,27411.438581915045
2013-05-28,-3631.240213075896,47932.74580487528,36214.81263605011,36129.35200143061,19196.34840911257,24539.760475691364,26401.881052925168
2013-05-29,-14419.769740568188,47932.74580487528,36221.53811720322,36638.007290523274,19791.440814915477,25445.869074243405,28658.8416186979
2013-05-30,-27227.13843103829,47932.74580487528,35907.05045532397,36367.7753750488,19239.66240750972,24750.230726612106,29813.124852385
2013-05-31,-33112.96111550711,47932.74580487528,35772.77744091033,35880.72945965312,18711.190541667816,24292.554744545258,26103.4113937088
2013-06-03,-21900.08182174915,47932.74580487528,35783.50728679974,35593.37801402737,19483.569065519216,25321.04375890575,27945.81800258258
2013-06-04,-21708.091945344444,47932.74580487528,35787.013538940846,35138.75714152253,19348.219952394054,25123.121872223957,31369.330851234314
2013-06-05,-21595.46541448724,47932.74580487528,35799.682116354044,35217.5083551522,20027.652510199423,25977.400353905206,28436.129115740237
2013-06-07,-10393.082687254126,47932.74580487528,35819.98031090386,36394.417788560146,24485.91014193354,31598.85239234769,34919.079343759724
2013-06-10,-5854.87951873818,47932.74580487528,35834.558698593355,35623.623186411285,25377.128557009702,32283.68017396226,38296.05977890008
2013-06-11,-16454.253885751197,47932.74580487528,35828.29398336183,35308.183509120114,25630.424385226765,32096.70760652379,37552.68453548292
2013-06-12,-4639.309472853579,47932.74580487528,35814.10900799426,34623.54466334492,25160.20962448276,30993.853245287908,36328.03567754161
2013-06-13,-9146.230503167697,47932.74580487528,35810.50785573239,35136.90751507468,25343.15562802976,30897.509115765683,34171.16092135909
2013-06-14,-23921.42959154263,47932.74580487528,35807.24153017575,35827.305328311,24579.51504288948,29556.53934481558,33858.72025633506
2013-06-17,-29422.868248615312,47932.74580487528,35799.943242472094,35626.18358121596,24042.58816005193,28633.3002679598,34646.35074930942
2013-06-18,-37360.21764591044,47932.74580487528,35605.92859593832,36415.59658232708,24153.06433295534,28680.14315937621,31322.90011983425
2013-06-19,-60574.8316785069,47932.74580487528,35500.26786947847,34110.61490865765,25920.560597104257,31041.244794653845,35609.59854153934
2013-06-20,-40670.1751056873,47932.74580487528,35515.613808637405,35068.516131232085,28119.176789118213,33805.71081382956,39208.174791482816
2013-06-21,-5878.4078363004755,47932.74580487528,35498.18453639971,36292.98422043192,33500.89292994013,41407.63159042446,43677.27468124319
2013-06-24,7926.386655562069,47932.74580487528,35518.65443975263,36445.72981899046,34042.65062056158,40961.50157638638,45074.49823598794
2013-06-25,25429.03773953887,47932.74580487528,35582.407865391026,36328.51661017552,36872.801975714305,44205.94656773843,49989.68719032389
2013-06-26,39365.79325499918,48058.83580774902,35628.02710719967,36070.176399832024,40237.294508300416,48369.20316506111,55086.33492420538
2013-06-27,22276.804315465564,48058.83580774902,35664.32536445053,34945.5216514115,41041.519480849754,47902.12433405204,58866.14037849559
2013-06-28,4197.136925856507,48058.83580774902,35804.00391790899,35822.37984438522,46919.67245373221,56051.82500107364,63920.54926347233
2013-07-01,-5674.982041798152,48058.83580774902,35815.488236170495,35207.06666178408,46087.51683165285,52423.109307677114,63076.059670595096
2013-07-02,-4518.946825427254,48058.83580774902,35818.53210958504,36174.55032746009,45066.500090540234,48970.446347430436,56063.51427489011
2013-07-03,-7442.103865388116,48058.83580774902,35818.12590274471,36303.92451555583,43699.335277851984,45287.766377480315,53292.061897537365
2013-07-05,18282.812847020785,48058.83580774902,35827.005786263915,36281.7862629781,43319.01094994984,43748.51987175426,52200.88593218915
2013-07-08,18870.88182240959,48058.83580774902,35787.16711735872,35592.55799726879,42038.96740120786,40733.33826083221,46569.792692669456
2013-07-09,24382.43891264376,48058.83580774902,35786.51398933766,35728.292771204215,41086.59888048488,38555.65938504119,41220.70450436955
2013-07-10,19471.450859179113,48058.83580774902,35750.5017560845,34247.28753101859,40504.788888200375,37388.684002759524,46863.03074442098
2013-07-11,29454.66222235614,48058.83580774902,35734.250510800404,35708.69013498969,39520.270530965936,35460.04784128377,41295.831911145426
2013-07-12,9181.581675039643,48058.83580774902,35829.907201340895,34525.03897788104,45080.87895588443,46314.38640070437,46826.00685622839
2013-07-15,8529.946024152357,48058.83580774902,35739.95647909122,35100.47230864753,43783.27422780889,43295.2460909129,48818.73492651813
2013-07-16,8424.340388281891,48058.83580774902,35711.32890707022,34927.35950478003,42489.280953698,40493.47058803734,48440.93903683018
2013-07-17,10197.772209563891,48058.83580774902,35671.8391599194,35711.102719817165,41208.998523345894,37952.948631673346,39624.18071077871
2013-07-18,2994.500113831298,48058.83580774902,35645.22413570672,34763.246072345326,40804.07796308913,37312.17740078052,42633.90319879823
2013-07-19,4545.069021090681,48058.83580774902,35646.58629987426,35641.68827353242,39615.66819764405,35155.741708866364,40066.04535868019
2013-07-22,5310.509130712728,48058.83580774902,35646.86981811342,35700.370919232344,38448.38500617816,33179.05506429229,38353.91985922183
2013-07-23,-903.200293391488,48058.83580774902,35581.80836417221,35353.97144302427,37316.044322702925,31352.22184074479,32848.37928452946
2013-07-24,1250.911578257836,48058.83580774902,35583.8647576777,36520.67943680297,36332.91450284372,30116.57493766778,36387.2568948
2013-07-25,5272.885066604824,48058.83580774902,35582.60371046465,35449.86641881431,35237.33143035909,28704.31379994527,32767.472480756784
2013-07-26,4959.2883318492095,48058.83580774902,35560.929604071425,35515.63011775808,34164.019757133996,27434.287881673852,36290.986127902244
2013-07-29,6715.707589424981,48058.83580774902,35547.54309462281,35530.89111840597,33234.674978191295,26619.606081025326,32023.192177353907
2013-07-30,11685.517111755786,48058.83580774902,35552.11087021909,34869.51185061201,32815.71432175963,27069.38257982463,31565.425353379105
2013-07-31,4636.3057830900625,48058.83580774902,35551.18100823055,35682.662392594604,32392.277673064305,27367.170021078276,34644.10325647931
2013-08-01,-3650.028095182717,48058.83580774902,35514.603051438586,35837.004782554824,31689.585003506192,26975.22577276308,33099.27407222438
2013-08-02,-911.0450823171219,48058.83580774902,35509.146882644345,35134.95317199656,30728.32519336793,26011.798107532264,32866.040438180855
2013-08-05,-6123.875099647074,48058.83580774902,35506.42468587138,34477.89965312612,30201.828312307698,26069.905333668612,27677.88030715483
2013-08-06,-8566.362671175786,48058.83580774902,35492.358119352546,34775.297934557595,29282.003200371757,25229.334279061113,32765.593003035097
2013-08-07,-3879.6941636073743,48058.83580774902,35494.01148114482,35009.40731749806,28537.608359322196,24823.285330077044,28357.39587309
2013-08-08,1435.6608704989026,48058.83580774902,35502.43786362158,36031.01756991193,28381.87520447566,25693.5329195997,28654.890939467703
2013-08-09,-9131.939425344704,48058.83580774902,35434.42299864838,35030.29081598078,27678.79120923881,25245.171420043745,26528.259549387374
2013-08-12,-9913.304136957351,48058.83580774902,35435.33529488177,35416.276250459014,26888.426371980117,24641.12490196033,27394.06469378994
2013-08-13,-15112.69174895229,48058.83580774902,35315.85218394483,35697.69876816675,26240.50092806839,24458.983243652205,27331.710714465527
2013-08-14,-26554.829708167617,48058.83580774902,35317.49768736145,35480.697628819195,25625.96868137711,24227.06496351886,26044.134935652473
2013-08-16,-33482.51728529601,48058.83580774902,35309.717103981195,35854.32936043521,24849.34218317904,23653.676753151474,30447.781279896884
2013-08-19,-14526.321633371144,48058.83580774902,35323.17823224029,35185.63480107031,26272.65241306841,27437.981455313366,31956.439324635485
2013-08-20,-8445.066833205527,48058.83580774902,35303.49933614495,34589.50377994335,25612.932473060937,26622.846207538485,30457.8102647145
2013-08-21,-8162.367739239497,48058.83580774902,35319.521278606924,34808.67519153988,26630.052599053895,28944.14828126743,33094.94650196206
2013-08-22,-2974.1851512272647,48058.83580774902,35326.44865987691,36365.6168026915,28266.962951781334,32005.54985146782,40676.56065814934
2013-08-23,8787.626016346469,48058.83580774902,35343.35414766055,34795.56445044304,28658.096256216442,32393.859796095985,35452.97717107545
2013-08-26,-2507.564697204887,48058.83580774902,35385.18630287929,35447.458339496174,30967.851599620488,36147.217993787606,47522.07658626233
2013-08-27,-1524.9888213582476,48058.83580774902,35388.32020557189,34677.33494373832,30449.199633019158,34468.44754600788,39421.83082891197
2013-08-28,6968.966408351656,48058.83580774902,35404.293545805594,36450.49387159966,30939.04044408728,34840.98162288789,42842.03402707203
2013-08-29,12491.909668346467,48058.83580774902,35336.59816379417,36256.10829755449,30393.487372300002,33258.337411754575,36996.34173191443
2013-08-30,7265.371872325083,48058.83580774902,35345.49624441848,36150.753651663166,30199.37694490705,32628.73477627574,37560.921473303184
2013-09-03,12008.168453671104,48058.83580774902,35254.17372505593,34775.831161866714,29288.17257152916,30768.55571685133,35673.07496200124
2013-09-04,11137.890502064558,48058.83580774902,35258.90936675645,36348.61432592132,29090.784301228792,30463.092236536373,35503.425870275896
2013-09-05,16096.400517509817,48058.83580774902,35258.738502418484,35205.48121796927,28247.976620175526,28970.30540389167,33376.640685857485
2013-09-06,13734.189357617492,48058.83580774902,35183.98134344435,35661.361884712736,27470.991169179975,27815.391455409615,29720.39315850623
2013-09-09,14178.737080295938,48058.83580774902,35168.55148348482,35020.27900878024,26634.164355601595,26660.42143375144,34530.651096893474
2013-09-10,12128.310631249851,48058.83580774902,35174.43507164674,35684.13974639672,26366.25369086483,26779.287793120242,31934.47962053657
2013-09-11,9053.88644340996,48058.83580774902,35175.282111232926,34694.26537243886,26088.806918651208,26829.805756203317,30796.885422557072
2013-09-12,6297.955028793457,48058.83580774902,35185.051456652094,35886.94926275647,26494.147876333453,28139.354485386255,34298.65911949652
2013-09-13,7057.25524484002,48058.83580774902,35175.17438102431,34456.76698372969,25701.720093775766,26960.941975517966,33740.50364241234
2013-09-16,5516.6740060101565,48058.83580774902,35175.13742656871,35621.86133617644,24924.057300470588,25945.4156160233,29738.142771869945
2013-09-17,7496.105407891027,48058.83580774902,35173.414236397395,35333.76348872089,24316.598176430667,25378.48959874083,27426.320153447192
2013-09-23,8542.688294702271,48058.83580774902,35159.53269577654,34809.26406500336,23611.29363736953,24691.79705382122,27304.99417874971
2013-09-24,947.9744698466675,48058.83580774902,35145.61515687378,34483.53766450228,23305.757062516383,24859.557236591816,28822.345333094934
2013-09-25,413.1367186276778,48058.83580774902,35135.3487016893,34295.59371620595,22595.985048200564,24188.60299607439,28948.254068927778
2013-09-26,2661.4055889278834,48058.83580774902,35135.77935697132,34544.066115714835,21955.440788789623,23677.54902698544,25593.739553193445
2013-09-27,-2605.1263126397102,48058.83580774902,35137.05526101745,33988.257807253554,21920.92336053618,24335.200050057014,28942.903732483428
2013-09-30,-8585.597390053736,48058.83580774902,35138.132218548504,35021.13429909816,21414.913298446612,23956.69296654804,28841.012118348226
2013-10-01,-6419.269972776048,48058.83580774902,35136.652678094644,35503.959740186314,21429.573756397836,24566.673834893503,29467.535072252696
2013-10-02,-1474.518395545384,48058.83580774902,35134.500447902974,35387.798704039335,20784.91669094214,23859.240417067173,28679.9212420585
2013-10-04,3944.9590952027447,48058.83580774902,35134.77451275147,34605.49610556452,20201.44269896734,23340.156908315734,27631.36890649706
2013-10-07,4267.211973412687,48058.83580774902,35134.99333255317,34888.02062227704,19641.51079554077,22930.544757735373,26599.693624497475
2013-10-08,9695.885310081336,48058.83580774902,35119.35606334805,35524.725068455366,19686.80757263268,23603.610726477003,28494.601950750453
2013-10-10,12040.79312950572,48058.83580774902,35119.14502762788,34597.456325597275,19255.96139139611,23365.17903495936,27365.978125095895
2013-10-11,9405.003352473845,48058.83580774902,34999.7633265747,34622.82323860351,19525.283497727814,24260.426512463455,29542.15873713335
2013-10-14,7961.723869475721,48058.83580774902,35014.43261024223,34764.23902159809,20678.889491025948,26466.09536967891,32043.635955947222
2013-10-15,10453.034883580243,48058.83580774902,35014.48770451116,34876.64394648586,20077.177974534,25470.12195180044,28347.722083479137
2013-10-16,13683.176288639017,48058.83580774902,34966.61386265503,35100.813656865794,19560.430529286805,24757.045453343104,28289.9043276685
2013-10-17,7020.216586584972,48058.83580774902,34966.587496259286,34650.937994346496,18969.716528104567,23990.353913726594,29551.313854110478
2013-10-18,9486.590745803156,48058.83580774902,34955.14897563376,34385.80913162163,18542.51781491024,23600.464443119603,27025.25244075381
2013-10-21,5828.74035065439,48058.83580774902,34963.79867650984,34966.434348161245,19110.81391658129,24853.45352063395,26805.166425416017
2013-10-22,6395.430423992849,48058.83580774902,34954.345652701275,34798.11431095307,18648.342690866182,24248.79156040444,28398.902124543092
2013-10-23,3327.8566252052537,48058.83580774902,34955.362901441535,34417.60212995591,19062.481765234264,25112.099557845453,29702.864442818904
2013-10-24,10475.954976978594,48058.83580774902,34964.759705520024,35777.72983653214,20157.545206991654,26908.595533862648,34363.82750098315
2013-10-25,-1149.262149359384,48058.83580774902,34953.69449776158,34908.62707493241,20303.134172241742,26984.808153109836,30952.569375205967
2013-10-28,-1021.03744544438,48058.83580774902,34954.158336325854,34535.311619767555,19768.76752705062,25930.134308462388,30724.877225509244
2013-10-29,-4130.407376381146,48058.83580774902,34955.52665654166,34523.374492057344,19374.59425695397,25253.904518207986,34025.37059199943
2013-10-30,-11335.583217891402,48058.83580774902,34956.13414716137,34808.65157663838,18904.906218786367,24554.088682577345,29265.5769640659
2013-10-31,-11674.973321131492,48058.83580774902,34955.17345780766,35130.37216175037,18359.68419835093,23827.21930483108,27132.452479821182
2013-11-01,-10774.346376222411,48058.83580774902,34959.0155984715,35154.82339826132,20088.47481547862,26772.98248933777,31433.472245198805
2013-11-04,-16594.868201480742,48058.83580774902,34955.912049065875,34707.498138921284,19577.437126350564,25806.786845609586,31687.03102739547
2013-11-05,-22889.07376836123,48058.83580774902,34898.89299597421,34253.515594610384,19014.645325803012,24913.62819452268,32173.44078899264
2013-11-06,-12041.973523048619,48058.83580774902,34908.838367018165,34290.534941176855,19737.185720595066,26133.291280251153,31017.22265141834
2013-11-07,-16037.94691134754,48058.83580774902,34904.55027488728,35111.452176539,19146.239905928538,25108.65187445694,33817.90155137245
2013-11-08,-3689.1766776710265,48058.83580774902,34911.69316461226,33685.26829179149,20278.665235963126,26940.321767092093,31474.715153361787
2013-11-11,6705.6401861109325,48058.83580774902,34895.46865209766,35117.856107792206,20397.223350505887,26960.62412874236,33952.42574937811
2013-11-12,12920.699558966715,48058.83580774902,34916.58293758052,34725.60838561224,21790.133413030795,28957.117131407704,31648.397936524125
2013-11-13,6750.198267549241,48058.83580774902,34926.00555872849,34504.34116610529,22185.148344274112,29143.611299356235,35531.99816623128
2013-11-14,5522.02798073074,48058.83580774902,34930.86560751904,34738.59974245093,21967.40535039363,28360.562116625144,29009.467916296344
2013-11-15,-2645.4016879670717,48058.83580774902,34922.83359272222,35252.11674458069,22603.9452364005,29086.492656300823,31942.367707709775
2013-11-18,-3773.04277627632,48058.83580774902,34917.31217915949,33950.86430133222,23266.72509443583,29784.26691246701,34509.1963165151
2013-11-19,113.98484342238763,48058.83580774902,34883.688533823566,35346.16233508378,22591.49041743547,28258.400071276326,32325.7363823849
2013-11-20,3736.7245847736763,48058.83580774902,34882.282095807466,35006.22879482555,21930.389613740117,26925.317813869042,31162.11228461249
2013-11-21,9827.964285827371,48058.83580774902,34891.80540134067,34430.543766921175,22100.213411681485,27170.28270690364,30052.722178409975
2013-11-22,16309.979193269399,48058.83580774902,34893.185468575095,34393.62017840228,21613.756575711577,26278.968352448865,28409.74902611621
2013-11-25,5697.969620845658,48058.83580774902,34885.88407610595,35767.834006390614,21904.18579076817,26827.671498670345,32385.48008758572
2013-11-26,-2447.268438148779,48058.83580774902,34842.84122388236,36021.10025885553,21560.55877059134,26257.96184649499,32913.79614928232
2013-11-27,-10427.85754226495,48058.83580774902,34831.40782001291,34812.57922449661,21198.968127203705,25709.54550587819,28915.299586259713
2013-11-29,-13732.354705477079,48058.83580774902,34831.697235973086,34111.4347703977,20626.148881901227,24847.722251731597,29916.117041600955
2013-12-02,-15521.306372059185,48058.83580774902,34837.86334929787,35225.71473231656,20720.267624814842,25239.265805824423,27642.684799877617
2013-12-03,-8681.799672633239,48058.83580774902,34836.06461541218,34122.499252888796,21321.70059739105,26430.953308182077,29188.667101517207
2013-12-04,-6336.517198653494,48058.83580774902,34821.457890795115,34804.645573331574,21717.52381862665,27132.040291516285,32482.923692961795
2013-12-05,-8363.587276244165,48058.83580774902,34830.59870199518,35376.62737532371,22079.034341477636,27612.801686022252,31573.75056732629
2013-12-06,-8922.479021649471,48058.83580774902,34829.11166613242,34816.572689672204,21549.242515418242,26528.376385774605,30125.774340372034
2013-12-09,-12327.71406878451,48058.83580774902,34810.41302100181,35691.24263240591,21128.051448340437,25836.675132020813,30574.67579893581
2013-12-10,-15473.429352123338,48058.83580774902,34810.60954613242,35316.283934903,20544.5030105293,24880.04991178392,32343.852844068842
2013-12-11,-13039.367242612932,48058.83580774902,34804.58397965548,35326.5600740323,20253.62912088937,24565.406527689447,28821.983727616782
2013-12-12,-1743.000079318954,48058.83580774902,34819.4444644135,34235.79825474384,21696.019498048016,27174.710372888047,33442.8276506386
2013-12-13,-1065.7691619214363,48058.83580774902,34822.0994309053,34283.43369849158,21275.438652529727,26288.66890169696,27940.89460072301
2013-12-16,4998.582965622935,48058.83580774902,34815.21834439612,34974.3800141389,20661.86494541556,25208.596241587766,27680.951822417275
2013-12-17,9764.936300269226,48058.83580774902,34809.87556428596,35240.8397715968,20180.230158141287,24486.124773346943,27082.10583467767
2013-12-18,11289.072544972609,48058.83580774902,34806.687417790774,34229.4037629602,19573.67244909196,23626.337132902023,30139.13281711453
2013-12-19,6787.1374669777415,48058.83580774902,34811.431929230544,35024.751066929326,19668.398792405118,24097.663459534873,29146.44536906542
2013-12-20,12757.659596687941,48058.83580774902,34812.41910709341,35377.23955118747,19210.571055552708,23517.087422546294,29480.5743372289
2013-12-23,11007.876394323212,48058.83580774902,34705.04286874703,35495.55607920285,19737.724808317034,25033.18897728623,28946.351496195228
2013-12-24,-643.6966685199192,48058.83580774902,34704.31296436483,35092.40808477634,19478.662158517727,24637.45435696384,28858.751980022575
2013-12-26,-3114.503301491961,48058.83580774902,34697.70422673087,34190.34312865241,18935.25775959844,23782.64942074496,27924.460423943437
2013-12-27,-1034.38459673538,48058.83580774902,34681.52204726166,35116.09998801333,18367.218330369164,23026.81677669903,27741.640082747545
2013-12-30,-367.5073544813856,48058.83580774902,34685.91478638381,34461.606975825685,18574.37298126497,23647.39670612535,26344.3844955543
2014-01-02,-2662.306454619058,48058.83580774902,34671.86705834306,33962.9888911611,18515.47438629422,23772.100152529612,26605.872264892154
2014-01-03,6121.1130409119,48058.83580774902,34702.073272231915,34037.585648837376,21164.638560027804,28182.78707945,32638.94913874745
2014-01-06,8520.466904668638,48058.83580774902,34688.87648787886,34818.814473743805,20596.352084393737,26735.190214009544,38309.87081858693
2014-01-07,7111.348698840961,48058.83580774902,34670.71760205844,34374.59293897742,20077.129444112856,25650.002930465496,30556.758925291964
2014-01-08,3363.292203196223,48058.83580774902,34678.87860959562,34694.20080018307,20408.264366773525,25845.88415509371,31831.914329947584
2014-01-09,6069.041140518155,48058.83580774902,34669.06793948206,34973.82556326847,19834.54162063675,24670.925898948797,28644.199053693606
2014-01-10,7859.506316896673,48058.83580774902,34651.36881434116,33742.00731889024,19230.3112789763,23640.66444996848,30550.684629114203
2014-01-13,4955.839061600424,48058.83580774902,34651.55468411563,34438.64755821255,18688.64060948395,22675.72562786328,27411.156739721002
2014-01-14,9024.75620219919,48058.83580774902,34642.25949697787,34936.458212485166,18121.571629259342,21836.46013162465,28036.68397245091
2014-01-15,9235.80167834257,48058.83580774902,34640.099664979556,34286.755922053024,17621.723031433932,21125.848621291927,23084.805935607303
2014-01-16,1819.2828357895983,48058.83580774902,34643.20964972421,34212.10964994266,17753.593145042105,21638.460738895315,27901.73129380479
2014-01-17,-6279.129554073496,48058.83580774902,34643.77327638421,35372.44802668375,17360.751369178324,21175.22425398535,20961.60096322086
2014-01-21,-16519.720210182775,48058.83580774902,34645.28462751594,35258.75022933903,17004.355266452476,20857.681343097298,22000.986924375007
2014-01-22,-17177.069381434558,48058.83580774902,34648.76746373445,35273.36447320588,17370.382710402544,22033.061381151503,26307.428389473786
2014-01-23,-13814.310002652259,48058.83580774902,34644.74383424508,34501.44546330378,16919.365806334034,21461.674168421407,23905.089143276495
2014-01-24,-16202.869910519787,48058.83580774902,34646.65899400547,35979.691465102245,17043.040240063634,22129.10421098747,26444.242741914473
2014-01-27,-16049.074238291252,48058.83580774902,34290.63615833982,35199.62854122177,18383.42388626601,24567.941844296274,26833.020713182043
2014-01-28,-5691.371035971307,48058.83580774902,34284.00968885598,35002.31782338639,23596.990257874553,33856.42818216013,36002.88937336501
2014-01-29,-2429.651791128711,48058.83580774902,34273.54535052799,34613.61228573081,23342.592734486992,31977.881849724454,34541.04492905966
2014-02-03,1041.3625577178966,48058.83580774902,34264.676980465025,34862.99074905549,23390.218191642616,31022.519190967247,37880.15573166898
2014-02-04,9622.85134922763,48058.83580774902,34277.61503844579,33826.90249215832,23938.62783450192,31217.548599927017,33854.71950402495
2014-02-05,18781.783500584443,48058.83580774902,34291.46470400935,34257.24263399422,24504.44992906165,31490.70951367381,35841.953299095796
2014-02-06,21227.736242652205,48058.83580774902,34289.8978865957,34377.33933286101,23865.82089158185,29391.905932315974,32678.199726400086
2014-02-07,16375.069310833078,48058.83580774902,34303.388397916984,33866.63556638298,24751.892432614113,30697.454106448535,33537.357071289836
2014-02-10,11380.095197912098,48058.83580774902,34326.883900554545,34994.117779779895,26127.479724428387,32845.23024305773,38005.508457049225
2014-02-11,11925.998672934022,48058.83580774902,34320.800818681346,34702.85370000736,25541.404978622966,30766.097198587155,37060.33555839607
2014-02-12,8406.42134607673,48058.83580774902,34320.239048542455,33675.042480552984,25054.595601484612,29186.920761476056,31675.21317977947
2014-02-13,5397.274583983502,48058.83580774902,34305.99575494399,34846.2134222701,24306.199663697796,27267.818781619888,29498.08975379043
2014-02-14,8033.629922740749,48058.83580774902,34306.38519212332,34114.861571919035,23709.40564530279,25930.263407414466,28955.093567492277
2014-02-18,4064.265936641137,48058.83580774902,34308.60822288626,35004.51682390851,23326.971939796742,25265.39447819747,32317.45831786366
2014-02-19,4570.367946354438,48058.83580774902,34310.37995267025,33758.66600756512,22960.949762750042,24721.87336441211,28383.87862040089
2014-02-20,6882.828062621714,48058.83580774902,34309.51781506202,34667.8576025068,22271.70591666196,23487.109198131537,27621.166118845187
2014-02-21,11314.710350515907,48058.83580774902,34311.26918580427,34866.623559916494,21798.45501779847,22912.026786236078,26171.454537074227
2014-02-24,7559.971927727915,48058.83580774902,34318.41410225008,35467.64513643415,21960.147499690676,23867.748966677533,27924.546245038484
2014-02-25,6283.316760577871,48058.83580774902,34318.471254397875,33939.14376365696,21319.05576009816,22797.564219283217,25007.328055386522
2014-02-26,3968.0778210104477,48058.83580774902,34314.386166157594,33848.11429112162,21177.00995483445,23016.99861728471,27110.317812029014
2014-02-27,7071.443808609013,48058.83580774902,34312.55948115293,34887.837915193486,20657.115184931212,22304.09011495703,26460.880199033872
2014-02-28,6538.851092238594,48058.83580774902,34312.16514026302,34258.75420034528,20204.066101699642,21824.35120602817,27207.62058445815
2014-03-03,6125.3599950463595,48058.83580774902,34299.51740853915,34040.49895081874,19624.14524031326,21098.394067716883,26180.134587709686
2014-03-04,5112.393515538411,48058.83580774902,34265.41807939593,34111.77051307268,19219.345606835814,20876.914177047805,23864.30215942674
2014-03-05,6508.440852584511,48058.83580774902,34261.84765087025,34484.806624700635,18707.459411429787,20378.05935103721,27152.281364721748
2014-03-06,-5192.71793414543,48058.83580774902,34264.497320414805,34640.73811035693,19176.2427819302,22154.339849559736,24102.250138428848
2014-03-07,-4209.172728809571,48058.83580774902,34258.473989828555,32815.73205028596,18697.641684371163,21478.20747569146,25070.061114429056
2014-03-10,-8766.82750359096,48058.83580774902,34251.6833940693,34028.685575786025,18139.838580884047,20703.36087363436,24363.563820779484
2014-03-11,-7152.16049528802,48058.83580774902,34255.84834776751,33852.96438336006,18038.099766607513,21007.065383998844,22738.76498025558
2014-03-12,-3325.5750701311968,48058.83580774902,34257.72732522227,33905.47555467728,17823.078338917858,20984.280704685432,22897.8770063775
2014-03-13,-198.5310590751294,48058.83580774902,34267.04719682003,35172.69650787893,19339.44513295611,24494.40866152971,28658.28655252141
2014-03-14,-3750.7217578792042,48058.83580774902,34247.78611151392,34808.23851989635,19027.729501102203,23755.21515024574,26578.169201169174
2014-03-17,4333.48145827418,48058.83580774902,34248.46436870739,33216.9226965881,19154.254040201136,23983.10348110034,28037.828102050113
2014-03-18,5556.536002782353,48058.83580774902,34245.30762144635,33597.71230228639,18672.879283574475,22971.50141294017,25948.22289570312
2014-03-19,-3588.8648001363495,48058.83580774902,34255.69328535351,34666.798466742985,19921.219438082782,25519.25469424983,29534.874430329768
2014-03-20,4696.445544957302,48058.83580774902,34261.49032176079,33730.400625017224,19877.8599692791,25175.136589224956,29003.22055280638
2014-03-21,5980.393861696851,48058.83580774902,34203.209967250215,34917.757302643884,19315.339216234945,23865.124880159485,25891.959585126704
2014-03-24,3813.1582634566566,48058.83580774902,34186.74213694764,33353.89162812532,19421.554928099842,24065.560924682522,28160.764398339834
2014-03-25,5539.086045659453,48058.83580774902,34134.340602447526,33543.86789517311,18833.976052011207,22854.269118329416,28267.225275687102
2014-03-26,13636.043833884269,48058.83580774902,34130.800998182756,33128.927249831206,18563.241256627425,22459.264817253483,24897.239935459987
2014-03-27,13195.704907576313,48058.83580774902,34138.29839555585,33228.34866749351,18926.943557230774,23400.850810903357,28241.904552861688
2014-03-28,12082.799955300567,48058.83580774902,34006.71242855866,34030.73835246053,18353.638620761747,22315.065027569075,24708.53808896363
2014-03-31,9416.785825912513,48058.83580774902,33994.510420537204,34546.01289659255,17953.80245087555,21700.99166177457,25192.048838155417
2014-04-01,3303.023203353711,48058.83580774902,33991.32649281877,34406.02571494886,17500.414839267112,21048.444927099576,24362.69371014937
2014-04-02,-547.0470489549858,48058.83580774902,33990.648514422894,33526.623373885304,18345.64208815148,23116.051165555662,24829.033703420395
2014-04-03,-2157.161391409499,48058.83580774902,33984.80095323993,34197.46676014245,18558.595456022013,23570.997972198787,27870.497732088443
2014-04-04,-3035.201010018306,48058.83580774902,33885.66779888638,34433.81884569959,18025.058083066226,22460.406772466995,22706.184667978145
2014-04-07,-5160.344540382446,48058.83580774902,33845.4490949494,32150.05096779476,17505.146218368976,21545.364840924238,27996.413126981504
2014-04-08,3898.0467468102893,48058.83580774902,33839.135758518874,34167.673788620166,17995.55630277175,22761.87620742132,22947.137514335765
2014-04-09,3684.9450765753636,48058.83580774902,33838.895439603344,33066.25493782727,17569.815754790605,21977.3768703137,23515.17143475405
2014-04-10,5055.153968765763,48058.83580774902,33804.081896765,33575.9867974564,17340.86930770533,21686.31310049701,22877.184213675282
2014-04-11,5581.0080506256845,48058.83580774902,33804.2213232955,33466.58893606244,16954.57376787783,21108.962075504503,23204.078781999637
2014-04-14,11845.463955166702,48058.83580774902,33779.94917493708,33090.0083986404,16853.425602311698,21171.7587850475,22287.43666792336
2014-04-15,9775.237493443392,48058.83580774902,33769.3211067872,33647.06177426825,17259.787336143705,22200.980512837155,23589.048049995163
2014-04-16,5542.168041218777,48058.83580774902,33769.11324870393,33347.17141100372,16830.45158961053,21434.706557364803,24125.759453198785
2014-04-17,-203.75228861216408,48058.83580774902,33747.37781957432,34145.97388404279,17063.88644015237,22048.96692102019,23417.321181774714
2014-04-21,-6136.600810578186,48058.83580774902,33720.603825061495,34153.507416193,16613.686702145544,21257.816210431592,23427.929131321103
2014-04-22,-9131.383358324581,48058.83580774902,33724.374749565315,34310.562548527465,16662.279109313888,21523.501293057907,23890.12867011944
2014-04-23,-10582.320827079615,48058.83580774902,33726.01784284046,32850.36562594301,16416.69167433535,21177.494144705797,23440.232237327673
2014-04-24,-5671.925212173682,48058.83580774902,33701.15075522617,33052.826020384746,16317.371285003825,21147.914735986076,22488.594043831647
2014-04-25,-3734.9358241138793,48058.83580774902,33699.85221657393,33451.451230460094,15991.029365307968,20674.32054729702,22154.85279373847
2014-04-28,-2913.147338419207,48058.83580774902,33702.62401545424,34066.96350038569,17966.651300011796,24597.17150004033,28188.00504592507
2014-04-29,-3539.596755038648,48058.83580774902,33701.65379526825,33764.13879359851,17425.06485246654,23254.972170620134,26481.913122119997
2014-04-30,-1930.6383619190206,48058.83580774902,33701.677902468095,33454.48418126879,16928.2387283571,22186.10688864982,25306.51832106537
2014-05-02,-652.6686585225975,48058.83580774902,33686.751386799,33857.79082356429,16627.085907121636,21634.628746702954,25566.263252540284
2014-05-07,5195.273902587886,48058.83580774902,33672.30232809408,33440.326744262034,16121.144058700389,20770.115723434843,22577.84294692601
2014-05-08,16358.55681601689,48058.83580774902,33688.951395728254,33647.07301757074,17573.013043579413,23710.966694393155,30003.10775551358
2014-05-09,15743.748019634872,48058.83580774902,33688.68846625259,33538.39063837341,17041.275244250988,22499.487524645654,24324.019221985844
2014-05-12,12241.52197778004,48058.83580774902,33690.3877373607,33896.01122771327,16814.63124333803,22031.963184837532,23944.33563337075
2014-05-13,4849.444914682461,48058.83580774902,33692.84377971799,33656.17374728958,16857.61346220809,22141.838878024148,23642.55704103127
2014-05-14,-4259.974456537023,48058.83580774902,33702.48543198448,33765.759922790974,18019.97576575524,24323.325467528757,30676.12365222807
2014-05-15,-6641.47719363298,48058.83580774902,33704.79833569189,33537.53790366572,18535.8968978512,24994.34771824302,28565.81491286878
2014-05-16,-3994.335329846989,48058.83580774902,33681.17274939387,33563.51129667773,18006.96066369101,23653.836569685085,25891.952604581453
2014-05-19,165.4655394575195,48058.83580774902,33680.94572740259,33734.00857146492,17509.733683746952,22544.963236634096,25041.9293711494
2014-05-20,2533.328631915971,48058.83580774902,33687.52194805067,32810.850535359015,17733.944502380575,22979.248707145536,29113.486823189924
2014-05-21,10106.019466363432,48058.83580774902,33692.071655187065,33316.88533915291,17657.003537593057,22775.279061607234,24236.535852663157
2014-05-22,7898.913047542582,48058.83580774902,33692.35359301257,33774.86172128791,17407.88837255056,22268.68002385469,26921.43214261063
2014-05-23,2846.6535803170646,48058.83580774902,33671.27704491085,33565.46670001833,17025.438253894084,21570.537128026463,25173.5484905767
2014-05-27,-5606.426534237787,48058.83580774902,33674.55255824743,33429.46693562378,16975.262810217144,21612.008646106293,25358.383741174264
2014-05-28,-6302.372223761609,48058.83580774902,33669.47823999336,34477.50557421963,16592.957931031404,20982.943843497742,23424.046108498984
2014-05-29,-13955.783110564555,48058.83580774902,33672.39314449119,32783.00187006856,17044.427721657063,22071.70441210421,24286.90419987444
2014-05-30,-13645.454642727329,48058.83580774902,33671.79109490885,33100.69197185617,16528.795227928324,21097.866562213898,25149.39471855226
2014-06-02,-4057.6598087196,48058.83580774902,33673.948638040114,34472.65878708566,16566.14052197387,21339.190871105544,23313.661889280058
2014-06-03,1408.6904019658436,48058.83580774902,33668.86503015169,34648.576726604515,17445.661834434442,23155.557575897663,27278.206963929453
2014-06-05,3908.111061537908,48058.83580774902,33654.38759915163,34649.75190261802,17177.79408869621,22501.601286945406,26875.864097937487
2014-06-09,4933.869872325495,48058.83580774902,33658.04500313066,33480.339896894475,17156.798325498334,22394.900417775636,25853.388352996175
2014-06-10,4756.18021977635,48058.83580774902,33656.255381358984,33479.09388041055,16650.621851435564,21366.79151381864,24047.502016133494
2014-06-11,-170.41092063777887,48058.83580774902,33668.46245515327,33328.3836576842,18024.95619216399,24062.500077300803,28865.542666096015
2014-06-12,1039.115614031527,48058.83580774902,33668.45331610072,33170.20949116848,17476.529677753013,22734.587728460247,25248.636140182745
2014-06-13,777.4078272800682,48058.83580774902,33663.86965315003,34293.90835224167,16945.155881426374,21623.76825327192,25911.920132939475
2014-06-16,638.2783966419167,48058.83580774902,33666.26121189482,33488.10546358167,16668.21091966779,21138.766183489883,24969.085327467954
2014-06-17,-2255.110340819651,48058.83580774902,33646.454471459,32654.11062849224,16168.615360285023,20296.05189661594,23853.866783181016
2014-06-18,-1989.1886080390266,48058.83580774902,33646.48422106823,33247.61231292901,15772.40375026041,19721.988967829195,22883.602296774046
2014-06-19,-4493.76322279627,48058.83580774902,33639.76142938345,33195.20857099901,15385.680704725057,19222.247512240796,21635.011797397117
2014-06-20,-1036.3826193280815,48058.83580774902,33621.25205900212,33782.322878285464,14917.690071569185,18612.753099609756,21211.276735258558
2014-06-23,1622.435276081862,48058.83580774902,33600.68183393067,33568.95157724918,14769.348733289045,18698.857171933512,20223.113068060768
2014-06-24,8563.30478453913,48058.83580774902,33582.342351019,33792.45641040842,14666.603730597004,18824.16246036642,20411.688603991654
2014-06-25,10998.54181770681,48058.83580774902,33582.608751272455,33336.579745300434,14371.053807780738,18475.712865862486,22289.1197992116
2014-06-26,15231.253174572403,48058.83580774902,33583.27869690383,33154.31914795332,14013.2571142973,18045.051941484973,18121.024590176356
2014-06-27,12957.845244898597,48058.83580774902,33586.168183484304,32373.795139532725,14238.231589667443,18765.525336912684,21224.08109740753
2014-06-30,12663.88202282686,48058.83580774902,33581.430152739995,33348.204372808264,13810.169463386574,18164.370201816164,20087.527345343813
2014-07-01,8567.675312972238,48058.83580774902,33585.46449861145,32701.958996292266,14541.168183777076,19754.728864750094,22781.657330941634
2014-07-02,5361.71396679074,48058.83580774902,33587.10686323748,35333.847138358266,15020.557563104681,20643.924281758373,23641.846237273283
2014-07-03,3652.7822350437295,48058.83580774902,33589.78904305299,33174.591527892386,15075.633726718168,20678.17101899389,20553.82434550971
2014-07-07,368.03156280141184,48058.83580774902,33587.6116324305,33411.76936370627,14679.70178986881,19929.34389772156,24877.079105437755
2014-07-08,3848.4098507257077,48058.83580774902,33576.21095873788,32965.5286617883,14232.515767359779,19182.631235797828,22472.19865988231
2014-07-09,4094.7237609970566,48058.83580774902,33470.45869434437,33684.38317207664,13806.347670224493,18531.90119730808,19470.470954475306
2014-07-10,2998.0722145358855,48058.83580774902,33378.21059335983,32225.016558595886,13430.666332323344,18035.262854580007,21167.6811026069
2014-07-11,2685.098893645377,48058.83580774902,33227.70155093952,33668.6582434039,13134.687301451757,17736.142267864085,19140.756998397068
2014-07-14,7354.924808239034,48058.83580774902,33228.74977098391,32601.458942716723,13043.761215289038,17822.766700756343,19792.456965918213
2014-07-15,3899.052450626471,48058.83580774902,33232.23818193264,34036.534001050655,13408.664251409726,18703.62091713733,21881.08882932275
2014-07-16,7561.200084843096,48058.83580774902,33211.6882131769,34138.55653846512,13022.74058941269,18130.7249184072,18909.164019744327
2014-07-17,7342.108874753926,48058.83580774902,33210.046694968754,33648.63838822881,12629.57568128263,17621.77137879585,20429.31773224766
2014-07-18,3659.5982322048026,48058.83580774902,33127.621556674174,32753.054102052127,12315.956252898543,17255.049560777694,19314.810340024465
2014-07-21,3230.2749068376784,48058.83580774902,33114.353431893236,32941.10178715775,12343.412539615934,17568.565908416498,21055.829959370847
2014-07-22,412.00500928198966,48058.83580774902,33102.537591504915,32130.243222024317,11967.500332646976,17124.102188738078,19387.2335388818
2014-07-23,-8145.252694610374,47932.74580487528,32904.664473785444,32412.21249538709,12811.692454088497,18721.93197985583,21682.803605091292
2014-07-24,-6952.61598474184,45114.87949115681,32904.07226987741,33647.64082647608,12434.884988086189,18140.632479983084,21136.737647108806
2014-07-25,-12756.91894325147,41692.73387835465,32733.01138700416,32849.28174761283,12518.348946637012,18331.019631708954,21018.85794422557
2014-07-28,-12180.645772180324,41692.73387835465,32705.809874545354,32920.25716102056,12408.167354436137,18170.416453623027,20778.666572351114
2014-07-29,-2681.359923463893,41692.73387835465,32617.928688649128,32086.249366832217,12539.602978874913,18448.836617768455,23211.54653525384
2014-07-30,-3255.0349865434673,41692.73387835465,32622.709089731845,32683.65273822551,13331.934271473227,19781.060102050007,22720.54432613787
2014-07-31,-4132.3540039601685,41692.73387835465,32621.26359898786,32219.301286558442,12959.96988427602,19024.21048643549,20095.678548818505
2014-08-01,2695.8051194757927,41692.73387835465,32575.653875684744,32371.455936236074,16546.79674584062,24967.987684316053,27073.491612341822
2014-08-04,-1434.7012366352524,41692.73387835465,32561.60371361528,31831.63529243821,16381.476822153943,23971.258367009326,29897.938060391753
2014-08-05,-5628.287290680309,41692.73387835465,32518.337186150522,32015.493748621397,18045.173772660874,26312.460322414696,28534.694710923235
2014-08-06,-1520.6524076332648,41692.73387835465,32506.39525613355,32404.37018492666,18562.23991973735,26456.815164640044,31321.326989258487
2014-08-07,6371.146590941775,41692.73387835465,32499.466573631125,31983.66602223219,17997.63214443655,24711.233093122748,28105.896994033814
2014-08-08,12589.207463743815,41692.73387835465,32476.239149409983,32571.156564539026,17571.22258954198,23504.961065715284,28046.955503530102
2014-08-11,16521.335943174367,41692.73387835465,32463.724848242113,31989.09310250792,17147.03940803206,22437.114300154724,26777.24343212623
2014-08-12,17853.886792707726,41692.73387835465,32464.070569651627,32513.91928473234,16934.129006779614,21846.702876546304,23415.326684374584
2014-08-13,18376.106235255644,41692.73387835465,32450.059399864742,33211.116113907854,16446.76959567717,20880.74801032634,21472.01571125689
2014-08-14,8666.345451419013,41692.73387835465,32469.729639802372,32598.783756279776,18757.65977491644,25116.453030054785,29127.699004534064
2014-08-18,6814.221114905936,41692.73387835465,32476.933667043057,31788.815696268197,19106.136120427607,25216.064778523694,28289.50779215631
2014-08-19,5443.813796538887,41692.73387835465,32478.820969854183,32136.944606243233,18775.3633528665,24099.537177486094,28817.807240576127
2014-08-20,4359.05905157921,41692.73387835465,32476.95270531494,33302.09783121419,18856.69125811877,23921.43341090253,26158.275027632793
2014-08-21,5687.762009893176,41692.73387835465,32467.17416546035,32960.448354528955,18284.747536419523,22527.898008249358,23864.194105557915
2014-08-22,8978.962765932814,41692.73387835465,32467.94552859541,33080.158411045566,17902.249242687514,21644.11111902476,25817.87761424137
2014-08-25,6198.2907918040655,41692.73387835465,32470.346027641226,33084.02198666117,17705.678682715174,21241.008138859153,23091.702386613746
2014-08-26,728.646378947255,41692.73387835465,32470.058358071743,31973.85532270508,17216.607724900376,20262.91468395937,22342.959533228703
2014-08-27,-762.6231314573739,41692.73387835465,32471.577960345017,32275.63520190553,17063.018386682157,20148.87987325736,21945.568033154494
2014-08-28,-3607.3025390629523,41692.73387835465,32360.841658589696,32289.06868397877,16601.523440096353,19370.583209486857,21239.156642011658
2014-08-29,-2927.5123409558655,41692.73387835465,32358.429730439657,32009.13819953667,16185.2942704446,18765.58731291124,20036.380238153837
2014-09-02,-7246.796782117255,41692.73387835465,32354.186678671027,32180.030175752414,15692.292359132587,18043.456122383108,18657.290878306572
2014-09-03,-5639.827731989764,41692.73387835465,32348.199850165045,32014.408198511388,16230.89446088653,19787.855323161155,20771.858048411756
2014-09-04,-9528.861341902495,41692.73387835465,32340.217380261387,32260.851414114964,15821.471795337904,19089.961434099143,19700.306442313216
2014-09-05,-2218.5724430358055,41692.73387835465,32332.59745535039,31898.218317770883,15501.370714398345,18675.971245842647,20548.1184369055
2014-09-11,-1001.4893069040247,41692.73387835465,32317.943058945948,32030.637898670564,15246.63735053113,18455.163253612995,20398.198957808127
2014-09-12,3458.1005494573274,41692.73387835465,32311.681864741004,32410.779676845927,15789.559602793224,19999.567313661082,20190.06763184668
2014-09-15,9762.785974257267,41692.73387835465,32308.22867025244,32685.015161083687,15727.63358508205,19962.523893326987,22907.4234061824
2014-09-16,7371.9778011926455,41692.73387835465,32307.908688687305,32575.04080184155,15605.157342026725,19790.15662156345,21397.167520087696
2014-09-17,-1150.1287033785986,41692.73387835465,32307.81252916136,32399.03601755048,16704.49759722196,22172.42209029331,24887.680052251653
2014-09-18,-202.81206424352297,41692.73387835465,32310.85084977111,32379.912423208913,16710.68230586398,21956.75732716362,24478.886350228557
2014-09-19,-4630.155002446667,41692.73387835465,32273.74510731567,32263.87846038176,16202.151848506957,20751.3042397311,22962.47710066998
2014-09-22,-6727.182613601005,41692.73387835465,32277.894854968188,32141.362033224355,16320.429822346869,20981.377034485566,25825.69317168195
2014-09-23,-5852.2379778006025,41692.73387835465,32282.370025243094,33385.90243803247,17054.915901081105,22466.96508706272,23021.951608002135
2014-09-24,-2876.9336163552566,41692.73387835465,32285.569778265923,32593.820478142738,16961.578147659227,22010.327809444323,22293.700570207377
2014-09-25,-14588.259695112853,41692.73387835465,32284.894594020567,31881.61958210841,17285.204556518685,22505.337226086805,26003.66754862037
2014-09-26,-11692.629837420074,41692.73387835465,32288.148111933933,32237.581253904453,17640.722060669355,23005.38196780225,25354.779047357173
2014-09-29,-12905.324258527671,41692.73387835465,32272.065797769486,32386.00677608411,17193.106714858084,21808.71436133091,23489.648805554236
2014-09-30,-12090.755716314878,41692.73387835465,32278.904209790373,32955.42356486964,17476.152163130337,22282.576184451416,25780.444921496877
2014-10-01,-6128.627802604284,41692.73387835465,32278.724087843875,31827.906804577095,16943.762847353624,20953.31456653154,23150.359225888456
2014-10-02,-14067.783162421212,41692.73387835465,32299.609392007293,31388.915069110197,19026.215428533018,25306.384097517097,32169.53832831006
2014-10-06,-27187.527721843107,41692.73387835465,32300.384198422456,31626.957322975984,18536.058266274373,23708.92669148057,26118.638295307817
2014-10-07,-21681.463737018472,41692.73387835465,32273.986695905824,32380.343931764313,17972.598165255677,22240.331065488732,24078.106326339377
2014-10-08,-18763.616107038313,41692.73387835465,32278.9592493398,32566.732279271713,17926.638151602558,22012.517315379086,22494.96316650122
2014-10-10,-26309.535446085647,41692.73387835465,32292.114159808632,32412.450312498902,18973.32259882966,24161.389286241487,28868.62964924075
2014-10-13,-9734.14353481811,41692.73387835465,32394.251717124367,33015.828992267365,26963.865508939994,39884.30830383755,44572.52250245654
2014-10-14,15043.742902461723,41692.73387835465,32484.437260408446,32448.83010880933,32046.99549598168,48009.80776821613,52310.54545664272
2014-10-15,12301.343482216014,41692.73387835465,32487.264333676216,33666.43074647654,31899.78686384808,44639.849747603665,48803.46192877879
2014-10-16,16711.543422487015,41692.73387835465,32484.583835839745,32270.37929125802,30931.918422619998,40103.04110154117,50329.76115449673
2014-10-17,19521.24599534542,41692.73387835465,32416.77694942991,32809.63884691975,30056.587177993566,36340.70851243571,37480.99292131188
2014-10-20,17993.587809834473,41692.73387835465,32378.069054723153,31995.46435796845,29174.82834944401,33019.73660539774,37745.18759889201
2014-10-21,8131.338970983419,41692.73387835465,32401.46154239582,33012.705350324606,31145.354828298998,37281.744549476825,45055.10552991175
2014-10-22,7795.28366585153,41692.73387835465,32404.31482266165,32260.479385599225,30426.17697350422,34297.1380609762,38567.1400174875
2014-10-23,6598.4781997560085,41692.73387835465,32403.547667782816,33140.84283003182,29941.417777356168,32326.9963700545,36543.18121264949
2014-10-24,5474.785007313288,41692.73387835465,32403.340719542488,32559.11540908859,29071.957138748417,29578.969142281378,36049.921558150774
2014-10-27,9487.714063975496,41692.73387835465,32403.475345292456,32529.489453483886,28191.49578656124,27108.9039368758,27963.662834461134
2014-10-28,4730.373835358827,41692.73387835465,32400.298962748497,32226.52411155249,27336.69986231401,24976.2464431721,28553.06398026511
2014-10-29,-5589.9613649649045,41692.73387835465,32396.758253256423,32194.562558786904,26708.923616137738,23814.203969782804,29228.69430562384
2014-10-30,-8283.007046195753,41692.73387835465,32392.485014962887,32554.06297803403,26144.520573514892,22996.806340871743,23569.146483268716
2014-10-31,-11510.275911546005,41692.73387835465,32365.302007793067,32550.49057610665,25348.45562133603,21514.762980890515,23280.989130198286
2014-11-03,-9202.003067123991,41692.73387835465,32364.614019226647,32769.07043814131,24997.97639854005,21708.486655357374,26428.2231367387
2014-11-04,-3018.7310082994813,41692.73387835465,32373.513045195003,32457.644240763097,24873.265406828847,22522.444177839912,25694.926863499608
2014-11-05,8240.956846188245,41692.73387835465,32390.73157231797,32381.748687671225,26048.53032821347,26907.38319046541,30483.432666149216
2014-11-06,8989.14471565921,41692.73387835465,32388.570664064562,32444.752387505287,25255.560094377157,24808.58053322084,26461.01776250238
2014-11-07,12348.29980792906,41692.73387835465,32342.419641916316,32757.597477783303,24805.810557273708,24011.11103435765,27657.596090747164
2014-11-10,2420.033393658586,41692.73387835465,32348.214428203297,32403.61964362472,25196.492242378637,25741.87719147344,27273.39985259678
2014-11-11,-4679.351942742601,41692.73387835465,32338.795024466937,32463.84046805212,24535.66228409095,24143.083227430998,27082.09061967171
2014-11-12,-1304.0471599365396,41692.73387835465,32342.960610188657,32967.96143815577,24210.06308760093,23733.965396891388,27976.525601348843
2014-11-13,-1091.8490897629276,41692.73387835465,32342.347722496568,32230.716118359032,23499.39720410684,22211.929411650555,23684.57383387852
2014-11-14,-1937.6562566104897,41692.73387835465,32341.531348115524,32593.221083424385,22785.631909352855,20860.79117324896,23857.84463723683
2014-11-17,6634.018160614581,41692.73387835465,32342.01952854857,31899.1075424856,22680.86482021939,21587.328605444738,22891.929333693013
2014-11-18,13732.13573590369,41692.73387835465,32342.432624406054,33759.76955284934,23005.41984890336,23375.029278520647,26593.135539332365
2014-11-19,9391.099896654143,41692.73387835465,32360.9475115791,32160.191670056993,23978.01233727675,26470.995055078696,28505.916018916112
2014-11-20,9960.07113698212,41692.73387835465,32361.0516775254,32067.02408904433,23289.29241981031,24528.811304323357,24459.93422892025
2014-11-21,9850.669807551545,41692.73387835465,32357.05490106404,32800.458954009984,22592.824162061563,22830.5642670952,28657.21496240468
2014-11-24,-1583.944752082675,41692.73387835465,32358.007869472614,32415.7751238439,22655.60913725625,23524.745835866728,28070.37201564017
2014-11-25,-1859.7265086838588,41692.73387835465,32347.14703443591,31135.503948807618,22083.929442051594,22299.293072317272,24277.826795996818
2014-11-26,-1266.9043149120375,41692.73387835465,32336.950442826597,31318.352415557147,21659.32120598333,21668.073064926986,22866.914479918905
2014-11-28,1203.0141696782398,41692.73387835465,32334.57569819838,32573.134062109064,21106.112591547724,20727.087478411053,22494.348603960785
2014-12-01,2155.775359728122,41692.73387835465,32333.43592263278,32177.692440925613,20483.19218906042,19685.731705834663,21902.879674640408
2014-12-02,7343.16305776304,41692.73387835465,32354.33918309623,32680.86781719306,21715.451424070143,23981.768801776416,28135.178923493717
2014-12-03,3476.9527066297164,41692.73387835465,32354.485943379157,32858.45350172173,21142.489951038642,22578.59383405749,24904.319761784554
2014-12-04,-8030.858264693477,41692.73387835465,32355.03127591371,31930.38489550385,20889.769511231887,22240.822481529576,25191.588414500147
2014-12-05,-17407.30860921451,41692.73387835465,32360.261129351995,31889.841831700818,20926.77509132777,22711.49138864319,26481.9939111987
2014-12-08,-20680.5316003741,41692.73387835465,32350.52430159497,31983.005083983684,20291.59540968075,21291.062624865885,24966.970774578927
2014-12-09,-19590.691220831693,41692.73387835465,32334.745167970887,32199.339128999698,19793.306450111246,20448.24689820461,21844.65181316077
2014-12-10,-22069.181081800405,41692.73387835465,32336.69671383333,32449.041503491793,19422.31819736964,20049.08365558984,23149.69867744253
2014-12-11,-11447.91035751561,41692.73387835465,32366.546008097415,32065.171154052696,21628.011154481817,26220.230403951984,30107.612414935276
2014-12-12,-4646.756629265482,41692.73387835465,32378.531709189312,32842.178410142405,22007.86915880479,26730.25716321398,31663.884729836904
2014-12-15,8445.779139161992,41692.73387835465,32375.326865884334,33554.40884257024,21684.277338896012,25507.601731248957,27526.10312340083
2014-12-16,12302.310465280852,41692.73387835465,32364.305591614622,32448.114518656937,21038.39085126924,23684.79643542534,28891.29969912211
2014-12-17,13963.813207918907,41692.73387835465,32370.237216274687,32111.975162308056,21304.755383405725,24412.56711640738,26378.15766986624
2014-12-18,13859.526966106543,41692.73387835465,32370.329804677152,33028.84140047726,20857.619165647946,23237.8315763374,28707.515100632038
2014-12-19,12857.093819805445,41692.73387835465,32368.572801536728,32272.75091778009,20319.356786381486,21993.703979953327,27456.11190333827
2014-12-22,3130.171060425201,41692.73387835465,32391.405989638166,32167.146943360145,23504.097180904726,29863.558486273214,32208.647884899416
2014-12-23,-914.368809593506,41692.73387835465,32376.25818423709,32491.358862250585,23158.85461861095,28240.632457089694,32252.108481564497
2014-12-24,7447.027360434977,41692.73387835465,32380.8328502207,32974.90027033772,22812.839139628275,26820.684503456414,32513.2112355533
2014-12-26,4169.3513806201345,41692.73387835465,32376.744447253706,33130.865768206735,22289.67454108589,25205.230326894733,29334.816318828118
2014-12-29,-2378.0094876193334,41692.73387835465,32370.144083995216,32066.473200172586,21622.211114685007,23453.44223372155,28081.570480326085
2014-12-30,1395.8746027417242,41692.73387835465,32369.730772119885,32107.274693442338,20967.829126780867,21955.597691905205,23768.46640396272
2015-01-02,10625.275333195676,41692.73387835465,32367.135369506632,32383.41523866552,20354.93870031719,20756.308916640653,26275.34181821852
2015-01-05,10046.915484103078,41692.73387835465,32377.3737685593,32973.92202236673,20815.599170106692,22544.75963836415,24409.268488970083
2015-01-06,10286.923150190065,41692.73387835465,32374.548202376427,32173.418726986994,20230.9635652095,21307.37397089716,23796.114760996246
2015-01-07,13727.239846764507,41692.73387835465,32381.935407599703,31821.690940665816,21048.349968645045,23778.503773980614,28911.38527126543
2015-01-08,10241.581409905053,41692.73387835465,32387.86697621454,32731.884966327205,21067.686194842627,23840.508872014798,28610.257805695233
2015-01-09,4806.403328794319,41692.73387835465,32406.589670389734,31685.7933313326,23074.581367737894,28501.552587089533,34375.094816078505
2015-01-12,-3464.3480777361387,41692.73387835465,32372.08578878623,32226.065682118995,23132.25183093032,28032.275491003227,32153.787814911764
2015-01-13,4424.944286268159,41692.73387835465,32370.75615016202,32838.53389306059,22454.923925590792,25856.826508916398,30146.884576707234
2015-01-14,8232.461901815204,41692.73387835465,32373.8599073353,31287.231592254953,22012.358496515004,24561.24887363015,28469.39520470501
2015-01-15,8178.614924914896,41692.73387835465,32365.799131472188,31578.163403360362,21356.491825693774,22915.448838108492,25637.674272958586
2015-01-16,12085.662182032935,41692.73387835465,32358.28960106731,32092.554347916757,21053.242840327326,22393.39564148089,22029.604321020724
2015-01-20,16191.558655761739,41692.73387835465,32319.36943775613,31662.1204915299,20936.038414269624,22419.935151126916,25940.94097889708
2015-01-21,7235.601944781927,41692.73387835465,32272.481467157377,31960.12042613559,22181.40828908101,25725.848839787923,27612.923981115484
2015-01-22,8442.862797167962,41692.73387835465,32258.35008891474,31406.883419881946,21565.094337185426,24024.852351781174,27555.536664505707
2015-01-23,7474.6870343854835,41692.73387835465,32246.745000038878,32414.169659699084,20920.67093509407,22480.28816944452,24750.227530167842
2015-01-26,-1385.8338214906307,41692.73387835465,32265.389582307173,32139.978673953166,22104.8372872432,25597.702741003024,30947.34174612448
2015-01-27,952.9900138312056,41692.73387835465,32213.432811711125,32459.40212985082,21439.181349223465,23817.826826707307,26277.38260498549
2015-01-28,5547.381236006719,41692.73387835465,32208.544660876818,31585.115685275196,20932.009684195997,22639.03770783947,24214.702552763134
2015-01-29,5902.689731849629,41692.73387835465,32210.490556377204,32168.352488441094,20535.519544262388,21887.19055464139,24126.249448610648
2015-01-30,7752.448654791333,41692.73387835465,32187.39800272793,31796.66463602481,19916.44306167585,20672.110947890047,25514.343818629146
2015-02-02,7769.483836589371,41692.73387835465,32186.393635184748,32190.161456858226,19471.26980005427,20042.42661950277,21249.664007591167
2015-02-03,-1625.9302715263434,41692.73387835465,32146.465062485713,32654.30096860111,19210.1650334413,20004.544103152664,22546.512647467724
2015-02-04,-4027.4096576623733,41692.73387835465,32148.832848168877,32406.18737727677,18930.33455037118,19858.653680225038,23814.494898412406
2015-02-05,-2136.503444805481,41692.73387835465,32150.08847573848,31932.2691200039,18701.603131286633,19844.380526712765,24423.79859873138
2015-02-06,-1272.5644860816979,41692.73387835465,32129.691412703614,31893.902102420776,18225.75148315288,19175.388610308044,23352.57559792207
2015-02-09,5296.691865382454,41692.73387835465,32112.52166774612,31378.480573522826,17843.897209495968,18847.08944537675,20723.264157916077
2015-02-10,11448.057519487716,41692.73387835465,32132.05230512717,32634.068313152377,19238.390791081445,22864.756600203236,25072.007899807162
2015-02-11,17371.872161873307,41692.73387835465,32131.81199789196,32417.597402105308,18655.17167172442,21444.31226856295,25384.79625461584
2015-02-12,18324.239172538644,41692.73387835465,32138.30650184924,32128.483507474757,19056.145131348352,22555.152584297757,25700.919602562546
2015-02-13,15944.922328432316,41692.73387835465,32135.944221195998,32122.042942714663,18709.37645441496,21736.29213332257,26171.820502408387
2015-02-17,10000.8295946172,41692.73387835465,32121.72513885353,32574.867652477496,19071.441365910625,22735.494048498662,26551.6924514329
2015-02-23,12695.208967531089,41692.73387835465,32121.9127885413,31764.02385581612,18499.45377294944,21342.068981250504,25046.943400906363
2015-02-24,6452.7164077740445,41692.73387835465,32130.251173313492,31888.067413416804,19588.445933718263,24020.941665301354,27394.97555952876
2015-02-25,1220.9743441856688,41692.73387835465,32142.626117351763,31743.17225395531,20315.559500239506,25385.61906310098,28352.518087885113
2015-02-26,1863.474967408908,41692.73387835465,32141.5179938857,32453.669672464923,19696.842446201175,23555.365516185062,26058.56168443875
2015-02-27,4064.6604743640833,41692.73387835465,32142.49926960694,32599.335779764675,19170.974868756333,22196.858705944327,23367.753433002465
2015-03-02,-760.5628742103836,41692.73387835465,32138.25166098327,33506.684789563755,18805.09161865248,21407.35168935731,27049.66991570586
2015-03-03,-3667.483395373388,41692.73387835465,32119.306645129305,32245.057864708262,18232.385756311283,20225.667859222016,21539.09743736828
2015-03-04,-11231.74350191962,41692.73387835465,32090.87587888967,31309.684127125463,17685.428356001674,19275.661122895333,22954.982092020928
2015-03-05,-13297.961797536402,41692.73387835465,32090.671620549405,32445.674009472186,17162.41470704879,18464.247309336064,20404.651573432962
2015-03-06,-8685.386610480122,41692.73387835465,32087.298627731285,32662.881642764467,16677.223559730824,17843.28499693162,20702.60876292191
2015-03-09,-3662.9074340153497,41692.73387835465,32084.34008609282,33025.25622280806,16500.938763854298,18096.3624366962,18896.3930539932
2015-03-10,4180.201639425721,41692.73387835465,32086.66452500419,32151.73117208666,16439.532794448638,18562.280078719246,22729.058092448387
2015-03-11,16552.748431738797,41692.73387835465,32084.15633843286,32225.514681183995,18349.037928214093,23418.434138695455,28228.1589790879
2015-03-12,20946.27631350874,41692.73387835465,32078.801623056483,31652.470356941983,17890.963686296403,22105.966263411567,23749.725790805707
2015-03-13,15333.687215475686,41692.73387835465,32056.92449390473,31671.517089874582,18704.080054876158,23832.33784676652,25687.797011274375
2015-03-16,19327.028522913453,41692.73387835465,32053.99976394501,32118.56350364022,18398.577814375898,22831.61322488104,28180.81948115133
2015-03-17,14341.577358213337,41692.73387835465,32062.901274756063,32505.35303123522,18888.203670514675,23753.496237591065,25923.41523621236
2015-03-18,9525.899509768271,41692.73387835465,32072.223612267746,32213.218814159864,19491.08016675937,24788.87769561124,26676.72404870088
2015-03-19,5598.953061359736,41692.73387835465,32070.037641093688,31775.574349112325,19256.247214518204,23855.03243233595,27153.56119852196
2015-03-20,-2070.806962061758,41692.73387835465,32069.55934173152,32055.924579077855,18670.261909280933,22266.263818994095,25441.500927605182
2015-03-23,-8219.183815355727,41692.73387835465,32085.75494368903,32504.37597869634,19870.390391173354,24930.00971975034,33034.8132572092
2015-03-24,-1253.544339861498,41692.73387835465,32082.213757322545,33712.40389790508,19265.582990990966,23180.739395814555,27906.95513851585
2015-03-25,-442.65812492868446,41692.73387835465,32082.219590361496,32112.52252146809,18686.422436003508,21726.177187984627,26733.327436883294
2015-03-26,-872.0293904785574,41692.73387835465,32077.422577362013,32377.24318102267,18163.95576298902,20600.7049640041,25923.03725760543
2015-03-27,7292.843167037766,41692.73387835465,32094.835117140603,32612.391161990938,20215.83140129357,25469.346179403023,32014.145654458942
2015-03-30,15519.26422692949,41692.73387835465,32093.10284749682,32119.956154854415,19603.307645885616,23657.247138732266,28090.80885157942
2015-03-31,10190.524135849191,41692.73387835465,32106.89005108027,32746.20116145311,20916.60086750569,26355.62026445721,30647.07060385283
2015-04-01,11335.484651543378,41692.73387835465,32087.914172450994,31992.42905299686,20340.17521572121,24557.487415412284,26445.042306692776
2015-04-02,16156.54662152479,41692.73387835465,32084.31680966916,31986.187746040898,19807.127440973927,23087.772628134924,23410.926271229724
2015-04-06,22355.637877147296,41692.73387835465,32084.280795306535,32254.240384004846,19209.635190842633,21661.146284839204,24416.600905225456
2015-04-07,17225.862984244348,41692.73387835465,32109.50398619456,31451.436494060665,21551.107575142876,27021.841585836533,30417.843420246725
2015-04-08,16757.220471191467,41692.73387835465,32104.54098142659,32665.599835202967,20984.769440193984,25193.783622410887,30091.145044974266
2015-04-09,20207.25110570854,41692.73387835465,32095.991564048483,31435.399311833902,20569.89680823998,23962.002937450354,26691.318451029423
2015-04-10,20557.205026466825,41692.73387835465,32080.741768411557,31929.266083325343,20400.0478769629,23471.16199478409,24420.113854068455
2015-04-13,15122.21496823398,41692.73387835465,32089.105961444388,30991.595401339182,21478.82274428314,25842.489869764555,30888.9908785231
2015-04-14,13976.132013286113,41692.73387835465,32090.5126702474,31944.129569803,21265.251180950992,24988.63693378327,32763.36951526307
2015-04-15,14455.367456668731,41692.73387835465,32088.753924982844,32322.262425595123,20661.34137847366,23380.19185846046,25487.92473857056
2015-04-16,4393.146731089737,41692.73387835465,32090.58968681481,31678.51943478366,21364.109661993378,24972.90522415081,28293.062710795322
2015-04-17,1554.723455522085,41692.73387835465,32075.414498878978,32462.532638949775,21248.423028071305,24500.96574036975,27022.99383723761
2015-04-20,-344.0714970416474,41692.73387835465,32068.73989035594,31144.830230472937,20652.089452358505,22990.539464145844,23993.5927006883
2015-04-21,-1157.7521179440066,41692.73387835465,32053.32353614494,31712.877853031387,20224.307211018975,22078.327766322724,23041.95438762101
2015-04-22,-5234.96672783253,41692.73387835465,32053.75469699474,31212.122212734495,19705.613887747924,21051.299517624862,23092.210708610306
2015-04-23,-3847.8978101131042,41692.73387835465,32060.42022982497,32270.483096941432,19852.438579405036,21750.348875757893,22832.63506530731
2015-04-24,-11566.001087765799,41692.73387835465,32052.23215336658,32124.60495898075,19280.33115397857,20621.14540663756,24215.58794348491
2015-04-27,-12711.378964101448,41692.73387835465,32023.665749826407,31659.986676681732,18718.08568345764,19654.767464489505,23706.603645605952
2015-04-28,-27586.269395566313,41692.73387835465,31966.966897684913,31735.68094471931,18237.897798956164,19004.759290217684,22968.96268997324
2015-04-29,-21994.903013630774,41692.73387835465,31955.64423919965,32066.704523395696,17976.34922050521,18965.850933361082,21479.451697952256
2015-04-30,-12321.946860531802,41692.73387835465,31951.633838514863,31971.379994932246,17802.25301707523,19116.64425607273,20129.729566737296
2015-05-04,-3956.73243859273,41692.73387835465,31939.10067776141,32292.963627695688,19334.144406128584,23111.0285861276,25954.552862746914
2015-05-06,-4685.10734197909,41692.73387835465,31932.58644110815,31256.626902893782,18901.826850103927,22026.228938382035,25020.565903494058
2015-05-07,12417.337175296834,41692.73387835465,31992.82810443239,32671.206907984517,25094.631563099774,34755.89167710347,38925.97581517534
2015-05-08,16156.619382438515,41692.73387835465,31940.742299285717,32948.60573899699,24638.584472043673,32278.595421383507,37451.64115684651
2015-05-11,11855.419406558362,41692.73387835465,31933.455401049596,31365.790965443048,25422.105518517146,32743.309477189487,37381.50381360349
2015-05-12,9488.562687328762,41692.73387835465,31918.65173606219,31730.593905548896,24724.394799541264,30052.170396679514,33641.73121417492
2015-05-13,12948.37417532279,41692.73387835465,31904.978821086934,31931.09634514162,24205.07872669322,28133.000065273638,32971.01956897373
2015-05-14,14325.126927725752,41692.73387835465,31909.801686113937,32055.871442068663,23923.626910810497,27013.543657245875,29786.9189811378
2015-05-15,8232.778448753013,41692.73387835465,31914.326451779034,32831.227394880276,24755.564457689245,28626.867080932272,32972.835763011186
2015-05-18,6577.552432203757,41692.73387835465,31909.21712084789,31922.55884834019,24216.041219254927,26881.024690328468,30050.20991564411
2015-05-19,4363.711857072476,41692.73387835465,31889.798561867065,31868.13882917888,23502.65749558274,24948.363813160384,27445.451661194136
2015-05-20,-1919.7034559933038,41692.73387835465,31793.06200418454,31106.76011742317,22810.929221006903,23373.982366735843,26251.588338724916
2015-05-21,-3138.813434114968,41692.73387835465,31799.31359646425,31598.19433842793,23024.15183654639,24222.024868792272,25805.398536491022
2015-05-22,-3979.678712312415,41692.73387835465,31799.379588012805,31333.76451445128,22340.40245609179,22677.364498181178,23559.30078418121
2015-05-26,-5393.378841471817,41692.73387835465,31778.761634087936,31676.34896704874,21688.139937257554,21423.892487170586,26352.91551208439
2015-05-27,-11035.211123465222,41692.73387835465,31733.7966520597,31443.222012076887,21384.239673459655,21261.076892866724,22777.68595813155
2015-05-28,-11840.24180629423,41692.73387835465,31747.47857585827,31877.920344128514,21868.122690943877,23067.978184824115,25581.310123298957
2015-05-29,-12715.09991466405,41692.73387835465,31752.278969404822,32445.530063651797,21749.411391953603,23033.952064847253,24370.146698472963
2015-06-01,-14358.994914550713,41692.73387835465,31739.269800086444,31306.10050869702,21087.633648839255,21650.593519270235,24300.727204352323
2015-06-02,-12214.747204722325,41692.73387835465,31737.11319457095,31857.848868149216,20456.975182946797,20503.61957133692,22830.468022271187
2015-06-03,-2257.4403490010204,41692.73387835465,31770.37542695683,31855.831949200634,22718.276114824683,26436.509006004395,28809.418496988095
2015-06-04,3007.0939845633193,41692.73387835465,31783.53173123239,32142.30705614146,23427.309175319722,27695.46420067882,31577.952535038134
2015-06-05,2693.120508232936,41692.73387835465,31762.606036531935,31433.473646341146,23018.57696158251,26303.469358489652,29082.53559182057
2015-06-08,433.33335407856174,41692.73387835465,31760.574137626958,33002.47832305447,22433.295560487837,24689.216804835996,27334.21862396805
2015-06-09,-5240.018493474568,41692.73387835465,31744.060545562526,31110.6318102291,21845.23129612498,23302.721768647592,26453.3540965598
2015-06-10,-5649.94117625487,41692.73387835465,31743.95619317772,31594.303751293544,21240.740507210714,22027.710821707296,27193.33201193474
2015-06-11,1067.6902025520972,41692.73387835465,31743.683584947266,31893.24895084623,20632.92747887751,20897.100801499837,23892.066183196734
2015-06-12,3867.4144040938404,41692.73387835465,31742.481459703806,31481.600051392994,20280.36055172906,20557.560451400266,21721.584488854773
2015-06-15,10156.00889231044,41692.73387835465,31750.10255846906,31179.993900712478,20327.66556016118,21248.007071940774,24669.991160417394
2015-06-16,16236.391600092726,41692.73387835465,31756.8470948668,31690.36481443185,20380.362464064634,21802.93614551768,25302.59525135647
2015-06-17,19693.04004514228,41692.73387835465,31755.68228893702,31507.574000559634,19789.334211064765,20667.68639595445,22207.397272193717
2015-06-18,15676.11376710474,41692.73387835465,31737.86096964336,31787.615101019666,20523.758044023198,22913.03178073559,27239.263075695122
2015-06-19,11184.164802078501,41692.73387835465,31732.138375920546,31308.828347727555,21061.486383746866,24247.218473103672,28727.95011384551
2015-06-22,7219.781138738002,41692.73387835465,31731.184623818142,31871.662410838104,20618.558502541036,23110.26364427825,26219.44326702377
2015-06-23,-6640.458339111272,41692.73387835465,31725.82373480028,31173.48192001187,20153.35544488913,22079.647664273274,24723.025553445485
2015-06-24,-6189.414955763314,41692.73387835465,31719.623891691183,31947.991280559905,20296.22784502748,22632.826199638406,23946.499367091074
2015-06-25,1487.0784825912076,41692.73387835465,31719.945410013108,31544.4896405088,19797.090877678263,21577.738397841433,23343.068046427255
2015-06-26,5108.665992629205,41692.73387835465,31674.96922572237,31649.775992243824,19230.119150872502,20511.22848847221,20824.903595464413
2015-06-29,-4268.685015837309,41692.73387835465,31672.000759509734,31065.20231711734,18773.16010339854,19828.26412073431,22408.325780743548
2015-06-30,547.8837484642739,41692.73387835465,31733.02124239522,32194.50894220393,23651.49234490008,30817.059813062886,34297.56850034097
2015-07-01,-11561.78498505728,41692.73387835465,31741.06088412099,31964.99736227463,23719.605227753185,29860.933806315985,37495.516334459615
2015-07-02,-20763.197011699205,41692.73387835465,31776.366500537773,31932.076909838113,25916.611989163317,33523.59045000148,37996.7434877562
2015-07-06,-21951.260724357242,41692.73387835465,31784.270273993086,32006.6985524331,25786.180983274015,31947.472739580877,32887.15088959612
2015-07-07,1269.4367077964573,41692.73387835465,31835.7465198144,31766.942512556634,28724.496735178494,37090.885366413524,44693.54563371468
2015-07-08,12470.567130596743,41692.73387835465,31841.837946317923,31944.851922553513,29257.13303050088,36664.04738381914,41510.07602012807
2015-07-09,23716.499588698487,41692.73387835465,31852.603259741067,32506.011340961406,29871.661698483393,36574.81936106596,41691.95597699239
2015-07-10,31409.860985055744,41692.73387835465,31843.739409392343,32559.926513107075,28962.531267637147,33235.02833211472,39510.81391978502
2015-07-13,26641.27506599965,41692.73387835465,31832.405217376858,32097.04163306866,28404.369749392594,31146.367244039342,34897.176885596506
2015-07-14,16818.705476034298,41692.73387835465,31892.198538561264,31929.550916945507,31573.605823851907,37754.43315291082,42539.356973633825
2015-07-15,13309.278848900187,41692.73387835465,31896.57833925031,32095.966537321518,31068.265062076705,35330.71466802439,36859.061815039466
2015-07-16,5108.294034050097,41692.73387835465,31891.332421512005,32166.045171196707,30528.23821530824,33181.418718072615,39145.81954081192
2015-07-17,-2989.7880072541316,41692.73387835465,31915.909771751958,32475.021682893945,31251.07415568602,34270.571920630566,38459.51958552413
2015-07-20,-6592.512059679342,41692.73387835465,31911.300493438262,31784.077974518423,30352.289634714834,31432.152182613787,32541.785501782873
2015-07-21,-18644.485254550033,41692.73387835465,31911.360293858877,32102.022308068495,29572.880281081,29184.714540661815,32817.68081680493
2015-07-22,-18832.29160354778,41692.73387835465,31907.516441078213,31431.789070253446,28684.119420309966,26879.669457861455,29831.566072483947
2015-07-23,-18245.360129659904,41692.73387835465,31871.679618922954,31970.954713815074,28345.97142265729,26405.426883938107,28748.890895515768
2015-07-24,-26119.277584560856,41692.73387835465,31871.780639881057,31331.6720279293,27483.967140814613,24433.790270620786,27765.31544148584
2015-07-27,-14597.475263863727,41692.73387835465,31766.907301940122,31838.492512155506,27401.621107668874,25067.817780472324,26596.322732818895
2015-07-28,-11178.83689767409,41692.73387835465,31809.123301323973,32771.17387419384,29330.57144667665,30571.595215570032,37399.46361290023
2015-07-29,-5655.216692469531,41692.73387835465,31801.462502686696,32230.128442843874,28443.277075061073,28106.43221538062,33870.43369623493
2015-07-30,1906.0447612702585,41692.73387835465,31730.820159897678,31391.272075672114,27980.646483206812,27076.92456018271,32688.036180774627
2015-07-31,9074.675593842287,41692.73387835465,31755.584473011557,32032.840931716455,29025.85247895397,29968.931108511973,36593.09946835194
2015-08-03,3705.2244142832346,41692.73387835465,31741.95821837004,32392.501920133906,29338.187511965287,30576.25727579222,32109.394043411623
2015-08-04,9588.322206909985,41692.73387835465,31750.749226161388,31924.153542022505,29567.91557812655,30893.55548968072,36998.30972363486
2015-08-05,-3989.443328014537,41692.73387835465,31737.160380999787,31662.6694249971,29666.101724706114,30869.644591310698,34819.1207927342
2015-08-06,-14295.564155955655,41692.73387835465,31739.495984361893,31311.354821527588,29176.35977161284,29389.551181144918,33117.39413612066
2015-08-07,-8442.013315046455,41692.73387835465,31723.322646399723,32530.510734548476,28312.48663960986,27133.722527985577,30219.643136065104
2015-08-10,-12224.708811289609,41692.73387835465,31714.32648466963,30718.20814517723,27488.328991495335,25230.04348438263,26005.19673136611
2015-08-11,-22201.705839360806,41692.73387835465,31713.69357868432,31721.724138567173,26657.16849666937,23501.093372525906,28718.611572535687
2015-08-12,-28003.498218805977,41692.73387835465,31701.640256092418,32104.828058043724,27593.86441480986,26918.51688486231,30552.8437695663
2015-08-13,-34630.884711171246,41692.73387835465,31709.77974533298,31348.1865327734,27991.79015308354,28188.944960001252,36694.46280397234
2015-08-17,-63273.325377131914,41692.73387835465,31700.841115586587,32081.878703701357,27853.931566088057,27891.341631773066,32871.696204087035
2015-08-18,-82037.50424268527,41692.73387835465,31704.326882215115,31608.116392247364,27214.634867891808,26324.357827728814,30179.725137463294
2015-08-19,-61341.975439770315,41692.73387835465,31736.3249031452,31117.552803945753,29543.3824027806,32364.230095252227,37744.67287501758
2015-08-20,-25196.572554808783,41692.73387835465,31813.727959622152,32022.050331658498,33338.8149819243,40501.061915652346,48545.501964363
2015-08-21,-2078.9124134544413,41692.73387835465,31887.71684471372,32353.752355314813,36372.707224391495,45674.32145002942,49808.55623227438
2015-08-24,30932.05886542096,45114.87949115681,32106.204250976894,31978.474272907926,46445.70240513915,65531.65471002737,64920.38984402829
2015-08-25,49993.527696625526,47961.70641566081,32300.30118643703,31144.504456486502,52648.1872990692,74484.41008905057,83542.64347530824
2015-08-26,24598.026598985536,51004.527757277516,32342.852786237843,32003.86247634706,52693.656714095865,69441.10990259654,82199.85903188413
2015-08-27,7702.007604945166,51004.527757277516,32535.214487561247,30699.578168042877,58743.69711994591,79009.90953572693,92458.1279346251
2015-08-28,-1299.285672229744,51004.527757277516,32575.205508146573,32863.168900109675,58369.82229645068,73051.1517515059,83111.93664805786
2015-08-31,-28019.888927349293,51004.527757277516,32609.193632326704,31942.477607059354,57816.21354860033,67616.07622455641,78013.41593414391
2015-09-01,-26304.043994044456,51004.527757277516,32600.992560717586,32279.43181946508,56134.558536473014,60029.171791010966,68026.3077754816
2015-09-02,1344.8813642902292,51004.527757277516,32692.783976819726,32795.2117756871,57737.98456459441,62481.74128734429,67777.93844885696
2015-09-03,2684.923669175782,51004.527757277516,32679.00793640505,32877.51336988767,56474.96101093856,56782.19759026164,62917.452781916145
2015-09-04,1368.8650458341529,51004.527757277516,32642.125801006434,32948.62619085908,54770.12878652888,50423.11941251896,58998.44236384047
2015-09-08,14108.279626475045,51004.527757277516,32769.095406295164,32533.801063142735,57559.540883779235,58723.755098311405,65002.98775591581
2015-09-09,18193.456185998486,51004.527757277516,32763.224970278567,32825.63949881575,55811.82464261778,52104.7675146149,60084.394904121116
2015-09-10,16233.851271827842,51004.527757277516,32825.42320523268,32667.29165059124,56413.84886350149,53655.79509878897,65841.04942814964
2015-09-11,8579.31363874711,51004.527757277516,32836.47559899942,31939.268091162357,55459.49131903589,50164.817228182794,58680.77632712413
2015-09-14,15440.456974326687,51004.527757277516,32791.78040667002,31867.4172547054,53771.23681297678,44708.55922496134,55213.795060811346
2015-09-15,15432.405026205968,51004.527757277516,32788.96313149119,33624.43631830013,52474.80872406169,41227.03897759059,47094.37482988434
2015-09-16,14045.905121694675,51004.527757277516,32791.45803576465,32375.470053300553,51066.31062008898,37723.55385457902,48163.90055128133
2015-09-17,-6944.61272563411,51004.527757277516,32803.29340026081,32483.284073731873,51306.29706173572,40927.955897726075,48317.957058280444
2015-09-18,-5323.734603793459,51004.527757277516,32802.85089781873,33179.34409547301,49746.66046598706,36876.77529126085,42248.908032637155
2015-09-21,-13644.138710298328,51004.527757277516,32793.83445162719,32372.86664582543,48952.664096590706,36163.18899676219,42885.384053084934
2015-09-22,-7079.01350235551,51004.527757277516,32801.48822263829,33019.94631883887,47837.69117503366,34269.88411282963,38809.10407883615
2015-09-23,-4051.0228243347165,51004.527757277516,32802.900929479336,33870.23051373884,46455.179899222785,31518.983634782086,36237.20321522653
2015-09-24,10510.194799301025,51004.527757277516,32827.917159529134,33262.29546580417,46960.106530597164,35987.83763061835,40049.95681787264
2015-09-25,15302.225367566563,51004.527757277516,32816.217443342204,32794.1183989746,45553.79359247638,32873.35132725089,38346.677972484584
2015-09-30,17453.05709016769,51004.527757277516,32808.414323717625,32067.163225104625,44222.213664940726,30314.54776591048,31239.615678262115
2015-10-01,15491.436942638318,51004.527757277516,32802.96075575897,32091.150782506687,42940.84768961586,28144.60506895164,33341.23786849513
2015-10-02,11845.773182659006,51004.527757277516,32810.49207104905,32650.49459693364,42136.08676061558,27921.983238090925,32354.609935780005
2015-10-05,8705.697607508519,51004.527757277516,32814.13908506445,32282.298205799045,41190.03588684042,27084.0487854458,30021.02141973938
2015-10-06,894.8863370343322,51004.527757277516,32800.90378770597,33552.292702924235,40650.67475318316,27695.09859416205,32471.89324692658
2015-10-07,-1958.3231842343935,51004.527757277516,32728.44994546771,32453.386229621832,39415.62159650296,25682.9556320295,29263.420972790125
2015-10-08,6554.318768714957,51004.527757277516,32700.684390110204,32488.966213017797,38215.06038221338,23925.51124050345,27773.619749768648
2015-10-12,7756.773543077591,51004.527757277516,32540.171092893008,33510.42535357491,37096.955639407985,22623.20450505161,26586.601874074833
2015-10-13,7656.620351183396,47961.70641566081,32263.047982249627,31849.913146285173,35988.95459491374,21455.562276463723,24474.185453097798
2015-10-14,11927.041138823284,45114.87949115681,31570.19562045029,31535.094623180103,34972.262752840645,20666.080312518003,22973.716470369982
2015-10-15,12509.535813445136,41692.73387835465,31498.648496381753,31351.03909461196,34050.40215965908,20278.666065327405,25103.16187907539
2015-10-16,2271.1710026411774,41345.13898169888,31519.946972531023,31806.13971797135,34711.1872556772,25393.275055401864,31196.015340864767
2015-10-19,5174.048099559929,40676.893096452004,31392.592673741827,31269.118358359814,33823.113096697365,24275.574655175664,28250.191193172748
2015-10-20,8585.850836941145,40676.893096452004,31390.993731907703,31766.768917208294,32812.3278136114,22847.19771264559,26879.36633077181
2015-10-21,4860.575988702668,40676.893096452004,31098.963645454776,30597.41448695278,31961.67245122262,22088.683915880847,25642.277381584267
2015-10-22,9995.84748906365,40676.893096452004,31069.401333572718,29630.846830003487,31079.32796120274,21244.97594578244,24944.96003350503
2015-10-23,8093.7820926586055,40676.893096452004,30986.1030879953,31735.462777911835,30221.839935665892,20538.001774467626,25206.358733106263
2015-10-26,-1300.6642459985865,40676.893096452004,30402.92954629284,29997.2650836498,30144.25809107707,22398.202392710715,24205.837404671925
2015-10-27,-3988.2977449367536,40676.893096452004,30362.641373131697,30628.763322118088,29735.51420079106,22765.519436603812,25744.016221647442
2015-10-28,-268.99928168069465,40676.893096452004,30108.24064793132,30064.17915350511,28877.675222498172,21671.254712151404,23426.993043175764
2015-10-29,-2669.717567769769,40434.068498329114,30097.552395016566,30464.02559200664,28305.655280464394,21531.13071775876,27448.017669025026
2015-10-30,3184.6215375637207,40434.068498329114,30101.3929846761,30035.964230863672,27850.59640949954,21704.213498732417,26419.567937604454
2015-11-02,4135.015004465998,40434.068498329114,30085.543631121836,30640.550861039785,27441.5272972528,21921.69863056465,25524.421988033606
2015-11-03,-10452.699049993282,40434.068498329114,29952.176015608256,29310.232611644,26684.9302171569,21027.035022366035,24984.640705833288
2015-11-04,-21330.07843106964,40434.068498329114,29934.136931582776,30546.705047877513,26054.022154633625,20612.17524546219,22348.95370656163
2015-11-05,-19068.39776885907,40434.068498329114,29909.160637506957,29987.874982485948,25284.398069904586,19800.701622111323,22798.48196078483
2015-11-06,-22912.261375332706,40434.068498329114,29907.09820262707,29307.028649566048,24663.936217909966,19517.148121065024,22792.050891159164
2015-11-09,-25343.858635464905,40434.068498329114,29904.51381744538,30825.41272513027,24194.070463601205,19677.35789115898,21374.113528194383
2015-11-10,-16462.570351001414,40434.068498329114,29549.793713444065,29036.032725788093,28696.670576229277,31798.149176551207,34635.405140027826
2015-11-11,-901.4020686317009,40434.068498329114,29361.7481994669,28054.291728259897,29839.846452284222,33627.20275036825,38522.71185865901
2015-11-12,-786.4556038030104,40434.068498329114,29363.78603247123,29961.941079788663,29203.993320492536,31048.41140520898,37395.73898998458
2015-11-13,8145.783531544741,40434.068498329114,29290.74018617477,28022.201056572987,28398.396888030602,28548.204209670344,30733.30899313797
2015-11-16,15885.878020850425,40434.068498329114,29222.936385114936,29106.03982871712,28355.344093490137,28249.004257809847,29817.045534003086
2015-11-17,22871.561317590502,40434.068498329114,29208.3771920518,29259.979787720004,27981.65597301467,27205.50847673038,28728.844073011718
2015-11-18,17725.590712986956,40434.068498329114,29083.554730593263,28724.492839886425,28596.502094717896,28694.549094530947,31456.876192275235
2015-11-19,14072.810909770362,40434.068498329114,29070.930109988156,29103.679204722266,28031.499044675154,27124.62420509594,31361.340190175488
2015-11-20,11647.448430794575,40434.068498329114,29077.360685505835,28400.165923118522,28691.784873708926,28689.704379151983,36969.40020313694
2015-11-23,1446.1327379510094,40434.068498329114,29079.367896098036,30065.217286451694,27988.162041181913,26790.011063941573,30422.447466761194
2015-11-24,7807.26049928231,40434.068498329114,28953.355097555886,28743.172576420788,27384.839819846966,25440.412743482735,26463.72105620307
2015-11-25,-15.294012093163174,39738.24897442066,28553.602526616913,28702.081813730787,26666.66760131456,24062.657183021838,28009.87317936496
2015-11-27,-7605.559402166203,38013.19418414562,28281.85158340263,28660.617850394796,25859.576460488093,22651.01696772215,26868.079915554452
2015-11-30,-10690.203391465515,37366.57387084831,27938.713071187092,28141.325935588993,25804.94478587698,23384.44862517413,25499.243812201992
2015-12-01,-6110.354520072335,34658.178040518615,27947.661553145797,26940.12881466116,26911.62044888287,26565.244389625434,30282.765150802745
2015-12-02,-24239.77967527323,34658.178040518615,27898.279539398984,27849.420756306816,28632.758839807808,30319.01575305462,33256.17903975543
2015-12-03,-21664.812969274135,34658.178040518615,27915.87628762812,27994.391291045504,28751.08700779317,30045.949158810177,34083.041831620714
2015-12-04,-15421.49686119378,34658.178040518615,27540.532688704057,28715.639306304165,29680.77263452932,31717.58469388217,36443.25911604026
2015-12-07,-22234.446517829627,34658.178040518615,27433.37951718366,27092.60582974512,28858.805072064493,29113.673227247,36307.67764476029
2015-12-08,-31385.138603232965,34658.178040518615,27389.892461608164,27299.140077670647,28275.37256414732,27450.757157889817,33517.829819180864
2015-12-09,-16134.854617016945,34658.178040518615,27351.989562016544,27129.335041789996,29654.75115037967,30679.910368307323,37965.44576202697
2015-12-10,-2319.607090659207,34658.178040518615,27330.34918701769,26971.536901250558,29056.63966533603,28751.573215790002,31967.949192716907
2015-12-11,1924.707995709673,34658.178040518615,27300.99369567604,26742.06215460468,28260.289491605297,26657.163260517653,29902.81740166577
2015-12-14,6623.09300229394,34658.178040518615,27302.84282568676,26861.2792103119,28160.74795512467,26590.142953558483,29996.05656099812
2015-12-15,22220.177521652564,34658.178040518615,27370.648606246472,27341.03811573269,31514.207523248147,34348.40665491048,36268.51818080351
2015-12-16,16801.48093383326,34658.178040518615,27368.278721961855,26878.827383575488,31615.631314474813,33453.13107261442,36607.925947991454
2015-12-17,8193.496062570526,34658.178040518615,27420.48070545952,27788.190819911637,33454.40300133425,36615.33621515236,41871.814282087034
2015-12-18,3524.159794749881,34658.178040518615,27421.529109294795,27163.844701599188,32589.700005249586,33255.08868702901,39773.733600298714
2015-12-21,-1641.5576982760342,34658.178040518615,27293.973087738414,27428.116524866426,31601.122053214465,30152.180904570716,32993.44073526535
2015-12-22,4706.092666120079,34658.178040518615,27195.107973051076,27703.501994850965,30916.22937991527,28266.99478279337,32088.45898122657
2015-12-23,4764.472736096323,34658.178040518615,27052.50696884022,26812.800550028303,29999.17561348886,26016.33974306163,28487.064086851762
2015-12-24,-9177.777280652674,34658.178040518615,27043.23463027116,27515.74270584502,29186.95267113404,24440.650196341154,25601.000654511517
2015-12-28,-2729.14603874359,34658.178040518615,27039.236466009417,28062.74798927957,28434.078373154935,23267.621032425384,25445.989660568834
2015-12-29,1552.2836117728916,34658.178040518615,27019.362739181066,27479.125421634533,28467.34840731753,24474.042851902534,26901.90945590292
2015-12-30,-19037.13438748068,34658.178040518615,27062.863661574578,27141.70740880781,30185.713266012986,29453.828191821976,31947.090462409014
2016-01-04,-19342.6955621532,34658.178040518615,27046.447702161186,26771.41827511216,29294.703262757408,27026.59007622018,30082.055468193998
2016-01-05,-13678.964727829163,34658.178040518615,27115.874422761706,27312.777514644367,32275.841375858614,34112.37535946522,39852.00181098977
2016-01-06,-16766.234443319758,34658.178040518615,27121.564548193706,26284.249842295307,31761.286006563016,31851.25985360668,38542.158449471564
2016-01-07,-12054.883089495785,34658.178040518615,27117.208123976765,26614.54410417932,30837.569690972603,28975.821447514736,30590.14759104431
2016-01-08,-598.8847348349525,34658.178040518615,27079.88744709767,26917.52895256248,33018.49875310479,33957.450100923656,38650.505049388485
2016-01-11,-10152.337511911262,34658.178040518615,27072.473605858322,27462.847376363017,32025.38644124194,30640.145233390358,35738.05542937382
2016-01-12,-1509.5616649057213,34658.178040518615,27092.422470277197,27175.228212231938,32092.533795813873,30414.469689960526,33154.32390174874
2016-01-13,-14602.099149162714,34658.178040518615,27077.018205323755,26039.672923301907,31151.12190822048,27679.628034671532,31675.008464562852
2016-01-14,-19456.071690394314,34658.178040518615,26832.18610565063,26054.642642595692,30515.079441691698,26318.38165404998,30578.21793218209
2016-01-15,-8311.142971622947,34658.178040518615,26702.842570549386,26275.76279120223,29591.26271471363,24353.040075710673,25429.310371728432
2016-01-19,3155.41239197228,34658.178040518615,26702.054556866235,25726.00714532833,30823.54901212217,28567.340278582506,29450.303072551815
2016-01-20,741.4498384249825,34658.178040518615,26701.312112235013,26309.19329950419,30024.74464618647,26494.457542833905,31474.865703988595
2016-01-21,12252.085267470777,34658.178040518615,26692.14100011665,26896.69557181452,32830.26248510362,33708.93505974338,42318.62668230687
2016-01-22,18804.22869972202,34658.178040518615,26688.01527049063,27009.7611091479,31882.44549785877,30400.322379113917,29988.38397338958
2016-01-25,15870.59309133274,34658.178040518615,26721.479165955912,26701.170036310923,34265.71377379463,35659.74768156802,38479.76151386653
2016-01-26,15228.259075437769,34658.178040518615,26681.345046484093,25940.585317389316,33389.49162679008,32252.26591414753,37651.88601432636
2016-01-27,9772.630232821335,34658.178040518615,26673.26723912031,26148.667441246187,32372.800646735144,29049.417435972202,32541.612582186473
2016-01-28,7613.457939248214,34658.178040518615,26497.692001564148,26765.313910432058,31390.789213240965,26551.302541907487,29191.20685013761
2016-01-29,7812.413492853575,33611.29826533931,26467.494871777675,26272.21460660974,31125.65097507584,26434.459788865643,32737.43512524618
2016-02-01,-5849.617429553084,33611.29826533931,26373.99968251018,26908.4164522646,32136.3495694855,29702.424880999344,31613.61997756719
2016-02-02,-30996.99381858829,33611.29826533931,26336.669047208597,26817.385567140573,31259.355719956864,27308.182701775233,32045.92537016561
2016-02-03,-41659.85776419012,33611.29826533931,26323.452342852444,26701.863922405202,31134.283780017064,27371.46506080492,31545.381709820223
2016-02-04,-17971.87418967056,33611.29826533931,26274.591495208933,25711.710597312373,30361.801369968747,25670.082241094835,31744.10669430981
2016-02-05,-24947.77054645015,33611.29826533931,26286.298913378843,26905.09247275803,30206.745768904253,25974.498073888903,28802.189210372537
2016-02-11,-10766.736570262978,33611.29826533931,26276.256172082856,26607.0725505926,29969.08375399476,25945.101676499537,26705.500377499888
2016-02-12,15750.093167528303,33611.29826533931,26544.406243071026,26513.6196017564,41420.37080163836,51414.93566246291,53313.85746232166
2016-02-16,37517.238923784644,34658.178040518615,26668.359547261713,26849.598992453193,45186.829174061626,55463.88304376403,63100.511074837115
2016-02-17,10447.271779021301,34658.178040518615,26883.3362781508,27040.77841364217,51419.41254024652,64339.329456484,70572.24464741957
2016-02-18,13640.85397370409,34658.178040518615,26879.84827044099,26883.778205587707,49897.699521450035,55863.330955133904,64771.93125075844
2016-02-19,9692.53272505929,34658.178040518615,26912.730409287185,26774.821822616123,49774.60143998178,52000.905206071155,59435.97628924704
2016-02-22,6031.349083614361,34658.178040518615,26886.369176202974,26510.60322344659,48446.65368246089,45971.076822189316,54649.550491590475
2016-02-23,-673.5173008320853,34658.178040518615,26891.17718956877,27234.68299628692,47492.43621788728,41683.468649415765,47340.61349777388
2016-02-24,17818.941947268875,34658.178040518615,26858.334928457876,27841.456464943712,46664.330838961854,38531.512425736866,46609.68007796129
2016-02-25,21368.625579553573,34658.178040518615,26826.57162223453,26874.569369209403,45285.05076086471,34083.498877625854,42074.26411423588
2016-02-26,17579.63230458944,33611.29826533931,26527.605417735867,26709.718093337462,44410.560469321426,32622.33276064926,33954.5425238694
2016-02-29,17288.52146063615,33611.29826533931,26437.303079461824,26965.18505015386,43059.46426142843,29440.306485893034,31554.877446959796
2016-03-02,16378.999287505025,33611.29826533931,26356.593500645322,26592.71364851371,41775.48775099774,26652.729288428258,31322.198593192214
2016-03-03,6947.3788816326305,33611.29826533931,26431.419396348876,27544.092776464575,43544.66832516663,35002.028863713844,40852.10661199633
2016-03-04,6004.569989328777,33611.29826533931,26435.06916834336,26828.919397246602,42712.51951157359,33002.04621280767,36321.67333477083
2016-03-07,8737.69277772664,33611.29826533931,26395.565845522953,27064.83423409672,41452.66595298441,30018.875735949758,32373.494714666333
2016-03-08,9999.398740789191,33611.29826533931,26393.230241398094,26844.782992915527,40197.18302195258,27398.290081942538,29806.500004797974
2016-03-09,12134.086047674273,33611.29826533931,26381.563230603504,26445.380041433735,39064.8161390877,25585.796219044474,27603.556690800684
2016-03-10,12384.764881269984,33611.29826533931,26265.97415156465,26326.22012968758,38082.4100332546,24715.72076177444,28968.79157370196
2016-03-11,11107.96940312415,33611.29826533931,26273.389053693594,26387.528851612115,37297.68700498638,24463.695451606192,24880.640343623985
2016-03-14,10248.02474290878,33611.29826533931,26276.985251434133,25947.103172622676,36552.64171888273,24307.26608030184,26653.716109487184
2016-03-15,7891.884285244084,33611.29826533931,26268.353965614726,25623.311546609177,35449.05282995626,22892.599704128377,25458.624041196807
2016-03-16,7670.328591552802,33611.29826533931,26267.578806123034,25163.31007266285,34369.152470135545,21710.42136126301,25064.25792639125
2016-03-17,2868.118624324707,33611.29826533931,26241.8852522726,26192.990072308476,33597.27969991344,21777.971092974127,23647.168381590123
2016-03-18,-2630.805738814416,33611.29826533931,26240.296618944456,26177.508314336414,32777.82262572713,21561.326540688697,23574.780586029225
2016-03-21,-9463.840733195064,33611.29826533931,26239.820305564368,25201.88984553428,32060.57325787066,21642.362539316466,24311.945691855213
2016-03-22,1333.4752190028669,33611.29826533931,26238.59888211288,26465.525240250732,31158.993776897634,21012.254600350538,22923.732318121773
2016-03-23,4854.672785659676,33611.29826533931,26237.593664739274,25863.38815360101,30210.75614680078,20273.967394334046,21716.290580243716
2016-03-24,4903.478575397146,33611.29826533931,26238.033231686095,26647.96293184725,29347.396676075172,19883.847793053603,22407.089495754157
2016-03-28,7072.478488903524,33611.29826533931,26235.212255347917,25748.565175034473,28650.46812517591,20039.954890321456,21377.954127291603
2016-03-29,13020.761958294572,33611.29826533931,26240.524716394873,26747.470299933673,28134.849683572917,20640.604468829708,22711.295721247312
2016-03-30,-151.38324371318998,33611.29826533931,26277.48126475334,25890.661942244184,29640.069747520938,26510.94335861924,28411.588104209164
2016-03-31,-920.1206798150965,33611.29826533931,26278.63686840657,26107.016885977388,29048.51703456919,25393.72540398373,31219.688826008332
2016-04-01,180.1075327517664,33611.29826533931,26279.630457395717,25953.7441102116,28218.879695127267,23860.97095055897,26691.598725019365
2016-04-04,712.9345898005037,33611.29826533931,26262.64522199423,26281.373258597538,27365.606697091735,22524.694781990784,25272.231745031786
2016-04-05,-4143.43742002175,33611.29826533931,26255.44001245104,26786.27750081018,26713.628826000808,21957.237136737753,22939.310390544248
2016-04-06,2882.3083265967157,33611.29826533931,26256.19339551596,26174.892503309722,26414.3675223972,22395.23768458858,26131.854232881797
2016-04-07,6773.153642227331,33611.29826533931,26246.387483781953,26098.74686380061,25816.651803313212,21909.98385537684,25775.3508389374
2016-04-08,8200.373522998387,33611.29826533931,26246.50081810548,26438.72138473997,25032.816683298555,20995.872431388103,22714.147304849903
2016-04-11,8715.008937781988,33611.29826533931,26244.08460947821,26419.753612071898,24270.374624311033,20275.988757099964,22301.164028057185
2016-04-12,14042.533405192331,33611.29826533931,26247.388214098795,25859.189773147442,23731.410281703735,20248.473429586782,21755.805551415004
2016-04-14,8668.541352877217,33611.29826533931,26242.46639641995,26577.59792713448,23314.288612438377,20485.6882121832,22349.16512840059
2016-04-15,3152.5716316479916,33611.29826533931,26259.269461322325,25584.8928482699,24052.317839934545,23388.882186506726,26778.82014932542
2016-04-18,1439.1551547155268,33611.29826533931,26259.14450293188,25791.752310957458,23364.91769627345,22240.20938579721,25790.911060576145
2016-04-19,242.38175584341332,33611.29826533931,26246.575246733275,26664.737929320156,22665.32370095851,21268.655191722664,24305.17789271694
2016-04-20,-2682.5014105135047,33611.29826533931,26250.087858727533,25969.79214334301,22285.93531880277,21222.09214162812,23567.26729341537
2016-04-21,91.04603064996657,33611.29826533931,26250.125943249473,26884.761388048384,21825.9409543905,20958.827777051654,24312.59633949949
2016-04-22,-4035.1009123712547,33611.29826533931,26244.908048503694,26783.40588533027,21194.56773555651,20315.11364610305,23836.761610495505
2016-04-25,-5646.694722785197,33611.29826533931,26229.003163683657,26773.633166901946,20561.805113807248,19765.758064695223,21955.296034374835
2016-04-26,-9246.757577436083,33611.29826533931,26229.20968660175,26143.26364992592,19950.721626989813,19338.045353898233,22994.76478489973
2016-04-27,-5871.2236330034775,33611.29826533931,26228.705839908456,26215.69680383154,19342.949060049254,18959.36916867977,20003.197552817255
2016-04-28,-10095.55930787424,33611.29826533931,26224.741428577945,25974.433583783564,18759.093629353203,18667.394510313,20516.127895057205
2016-04-29,-7393.99648862097,33611.29826533931,26225.065751800947,26139.081560355702,18636.513730705396,19449.60694657659,20247.314117499187
2016-05-02,2725.601416507689,33611.29826533931,26213.54660657036,25908.41194356435,18281.6815559876,19486.794057173764,22112.17294818061
2016-05-03,5939.389701172385,33611.29826533931,26218.09206118242,26155.331473399805,18519.970486657072,20730.714901278432,23263.60926453551
2016-05-04,1916.8868784718045,33611.29826533931,26221.580510431144,26210.609315553982,18459.960664500333,21033.70083981032,25644.227544842728
2016-05-09,3039.0818438217407,33611.29826533931,26227.965210013004,25741.993238407715,18564.760625526942,21584.092677527373,24703.54877415156
2016-05-10,4144.181622344053,33611.29826533931,26210.206943256173,26209.557443135895,18009.99671819726,20672.156367079915,23411.719830924736
2016-05-11,-8448.233112318245,33611.29826533931,26209.45914335572,26197.268017013346,20178.15287116269,25154.97521140652,29740.66034860129
2016-05-12,-15242.880493547356,33611.29826533931,26208.56625725933,26089.744557395283,19604.862925776513,23558.97102512818,25288.048489107383
2016-05-13,-18178.201414634506,33611.29826533931,26194.04383010521,26998.194994302772,19026.196719419917,22258.475670786305,25815.320349404927
2016-05-16,-11628.433502534435,33611.29826533931,26188.239667720365,27169.10657945333,18776.112584169656,21854.207630254954,22840.129570643367
2016-05-17,-9426.201531777422,33611.29826533931,26180.896095066062,26696.81873189951,18221.020368850008,20929.76995473845,23755.869276015197
2016-05-18,-5233.126648392788,33611.29826533931,26171.91662337111,26042.649326143597,18635.54889399929,22070.3863093161,25083.948821775022
2016-05-19,7701.066429162505,33611.29826533931,26204.565541019558,25617.40692819241,20617.441657044437,25849.80840358421,28445.220002949452
2016-05-20,11073.844754973332,33611.29826533931,26211.5727073233,26352.625877598002,20507.49294624735,25002.104137858885,28028.243284466454
2016-05-23,10710.516180422845,33611.29826533931,26218.26118494267,26271.122294720564,20464.168465249437,24476.254169178956,27084.8486944315
2016-05-24,12223.27170368401,33611.29826533931,26221.49607039824,26594.59333127668,20163.053904364195,23584.508523974455,26389.825346364345
2016-05-25,13364.48673394754,33611.29826533931,26215.75945575595,26291.928249811426,19557.708571466326,22286.268726397124,24726.953200258118
2016-05-26,10405.519152656976,33611.29826533931,26226.41322544648,25942.277058129177,20061.078082958247,23377.146323078156,27325.514077726417
2016-05-27,12400.568336729304,33611.29826533931,26215.280653059304,26455.545478301105,19451.99790048481,22111.40428310261,23569.830815495112
2016-05-31,14626.501907631584,33611.29826533931,26219.715692965325,26815.53538459374,19361.44613089056,22077.455603012055,24754.431157024028
2016-06-01,13050.80098778208,33611.29826533931,26228.530091567918,26655.092914645422,19565.919668730126,22592.321272997007,25387.146284839735
2016-06-02,12353.552079444205,33611.29826533931,26226.104763940242,26629.200766403246,18989.532636878994,21509.951508786242,24771.55152984617
2016-06-03,8548.206564624294,33611.29826533931,26220.241427304063,25886.002231376548,18619.586019942417,21021.67328766691,22352.6525870995
2016-06-07,-3587.285446087155,33611.29826533931,26211.948004892227,26217.359841463192,18193.14031953389,20503.242609571753,24263.124653054132
2016-06-08,-11619.46949594981,33611.29826533931,26225.188359778025,26796.480495697062,19058.114219852327,22513.223762715086,26748.796799235985
2016-06-09,-13861.194633968731,33611.29826533931,26214.474270555063,25825.54856787014,18808.05522408607,22029.166658088394,26149.396352081832
2016-06-10,-20180.281562911587,33611.29826533931,26208.230236145573,25503.181735950096,18235.10233869348,21037.372283535067,23852.27249116179
2016-06-13,-20551.53339408863,33611.29826533931,26140.352667008407,26377.30042760878,17800.32907660351,20463.002753326786,26644.598596571974
2016-06-14,-2606.2253391711392,33611.29826533931,26195.845011345347,26100.52672973955,21729.872962370155,27741.014216085652,33848.097587516226
2016-06-15,-69.16395009732038,33611.29826533931,26114.25070758385,26103.76816974104,21282.940834029137,25989.135700069102,28090.8030813747
2016-06-16,607.6093570830202,33611.29826533931,26102.625044972225,25521.291848410387,20644.94305987452,24244.40057604559,27672.052739366405
2016-06-17,5166.955519819594,33611.29826533931,26120.021268783785,26035.966503684835,21583.88043606996,25694.67508519044,30527.963463635264
2016-06-20,-18605.99243155756,33611.29826533931,26090.016160912484,25993.684399062775,21080.27306716505,24286.76041193236,25831.22026708401
2016-06-21,-28022.8838192656,33611.29826533931,26116.826004744333,26879.180837352018,22606.737372561787,26876.156683291483,30838.79116848803
2016-06-22,-18343.579392228123,33611.29826533931,26114.5637549501,25951.732745415382,21919.098117941237,24941.481407431223,28966.07800063539
2016-06-23,-9762.92458012684,33611.29826533931,26109.414611921373,25795.803660559643,21305.393797826127,23493.420196092557,26002.911377036882
2016-06-24,-343.3700549713564,33611.29826533931,26107.261537058133,26061.83409368565,20780.32840726474,22473.61732314157,24010.04095698381
2016-06-27,32088.481576499253,33611.29826533931,26440.789403783678,26786.568967257168,38522.62964194331,51795.90945249457,62468.103777988596
2016-06-28,36965.47065776748,33611.29826533931,26437.176529426804,25666.18617309976,37422.13096433417,46241.16075604331,51006.495934616025
2016-06-29,21219.016009699393,33611.29826533931,26472.73934282257,26036.82441247537,38390.71756808557,45273.39961747427,60018.5300429619
2016-06-30,17347.680464272154,33611.29826533931,26519.283340796235,25696.23899645044,39248.140428601975,44445.20527974423,63038.95741172107
2016-07-01,11374.506966227626,33611.29826533931,26546.83458290756,26644.59983770055,39278.18996882865,42381.848457655586,48747.625350825576
2016-07-05,9132.205809743771,33611.29826533931,26562.209063305218,26896.707074122118,39016.59953018211,40179.35639730852,45408.45436787944
2016-07-06,7459.231595698684,33611.29826533931,26566.2107616382,26657.21337088925,38026.15842207963,36898.132488747244,44479.72336941295
2016-07-07,16985.39572635104,33611.29826533931,26565.908932326478,26247.144294968286,37626.02383779239,35307.70075198559,43559.636722865354
2016-07-08,12000.059885934332,33611.29826533931,26580.87926566829,26104.354234470276,37246.22198113421,34046.86205881769,36952.24693433527
2016-07-11,9105.885486879437,33611.29826533931,26578.81789989243,26620.327517686983,36174.00744363418,31444.967050049814,35744.723875720134
2016-07-12,5910.608198093961,33611.29826533931,26568.37709838366,26574.007220135027,35521.515827522984,30087.52009546049,31346.33371156624
2016-07-13,4877.469254735468,33611.29826533931,26558.85076558616,26352.07975617906,34483.58474213979,27999.419116457404,32747.11806573938
2016-07-14,2544.821268371464,33611.29826533931,26549.89786637426,26721.00959464422,33751.09288172782,26869.011779448436,30066.8507119061
2016-07-15,1974.6013398425766,33611.29826533931,26549.864173720493,27056.395769081384,32743.622941863858,25177.84514340292,31978.9551098433
2016-07-18,3697.89238623122,33611.29826533931,26542.057248064895,27114.699106784225,31784.57229134834,23795.973895265637,29504.472019323068
2016-07-19,850.3662114580941,33611.29826533931,26529.784175246143,26541.575243049436,30855.836915595213,22659.964083112867,25092.441549681578
2016-07-20,2765.6405534514824,33611.29826533931,26499.42801359562,26619.55720464239,29918.918527506932,21666.35517620193,26684.502047748385
2016-07-21,424.2851749637953,33611.29826533931,26348.446541133577,26610.29986577495,29054.360911454274,21088.579977712536,24417.8364689668
2016-07-22,1083.9440784828394,33494.00095955475,26348.094920724932,26513.77719942029,28172.65653242441,20388.443052038834,23187.393643131232
2016-07-25,2211.6897176907705,33116.656677205,26107.815289551894,25370.658215451476,27321.733829767978,19911.100722944182,23570.14554097211
2016-07-26,3411.3009707262686,31402.41682835569,26094.213519929457,25885.569380689445,26569.888624865995,19738.5584026918,22613.422568819853
2016-07-27,-3347.200110542697,31402.41682835569,26041.465383007115,26191.92163722141,25919.772821609313,19826.360972031904,21822.84811479963
2016-07-28,-5326.501437155136,31402.41682835569,26029.408066879925,26917.522467829258,25165.49571717338,19540.334369493034,20637.71770244944
2016-07-29,-3824.2909500932055,31402.41682835569,26029.645462931065,25990.460037612258,24432.340589607124,19293.79401538573,23644.391647333203
2016-08-01,-4633.736665139999,31402.41682835569,26018.26836096195,25925.960955219714,23778.287974013918,19248.431799669073,20010.342215106255
2016-08-02,-2822.786602647744,31402.41682835569,25967.967947821144,26428.434935543544,23060.181644964294,19028.250363268315,22305.742892822258
2016-08-03,5766.123910639116,31402.41682835569,25976.862178042367,26145.16573817817,23083.31620817983,20482.47767778136,23019.309062660417
2016-08-04,11236.8750257703,31402.41682835569,25981.82281750242,25563.215293869664,22709.74190962203,20718.5658602229,23058.504148801327
2016-08-05,7753.654449691991,31402.41682835569,25968.69242515251,25707.625754067052,22248.20934697472,20674.84589124389,22949.484464941634
2016-08-08,8491.355007789447,31402.41682835569,25752.08111977335,25892.28620695612,21595.419490331304,20137.073517580757,22375.661921527913
2016-08-09,2689.239311840886,31402.41682835569,25732.94204274188,26204.46761094902,21012.178219530295,19844.757866174405,24545.90967017972
2016-08-10,-2881.480350659652,31402.41682835569,25608.767928083245,25582.060018056618,21025.65264194354,20828.40742957713,24532.771493568205
2016-08-11,-1729.8868577282078,31402.41682835569,25609.105565977963,25516.48713677049,20621.82704207575,20679.947609132894,22473.579921617587
2016-08-12,-2128.8337664009896,31402.41682835569,25593.759754903997,25349.558367081965,20032.355451742504,20184.084013990618,21938.86177495572
2016-08-16,-7889.655934625365,31402.41682835569,25594.203116916113,25907.483788894508,19522.590606784095,19885.113461632776,22272.553309887546
2016-08-17,-2341.4840273167442,31402.41682835569,25605.632560579248,25510.375837366435,19745.56420158512,21009.09809008785,23015.433825672888
2016-08-18,-2863.952786154408,31402.41682835569,25599.055474910787,25801.209770248697,19237.746178417656,20508.942453150292,21597.423130557778
2016-08-19,-8699.32522655195,31402.41682835569,25604.70421791597,25971.712326951263,19206.4572671029,20958.838324312084,22082.45905629288
2016-08-22,-10638.311704598062,31402.41682835569,25568.092688459743,25561.86451815529,18703.754139610694,20460.485077260797,20597.176267405957
2016-08-23,-10998.50524640469,31402.41682835569,25574.030973118206,25671.20472494466,18910.098808570543,21281.788387359764,24339.888165482633
2016-08-24,-10223.466794617349,31402.41682835569,25567.369497080297,24976.97105234987,18390.951659934726,20634.67210580213,22199.8104365585
2016-08-25,-11194.78905683721,31402.41682835569,25544.12381325488,25615.714007166196,18013.845026334955,20360.432565784606,21170.824092214087
2016-08-26,-5965.46455415881,31402.41682835569,25533.392139157913,25455.63169443645,17696.487028850348,20212.83385363766,22800.17424287091
2016-08-29,519.4364640889598,31402.41682835569,25519.128891813674,25449.945943515693,17669.78653039403,20579.57616318609,23486.5054714012
2016-08-30,11299.212351793685,31402.41682835569,25531.23698578234,23936.98656396494,18093.419288559573,21587.079644442074,26864.351177387336
2016-08-31,6419.364951018202,31402.41682835569,25531.28131255176,26373.920403350654,17710.207126026155,21040.979249916014,22725.421651464756
2016-09-01,5940.052022546438,31402.41682835569,25535.282143864533,25915.181790544615,17586.120186326993,21029.63180992451,24450.069608131787
2016-09-02,-8505.239358038303,31402.41682835569,25473.192138890805,25641.605942533646,17471.012027597742,21056.553772008654,22237.948028285115
2016-09-06,-18146.969429925477,31402.41682835569,25475.90507852456,26000.837083394512,17413.57024228277,21119.52059332854,23651.391871094245
2016-09-07,-25273.76438675554,31402.41682835569,25483.449486327117,25723.401978719536,18646.138084181952,23281.640464451357,24473.688053805527
2016-09-08,-15921.343938606176,31402.41682835569,25486.814362266414,25576.10477635566,18469.953946287733,22708.444240617828,24886.26099646971
2016-09-09,-7839.622489634127,31402.41682835569,25485.09725098175,25042.832658159372,18442.467467172366,22504.23950107964,24065.810287384415
2016-09-12,9393.443810096518,31402.41682835569,25549.42975010134,25910.81942485246,23081.25892144723,29856.60940729817,33302.12242981181
2016-09-13,22455.776358157313,31402.41682835569,25562.374543259815,25209.316943250637,23849.31632712083,29769.403998970818,31772.327323830894
2016-09-19,23796.434969771293,31402.41682835569,25562.440453691823,24854.989595714684,23152.168749466855,27317.328679979717,30429.21303057839
2016-09-20,14459.749744634008,31402.41682835569,25535.269889677045,25772.63152516131,23874.62753599842,27825.635863452284,28147.773824464017
2016-09-21,14227.844424456556,31402.41682835569,25523.706515184473,25520.617390971685,23884.202449956378,27031.883237960363,29387.935846654225
2016-09-22,8025.573171434703,31402.41682835569,25539.913094610172,25282.55371293297,24298.94275780658,27153.224638938467,29478.27843128077
2016-09-23,2264.9690171645516,31402.41682835569,25561.174077451204,25430.59606082085,25010.47465380547,27836.43295898197,31272.769111366324
2016-09-26,-2995.2645806473734,31402.41682835569,25541.20934688242,25906.714056525176,24254.60890676049,25706.46619281854,28333.38986962873
2016-09-27,-750.4398822287036,31402.41682835569,25520.889359004592,25127.26385415303,23815.099879570324,24578.028734396765,29084.207229803695
2016-09-28,-5017.387080548253,31402.41682835569,25529.925084223472,25297.572680348207,23756.99416181657,24394.08288003977,28920.835745458953
2016-09-29,-3904.9937205249475,31402.41682835569,25456.784419082025,25721.91337725877,23039.591713218117,22990.878023909263,25337.89799360322
2016-09-30,-9682.214887445005,31402.41682835569,25450.265609391114,25297.07630837969,22362.706721293678,21888.393505410928,22289.212835276587
2016-10-04,-4416.608747327053,31402.41682835569,25399.486004770537,25130.820050518894,22539.721194979476,22736.004726994546,24945.41017763948
2016-10-05,-11473.731369480704,31402.41682835569,25376.612534422966,25622.596606395633,21871.759548024875,21700.366080815584,23552.09628910302
2016-10-06,-11344.593146317407,31402.41682835569,25288.617412404346,25300.88969222429,21206.021382431838,20876.31421676933,23056.572495230095
2016-10-07,-17120.112905264887,31402.41682835569,25284.48031706003,25733.41488743986,20578.709777340457,20245.342832084818,22788.97694065564
2016-10-10,-11309.153856798575,31402.41682835569,25283.47091542626,25457.25263466555,20924.113906780563,21622.78772373399,24225.823835079544
2016-10-11,-13266.62790571091,31402.41682835569,25281.99339443111,25632.614523170436,20294.101053719492,20804.484777732705,22389.253327876653
2016-10-12,-1717.2603338765773,31402.41682835569,25308.012622736453,25152.45418792069,22024.3640033985,24445.227439609458,28057.4819416195
2016-10-13,-877.986239463045,31402.41682835569,25307.94625622309,24750.203225348145,21355.79837828893,23036.04438102636,26500.981701741974
2016-10-14,1478.6478427597144,31402.41682835569,25290.565701771982,25212.6878644779,21696.079714022013,23697.987214112065,27687.777994019452
2016-10-17,-1562.5813566648808,31402.41682835569,25290.34217573502,25303.41172135553,21063.87050008113,22490.31645950821,27687.740421985283
2016-10-18,1119.3434514326907,31402.41682835569,25290.54127768417,24636.143389190136,20514.635905219733,21652.738391848256,24907.863297812873
2016-10-19,-7946.506959016313,31402.41682835569,25278.407576929018,25608.895876486233,20465.37970225566,21872.657674757076,25006.76121068085
2016-10-20,-14714.87437279384,31402.41682835569,25275.308847567943,25081.874700136028,19890.44964621375,21085.25152800364,22563.449079389866
2016-10-21,-7242.550738560694,31402.41682835569,25279.466957782435,25155.872097168787,19595.80824968847,20960.153044136237,23972.53142317726
2016-10-24,-9637.689874711852,31402.41682835569,25278.078250905106,25275.836500634952,19200.451044806487,20654.25773915895,21138.24520477946
2016-10-25,-18136.508595145428,31402.41682835569,25275.310338037252,25195.59729756097,18673.621589972005,20156.65865638146,23383.70290846999
2016-10-26,-13966.885997668425,31402.41682835569,25291.48888588159,26203.11583738494,19315.713900065042,21819.093439623404,24566.700867817624
2016-10-27,-20988.736762494784,31402.41682835569,25309.03298124244,24950.377582532063,20076.489952701842,23275.591774307915,23827.512782465106
2016-10-28,-24768.856151013733,31402.41682835569,25319.927779395533,25136.61887511566,20381.10361189349,23660.979187192537,26641.145901816602
2016-10-31,-19726.60109615727,31402.41682835569,25331.172521768785,25194.657623068095,20601.455819343348,23839.91593533171,25882.64002665793
2016-11-01,-1372.8829138925908,31402.41682835569,25358.44493317524,24802.536075046813,22057.06496018472,26062.920954965233,27998.010930020468
2016-11-02,1329.3806848735856,31402.41682835569,25355.85378109469,25127.58930260236,21432.12688878378,24404.6636513119,26487.269110172856
2016-11-03,-2721.9105535751,31402.41682835569,25442.757042095574,25333.164338675593,26337.425085596213,32331.303741240587,37610.84797991649
2016-11-04,10481.401803721605,31402.41682835569,25440.07379639659,24832.23803313038,25564.475103750967,29430.15136148938,33197.83953771374
2016-11-07,6332.699371273731,31402.41682835569,25430.093704952113,24914.6520252467,24792.886363531714,27061.81975432329,32691.996051976876
2016-11-08,-7689.615830001613,31402.41682835569,25482.08301126751,26244.93531839617,27831.90863357953,31943.936494804344,36302.392427034225
2016-11-09,-9820.523007179758,31402.41682835569,25475.21803037584,25671.354183292344,27059.8730984394,29235.23223311097,31539.785006918915
2016-11-10,12481.178895930194,31402.41682835569,25626.38764481256,25412.272344087138,33821.736330899184,40732.993759735975,47335.18957079388
2016-11-11,-1536.5280424668267,31402.41682835569,25711.047193594826,25289.85440933545,37430.559563380244,44848.86649715045,51179.21322723877
2016-11-14,-3323.3914736601055,31402.41682835569,25706.924507875894,24986.234112824706,36591.877366663124,40299.768510797774,57951.48747755965
2016-11-15,-3766.884315070357,31402.41682835569,25664.32612572913,26040.39392804269,35684.16843806044,36470.588014620575,46510.64604631342
2016-11-16,335.4744358322922,31402.41682835569,25663.200937422065,26141.039923066393,34603.97906444557,32805.79692583641,43432.94921164233
2016-11-17,-9662.304607090837,31402.41682835569,25678.210207351334,25316.14277187805,34287.000838499334,31448.36325541277,36083.87838176019
2016-11-18,-11779.554446845705,31402.41682835569,25667.5445353918,26182.69115609368,33243.01156617566,28633.97211536547,31003.94813084947
2016-11-21,-8032.47912854777,31402.41682835569,25664.60471872387,26203.149329798383,32974.333988627855,28214.31660364798,34318.77987617957
2016-11-22,-2680.8252234893725,31402.41682835569,25658.22650443133,25457.486792501957,32271.62730538503,26772.01787008072,32061.821292451918
2016-11-23,-7926.797347490928,31402.41682835569,25663.656184858213,25315.517396971303,31615.663180340656,25686.42977231381,34298.95970592804
2016-11-25,-6230.5162718980455,31402.41682835569,25671.124559704025,24885.08872121633,31172.045218702675,25330.7572617286,30492.776577662436
2016-11-28,-7718.881418936766,31402.41682835569,25667.903975758552,26065.289619501837,30326.461516464165,23983.391286464856,27172.015437080525
2016-11-29,-10561.505040863909,31402.41682835569,25666.85985085795,25640.195715836107,29484.097765196748,22860.090369861715,27915.347694668468
2016-11-30,-5465.679798736418,31402.41682835569,25662.021640824798,25662.9952749364,28687.781151751675,22041.85750841468,26120.125068423902
2016-12-01,-645.2016631290103,31402.41682835569,25663.7176238298,25432.486844834577,27896.64706797085,21344.360122967893,25015.83668034942
2016-12-02,9188.202299914812,31402.41682835569,25636.187633756505,26160.58698903531,27273.091971885227,21206.873661506772,24607.244700036597
2016-12-05,16179.330085441254,31402.41682835569,25638.275960071795,26587.998121939498,26806.872126336686,21458.665635772195,23438.04326872491
2016-12-06,24464.587509101497,31402.41682835569,25648.607334891545,25421.24395707453,26632.322758680726,22318.51246757581,30676.27254017668
2016-12-07,23619.977356128085,31402.41682835569,25670.548233288635,24959.23824559806,27314.638022872914,24901.434516147387,30751.016335552365
2016-12-08,17034.137787382308,31402.41682835569,25671.091107573946,26085.260709213115,26782.059499413685,24063.634744911775,26447.942745752385
2016-12-09,13495.58177898512,31402.41682835569,25690.995998409435,25033.769243689607,27489.424333791045,26162.807746548468,29781.628043493
2016-12-12,11114.983902250995,31402.41682835569,25696.504458716023,25626.431804098884,27029.4912867494,25209.89045184148,29564.681718018048
2016-12-13,8845.561308991937,31402.41682835569,25702.73793897701,26123.46962413116,26632.03596479543,24578.99034544387,28887.431742429017
2016-12-14,1586.1860606021357,31402.41682835569,25718.862902448676,25853.634209549095,26982.553199164337,25725.285879211795,27511.78311906787
2016-12-15,4601.814374458402,31402.41682835569,25691.213225676824,26198.64870686982,26527.551727776423,24849.220621498484,30345.90158304719
2016-12-16,-883.119513408394,31402.41682835569,25696.279188991954,25244.90416698728,26112.68419931739,24213.003587633808,32532.209930605935
2016-12-19,84.48708506085447,31402.41682835569,25695.731050756032,26112.11015059881,25359.73058354948,22917.695826944688,22728.64539422293
2016-12-20,-953.503867824138,31402.41682835569,25688.10723236132,25297.5583963788,24656.86196924706,21973.415142788064,27166.908815876177
2016-12-21,369.1577860490929,31402.41682835569,25681.821123373913,25390.158534178085,23947.69166632193,21175.51707119015,24874.25401764523
2016-12-22,3397.4805489024543,31402.41682835569,25682.01330681224,25920.405332134746,23224.776405694403,20464.95469697041,21056.41384911313
2016-12-23,11084.652991495876,31402.41682835569,25654.948546798885,25487.741334806076,22652.760137935256,20246.56417563221,22563.453186431732
2016-12-27,12143.043053954074,31402.41682835569,25652.145258766574,25759.355388603773,22128.159296575952,20129.228724748817,24992.092174619353
2016-12-28,13747.52800657776,31402.41682835569,25651.82889371895,25484.180401987538,21460.590189732022,19645.58353680304,22125.234953649073
2016-12-29,14618.324706604022,31402.41682835569,25643.415206486043,25876.17435992104,20808.540377206817,19261.433979804628,20551.91349317181
2017-01-03,11450.09250409643,31402.41682835569,25641.477814730653,26219.922381228007,20443.36277206194,19579.00238963525,25136.37084403586
2017-01-04,3019.8748841499055,31402.41682835569,25655.819333242027,25204.386256326503,21129.394216299443,22056.10384330743,24946.230311189825
2017-01-05,4937.931511355657,31402.41682835569,25614.20013619656,25145.52243264048,20882.180038370094,21927.5667333695,26554.307156660416
2017-01-06,1981.5014907341747,31402.41682835569,25602.979955090745,25575.35465087589,20409.037283631522,21336.965185777917,23319.713473771764
2017-01-09,288.6626154677645,31402.41682835569,25603.262497060077,25478.664360058163,19835.191531283876,20632.536745598685,22596.526194400227
2017-01-10,-3460.56823743026,31402.41682835569,25600.215973821567,25846.635662502908,19244.899298182198,20019.615810750005,23160.20569000663
2017-01-11,-1117.174678688021,31402.41682835569,25604.52973594228,25706.661473487475,18969.607113717855,20157.670216304046,22770.19732456957
2017-01-12,-8078.040219289238,31402.41682835569,25607.086018773756,25393.30205868394,19504.483885490128,21846.38787845692,26368.688777003976
2017-01-13,-8680.001586891083,31402.41682835569,25604.579801815085,26278.481967595315,18947.874780267874,20971.60101608441,24452.33528391616
2017-01-17,-9863.232737566907,31402.41682835569,25592.287345283283,25457.25757229319,18387.172983186163,20267.147131684134,23742.555554295024
2017-01-18,-6126.481444211857,31402.41682835569,25602.91843634226,24980.665417051903,18659.22255006967,21288.407854247896,25252.38676032448
2017-01-19,-6230.934054914299,31402.41682835569,25603.039437510703,25772.54746720634,18096.013099888398,20474.968318461582,24041.34774662
2017-01-20,713.2539433928027,31402.41682835569,25585.85083734346,25130.990741437785,17704.845669432365,20147.24948733696,22707.186811856955
2017-01-23,-803.2285411708972,31402.41682835569,25551.4500231732,25550.129177624163,17276.990321561043,19794.117310239457,20294.01428195208
2017-01-24,5187.854132938994,31402.41682835569,25514.903637186522,25052.71727142512,16906.077912298242,19596.716435529186,24336.98964833542
2017-01-25,571.3404232590494,31402.41682835569,25497.795877328674,25781.11980682241,16408.154206223957,19174.46241828237,26090.311199119627
2017-01-26,1710.120180307013,31402.41682835569,25425.18875948175,25160.19190414324,15918.430764677305,18817.76117499959,21635.691175673554
2017-01-31,-1449.895725840727,31402.41682835569,25434.989793013003,25289.209886996956,16735.793019376943,20822.958862015734,24270.37130364852
2017-02-01,898.636067343273,31402.41682835569,25435.63521411671,25616.669423750674,16686.20290910862,20864.37635813369,23659.466285124538
2017-02-02,-3301.8709828775204,31402.41682835569,25392.646658476227,24866.229252828623,17038.514485491447,21485.795189015724,25715.216712444824
2017-02-03,2864.211262570207,31402.41682835569,25406.201995651376,25649.668338660947,17800.749837352687,22763.360818935154,28729.999453613265
2017-02-06,3817.416233098566,31402.41682835569,25406.32517537894,25803.247813208833,17281.045069466123,21645.557774065815,24600.98886176307
2017-02-07,3811.274439042273,31402.41682835569,25407.47342263618,25681.079543974312,16932.21283284128,21034.632503838886,24458.732581785614
2017-02-08,3956.6212609189033,31402.41682835569,25393.951925912002,25638.04744330584,16441.015924556767,20265.258975214525,23771.79381861845
2017-02-09,7641.40309083574,31402.41682835569,25393.572813431,25277.149660205632,15940.157309890616,19656.596197199473,22207.2083832098
2017-02-10,7479.401092046008,31402.41682835569,25393.566182645707,25803.527697624755,15503.066010541643,19269.52345622708,23513.558642681615
2017-02-13,7625.493703853611,31402.41682835569,25394.09159132301,25756.91578917739,15176.444427395212,19132.589079870388,23412.32075563238
2017-02-14,11290.531858201777,31402.41682835569,25394.90942049628,25273.70388706227,14914.763060505693,19113.069420734642,21650.74200634806
2017-02-15,11987.338465616378,31402.41682835569,25389.71503876074,25338.03165548154,14478.032401446972,18774.963089257522,19915.413501161976
2017-02-16,7695.339713556256,31402.41682835569,25395.071068775847,25388.175290732004,14799.621577544956,19742.985504180353,22281.146456874634
2017-02-17,5633.600051803388,31402.41682835569,25395.21212127263,25843.104508361237,14384.905773761531,19279.52852893347,23439.35000646256
2017-02-21,1097.829970612995,31402.41682835569,25393.81369164302,24823.305941590337,14132.434406287353,19149.900533515043,23385.87151902669
2017-02-22,-4479.103028462333,31402.41682835569,25406.70690344839,25509.7241671303,15435.970541333723,21473.6414513053,27934.735954037125
2017-02-23,-5180.364082552793,31402.41682835569,25399.725669066436,26986.827075527166,14966.73472913471,20572.202410100104,24199.20472659973
2017-02-24,-10450.98646626197,31402.41682835569,25399.659995495665,26004.61406405201,14531.696231655305,19866.73711537989,25094.53734728502
2017-02-27,-8366.011527765615,31402.41682835569,25395.199605359776,25445.15618084483,14180.468742020606,19425.072735457466,22404.32394688414
2017-02-28,-4364.978700553099,31402.41682835569,25398.237759925654,24504.63682542241,14185.91339915267,19586.967004627397,20431.093610982884
2017-03-02,-5739.197698540312,31402.41682835569,25397.06323608052,25326.996026058496,13753.753496304058,19005.20842158514,23221.55835536137
2017-03-03,-6034.795153747889,31402.41682835569,25384.62155783453,25602.860026341958,13354.18311673069,18606.8278067524,20836.539313935453
2017-03-06,4459.204261407016,31402.41682835569,25402.154735239234,25899.192766365904,14960.275669066807,21303.32907463612,26385.721257845682
2017-03-07,6858.9982342277535,31402.41682835569,25401.374910016475,25261.295611999907,14542.383464841234,20427.057944588436,23201.656576865375
2017-03-08,6326.606937667323,31402.41682835569,25386.285510785438,25011.839588310726,14190.132623735712,19811.951629605643,21200.981911776642
2017-03-09,9649.769593487725,31402.41682835569,25387.11861382792,25631.678045779547,13868.555540850411,19372.377091318016,22037.837236838855
2017-03-10,13530.837852737459,31402.41682835569,25272.331271322884,25388.180774163688,13490.711026413403,18802.909672419824,23016.672100083248
2017-03-13,10687.353659319624,31402.41682835569,25270.90043812146,25584.849974661243,14339.130973831147,20319.212382077316,26204.183293753882
2017-03-14,4984.2078778546775,31402.41682835569,25270.719556110194,25442.070625453107,14496.1011854053,20489.161200456154,21535.425094462164
2017-03-15,4688.661330661317,31402.41682835569,25270.3428900608,25693.31829751875,14084.836962547326,19757.13455722387,24344.255474151716
2017-03-16,1637.6052557832318,31402.41682835569,25270.022020011216,25019.374969233413,13880.103420805539,19473.792743762104,22255.03655661103
2017-03-17,-2240.5025759086907,31402.41682835569,25273.42149811828,24930.441298022917,13996.761731255474,19732.53640631177,24489.07356720963
2017-03-20,-3420.0791587405965,31402.41682835569,25265.824295577793,25529.07272649189,13756.149294190824,19390.637649493918,24114.535415697355
2017-03-21,-2572.574891768148,31402.41682835569,25269.63860016807,25626.117128751823,13706.431483107379,19393.088626105742,22653.873086607106
2017-03-22,973.593892429442,31402.41682835569,25269.648868542692,24657.679120766403,13300.15136584286,18830.304286996343,21885.14612170564
2017-03-23,4030.167722295003,31402.41682835569,25257.78374867097,24898.80796267728,12970.984203589596,18486.347068190164,23822.412677224427
2017-03-24,5067.264106747972,31402.41682835569,25258.05242079188,25499.535671185313,12623.234419212036,18149.220096502297,21500.467120044636
2017-03-27,5765.992366767811,31402.41682835569,25257.60224549144,25253.286768398997,12261.649830570579,17834.912954554264,20449.623190747152
2017-03-28,12759.079351448592,31402.41682835569,25240.347571215396,25939.065984924287,12068.801791284435,17800.436362184955,19372.371937578555
2017-03-29,6620.613180701316,31402.41682835569,25237.99441580284,24189.50715553266,12750.71956055951,19106.708834816036,21086.97062336073
2017-03-30,6206.275861256789,31402.41682835569,25233.660645371925,25883.392251590623,12611.050457778967,18914.017680265082,23036.58640391152
2017-03-31,5519.90063893266,31402.41682835569,25220.758067190316,25489.34024939812,12229.003402045555,18373.987440938552,19542.782494161773
2017-04-03,4282.222107822284,31402.41682835569,25214.150066484468,24590.957980661555,11969.41271267652,18116.396375826283,22108.143971337922
2017-04-04,-8157.071640578283,31402.41682835569,25222.21783966207,25339.24049758089,13465.484365486773,20526.414365851502,24127.60804966141
2017-04-05,-5411.984112081169,31402.41682835569,25219.2606020841,25168.076426976488,13342.918257089823,20105.88482276774,24610.693296486636
2017-04-06,-6602.1457211272955,31402.41682835569,25219.39871459332,24908.589119517244,13084.760737068427,19567.010847895854,20882.1714852647
2017-04-07,-3780.927245302122,31402.41682835569,25219.52756160617,25847.21924567329,12702.58329136249,18935.50442544067,19518.646317000723
2017-04-10,-182.23516692938762,31402.41682835569,25219.255251902676,25057.46990180379,12315.774901828605,18398.772771556665,21182.819997395956
2017-04-11,9988.992367936096,31402.41682835569,25242.109181401815,25163.80462881408,14964.617232788962,22464.89174534459,27057.949049460436
2017-04-12,7646.743728897845,31402.41682835569,25239.98272214563,24932.69592324596,14527.704417413323,21272.560839682013,24616.97189848511
2017-04-13,9795.37537927911,31402.41682835569,25236.294456172258,25934.312822111307,14092.256995177751,20300.56821351922,21868.149582711827
2017-04-17,8349.382125572205,31402.41682835569,25237.462305382145,25135.37093083721,13977.535211144483,19987.561200617303,23529.781223400663
2017-04-18,4578.493848359122,31402.41682835569,25228.029977300957,25170.51085842551,14326.943865229661,20449.69780518751,22511.000365018157
2017-04-19,6718.58459731428,31402.41682835569,25230.85694268289,25647.899663175227,14438.467140513874,20469.08561967131,24221.810855061332
2017-04-20,11264.97161516878,31402.41682835569,25219.324999180026,25797.20733611442,14177.063372373737,19918.15605440559,23701.862722652026
2017-04-21,7671.1618865694945,31402.41682835569,25214.79620175595,25112.43385932058,14109.547916115303,19765.874310656058,22149.15996281213
2017-04-24,4987.5944672832975,31402.41682835569,25214.90135927538,24711.108444576337,13724.375630647652,19136.603153171414,26658.747753029886
2017-04-25,6702.778399428103,31402.41682835569,25197.96290282979,25158.73770937477,13307.189775161325,18562.09587837952,23693.330664531604
2017-04-26,6073.229909582257,31402.41682835569,25204.656761602866,24505.202895645645,14522.533792263215,20643.63761368616,24757.338029528717
2017-04-27,12669.125974729332,31402.41682835569,25203.24241916187,24977.77683784973,14520.915131372038,20454.020391940605,23460.80023680908
2017-04-28,10653.143160993668,31402.41682835569,25192.760953761303,25210.66942035949,14147.333223535426,19723.00286397926,23883.0452445472
2017-05-02,16889.77029242315,31402.41682835569,25183.660111530837,24437.943221983543,13910.016518466204,19334.721333508714,23260.048476190987
2017-05-04,13581.423330411873,31402.41682835569,25184.656934853487,24858.192616678538,13638.115484928014,18949.421649915028,19876.227679276464
2017-05-08,11150.954885317075,31402.41682835569,25178.17243520223,26231.817779300243,14464.902750662584,20365.692266714286,23528.623393367583
2017-05-10,-4.079937877865796,31402.41682835569,25215.3182113078,25285.908241341127,18428.350566987774,26413.23608869587,29119.53020587744
2017-05-11,617.5647057325455,31402.41682835569,25221.01734914277,25083.109616561294,18300.990823699463,25151.516212000995,29795.912438202115
2017-05-12,-4376.72649840383,31402.41682835569,25214.959947783762,24223.49456478891,18616.336618564783,24887.85699638366,28668.168914063226
2017-05-15,827.1295623734991,31402.41682835569,25216.93396186145,25893.118586890792,18181.097462528785,23438.086811517132,24686.648247539244
2017-05-16,1420.4024261529094,31402.41682835569,25209.751883649533,24460.635630170305,17843.210168876685,22421.852575951645,25359.539642634696
2017-05-17,4651.016587949827,31402.41682835569,25211.614266366014,25115.545698284906,17446.444439751158,21475.023884365997,25374.50397274112
2017-05-18,9388.053972419662,31402.41682835569,25215.1317667977,25680.87948305599,17209.43879869895,20971.509801360793,24222.242733085186
2017-05-19,12783.581428151225,31402.41682835569,25215.429454062716,25383.425263495672,16701.1361973794,20060.71523889643,21156.540730596866
2017-05-22,12012.743180723786,31402.41682835569,25215.06247564479,24909.666661583484,16791.313232120712,20389.462285875077,23286.975352021604
2017-05-23,9517.09547379019,31402.41682835569,25212.705380015886,24634.290510885665,16656.78299716015,20244.385564202665,23401.766755086686
2017-05-24,9599.93480356656,31402.41682835569,25212.855506421587,25450.47924760134,16255.866360188218,19636.596234004388,22809.59953467339
2017-05-25,9495.942969455331,31402.41682835569,25168.14554544334,24866.811443069262,16019.089789161217,19425.362475295962,24542.013570333664
2017-05-26,13452.941320223541,31402.41682835569,25156.37153695733,25562.877551927093,15942.052458418739,19534.89806430169,22426.169752880098
2017-05-30,11025.101853327058,31402.41682835569,25152.579767208106,26068.231265740324,15839.490693386306,19562.252322387027,23557.98816000251
2017-05-31,11438.16337071402,31402.41682835569,25145.906556802493,25961.353378402968,15360.80511179402,18887.79036651468,22595.344290203808
2017-06-01,11244.611172144603,31402.41682835569,25136.213518231398,24932.891422130193,15021.720942232032,18577.766847579882,20481.217527479443
2017-06-02,12123.1640804899,31402.41682835569,25135.94359595846,24671.554942828305,14818.37644373701,18539.263453172487,22394.139185191114
2017-06-05,-929.7343738724311,31402.41682835569,25154.615714131545,25238.456925281105,16764.00170386331,22213.358388897916,25625.884013110863
2017-06-07,3415.162033778106,31402.41682835569,25153.576823861767,25098.679375201293,16257.491549841578,20990.958981553995,25362.062815478985
2017-06-08,4447.922389494097,31402.41682835569,25151.279859470997,25130.23215368753,15786.22419222908,20047.707263388835,23187.151139589398
2017-06-09,278.68780908809265,31402.41682835569,25151.935558282607,25176.565169315218,15401.298041114824,19407.549631285965,23590.37600459824
2017-06-12,-2187.5179401115824,31402.41682835569,25155.423927838398,24453.87624739187,15421.15973017496,19578.96189687878,24112.586391969875
2017-06-13,8185.48663139285,31402.41682835569,25178.10980072199,25627.751615625333,16954.03138254861,22290.19901188097,24231.395377494933
2017-06-14,80.68893791764913,31402.41682835569,25185.346216176596,24933.24529255194,17466.110615454625,22816.48876078911,25502.329094663208
2017-06-15,-4404.552460976082,31402.41682835569,25150.655346503117,25182.43123991603,17074.548351954767,21728.38450408124,26210.031179110534
2017-06-16,-1043.4604517793211,31402.41682835569,25109.225090972323,25627.77019201912,16940.372161494175,21292.692377049905,25377.26562449686
2017-06-19,1845.680128495889,31402.41682835569,25109.010630202167,25444.627951179773,16439.6561416858,20288.674889380072,23415.873923821582
2017-06-20,-1124.5622801637246,31402.41682835569,25091.961825210317,25436.870329858222,16773.011620390418,20923.356398582193,23218.449799664162
2017-06-21,1024.36920896043,31402.41682835569,25071.780513229114,25675.25705690281,16852.486119759345,21010.460866119076,23043.630211872187
2017-06-22,2252.3399571579585,31402.41682835569,25075.368857956146,24479.618079652886,16715.843358197762,20694.59792457562,23133.278752453534
2017-06-23,781.5147954984625,31402.41682835569,25070.923670988752,25354.343093784006,16221.168837254427,19797.958796126466,22498.507462520036
2017-06-26,-2883.0638676916296,31402.41682835569,25062.647345743102,24802.358282501606,16328.683589765513,20124.336509708734,26002.61263165004
2017-06-27,-7108.150414451425,31402.41682835569,25057.035429405954,24985.663396489716,15896.517543418675,19427.05325348517,23020.837450423187
2017-06-28,-5660.478154071844,31402.41682835569,25021.63793573535,24444.20146413706,15503.935373007207,18899.197679796358,22158.71692300873
2017-06-29,-6151.444682304977,31402.41682835569,25021.774789432377,24404.98229878438,15159.422500695691,18548.136854992445,20361.991085477777
2017-06-30,-4865.759859116837,31402.41682835569,25001.625570001477,24990.756186612834,14745.463142715284,18101.80975304901,19969.680438393236
2017-07-03,-6087.146984389448,31402.41682835569,24990.73609906579,24397.115892171318,14298.953120548536,17659.109795285098,21702.8757618437
2017-07-05,-2106.4209341848828,31402.41682835569,24975.29553605752,24492.810209908563,14413.590970566893,18279.862483728375,22090.60572727932
2017-07-06,-2003.2663019094714,31402.41682835569,24975.07156302419,24461.450298297477,13975.421848650369,17793.067745978424,19774.30217624171
2017-07-07,2693.921954000076,31402.41682835569,24975.70691209214,24397.431994042076,13794.965830779685,17828.89569468202,21838.335770126218
2017-07-10,4934.319690470702,31402.41682835569,24972.797840321186,25206.439039281922,13382.322933163437,17423.268240455145,19246.92141212024
2017-07-11,9946.789109350111,31402.41682835569,24973.25818657656,24935.358470681833,13103.615542161078,17301.391180888753,19087.120239349373
2017-07-12,11781.321249481098,31402.41682835569,24971.839568264888,25074.826853812636,12754.378682726143,17052.002944653024,17143.192309902675
2017-07-13,16104.575413867908,31402.41682835569,24965.153578711423,24871.10029655761,12369.285386899066,16753.651981516025,20626.175306901092
2017-07-14,16540.183099694223,31402.41682835569,24968.41416481608,24793.593500306666,12463.829536838542,17316.477513553684,20680.490125422653
2017-07-17,15170.760246355596,31402.41682835569,24967.521414091923,25163.34127622636,12528.166815144219,17694.810686554803,19589.271555219257
2017-07-18,11584.101587008101,31402.41682835569,24969.691151214138,24749.942685714326,12971.762353201671,18611.36965412884,23429.001174257563
2017-07-19,4459.324316257551,31402.41682835569,24973.069795532407,24882.471529764774,13045.252241763032,18749.522850435478,19833.82844686378
2017-07-20,-993.3682956634273,31402.41682835569,24959.86501168346,24960.37878473397,13914.746251564904,20149.729073691426,22426.398073053286
2017-07-21,-4117.655712756292,31402.41682835569,24962.40464416076,24596.03103825887,14057.306861633588,20133.868852155214,21997.72678204231
2017-07-24,-14745.05071820202,31402.41682835569,24961.67502062519,24333.46465120153,13718.162582844214,19351.48611430622,22962.372071559825
2017-07-25,-15615.847355332451,31402.41682835569,24951.587670335713,24966.81098574556,13300.263195573318,18574.914816798842,19800.047455175656
2017-07-26,-6864.187272391721,31402.41682835569,24961.29020324162,24970.87528272302,14063.781425397303,19844.140138128023,22999.706798205923
2017-07-27,-3915.10273198108,31402.41682835569,24961.739463167138,24130.16190688981,13683.476584344306,19039.900986201897,19953.887040730286
2017-07-28,-13356.09933980878,31402.41682835569,24956.681721600908,25328.662270565295,13266.658143822995,18308.668905593106,21970.632930645308
2017-07-31,-3847.505217394122,31402.41682835569,25004.560218587252,25409.670108421804,17577.65439766884,25178.496195052856,30700.62690937745
2017-08-01,572.2190222812889,31402.41682835569,24986.14085727517,24495.565101821747,17079.37560597241,23455.467286800682,28525.09802314707
2017-08-02,-3746.748495187967,31402.41682835569,24992.428877749724,24138.931574444206,17460.659025594945,23441.51221954372,28366.923324638632
2017-08-03,-11747.04041452694,31402.41682835569,24980.2948849311,24700.748457376725,17128.903662099263,22312.779384449244,24186.066464817053
2017-08-04,-7040.728166638111,31402.41682835569,25030.423504526865,24821.23042367175,20524.279395803664,27521.507460017132,30912.91697450272
2017-08-07,-15410.08998822508,31402.41682835569,25029.44896013908,25082.192649087574,19899.48772170607,25381.377802695624,26514.859487481506
2017-08-08,-15084.054250475012,31402.41682835569,25017.42160297811,24677.40198715314,19812.211433647335,24512.32388882277,30088.496266936774
2017-08-09,-11471.057530411923,31402.41682835569,25010.845887755873,25134.711868272938,19208.68357874874,22889.233233695413,24512.760625049523
2017-08-10,-4281.485345269356,31402.41682835569,25013.708789615725,25280.51086535337,20108.11013305074,24192.784101251676,26051.19173747053
2017-08-11,286.4325787501845,31402.41682835569,24950.10878810192,25475.1766204301,20416.720269340844,24320.103078576754,28931.17372492172
2017-08-14,7582.527530251588,31000.875266434734,24960.566813591326,24630.433052235447,22420.69337121994,27451.008335929004,31113.145998142798
2017-08-16,8126.678576126534,31000.875266434734,24951.82995119346,24775.104469511884,22287.557473806442,26332.964322972126,32509.630860691028
2017-08-17,4380.42995067784,31000.875266434734,24952.27394530113,25324.483801774528,22100.868740842223,25312.3313710261,31359.81346458859
2017-08-18,4772.288720446499,31000.875266434734,24935.733233585375,24794.072382439303,21485.610661902294,23680.056209903003,28011.760286489272
2017-08-21,7065.6448513788655,31000.875266434734,24935.53858498054,25260.456991966523,20832.491225377955,22213.340337848324,27296.73496111074
2017-08-22,8538.475866544804,31000.875266434734,24932.280294601213,24729.829458312655,20235.398540227954,21069.940481619775,23996.235317295777
2017-08-23,4732.878778927144,31000.875266434734,24927.10154981328,24609.224121887197,20406.26743287837,21583.987878517844,25952.816341031106
2017-08-24,6975.813675212459,31000.875266434734,24887.950172538498,24706.815126403057,19785.069337303015,20493.77407984542,24023.270005096263
2017-08-25,7281.598707416598,31000.875266434734,24833.101805838764,25166.425106955074,19294.482941235095,19818.574260211488,23497.008298998066
2017-08-28,5931.117962424318,31000.875266434734,24703.185866878637,25242.620447043795,18897.55911506292,19426.004641968706,22221.106439683655
2017-08-29,-3102.932149738752,31000.875266434734,24665.79150784126,24647.76491433404,18333.19577727746,18748.806778453687,23555.23327360444
2017-08-30,-2778.0514287708793,28052.6249192588,24570.418201850032,24774.49892248198,17791.128103386956,18210.025090914984,20237.40319182886
2017-08-31,1195.2991900533423,28019.918876268457,24451.657336506076,24410.87785350406,17462.771656108667,18154.70351035299,17802.98027164216
2017-09-01,-3156.417381292581,28003.66212589141,24400.82274909233,24459.691861606123,17109.560807254875,18038.75326189718,22164.73738595826
2017-09-05,-156.4791840692305,28003.66212589141,24194.693808280816,23817.22650170229,16615.990342868256,17725.416170499346,19435.44438687943
2017-09-06,10621.934475081887,28003.66212589141,24220.69020133945,24216.03702557743,19432.16470844202,23237.416294267816,26352.198524368185
2017-09-07,8451.591719285349,28003.66212589141,24210.355383020018,24104.387519407977,18877.00638650662,21925.269211282786,26362.339150029948
2017-09-08,6342.767551148638,28003.66212589141,24229.187161560265,23902.169385476012,19889.251890387575,23477.88096969908,26942.72237484212
2017-09-11,12607.789471570266,28003.66212589141,24203.04011214098,24253.748733762466,19527.459470195263,22497.192927914293,24667.48041385702
2017-09-12,13283.792603344215,28003.66212589141,24209.09242824857,24866.284918352903,19526.857853945497,22293.947803295297,26170.62161805895
2017-09-13,10292.944151916636,28003.66212589141,24200.792342624347,24586.096580548798,19147.869877871297,21478.31861375855,27855.017806345662
2017-09-14,8412.969712966154,28003.66212589141,24185.179217440185,24358.292913818488,18632.251581050685,20549.015612004223,24148.32097101352
2017-09-15,118.97551879740728,28003.66212589141,24185.14990493825,24031.15549719864,18770.46145488217,20928.52853353007,24262.222877185683
2017-09-18,-12977.091439882155,28003.66212589141,24002.50492226595,24292.64533696451,18848.01438246568,21109.757906297335,27572.548601027014
2017-09-19,-18096.028734311956,28003.66212589141,24010.571180790685,23927.02211413497,19125.02165071239,21620.58869267883,24092.239245440924
2017-09-20,-15158.502300411277,28003.66212589141,24010.33390869456,23550.704517786715,18566.398077364625,20593.724675194826,24032.315411242045
2017-09-21,-12162.18792393387,28003.66212589141,24016.56791154538,23600.920704888875,18436.04597714352,20479.337503205355,23819.752101280403
2017-09-25,-3195.1790765487112,28003.66212589141,24006.077938028106,23723.86809853693,18692.429453460416,21061.947409268203,24011.990050280074
2017-09-26,13696.764328784138,28003.66212589141,24054.7839956022,24011.973433644587,21616.20754910883,26059.419723118917,31531.368005009896
2017-09-27,20540.187174156916,28003.66212589141,24054.53281350616,23847.142274674596,20976.173998629725,24247.82682228452,29860.81832259986
2017-09-28,21430.396683047893,28003.66212589141,24056.019989733784,24045.519513386687,20528.89495704418,23061.921405780315,26680.943673031197
2017-09-29,21206.280292492498,28003.66212589141,24052.874091828653,24033.951282607017,19904.181832307728,21752.434342834225,24741.285003402874
2017-10-10,15808.875495575736,28003.66212589141,24063.507257137822,24092.289372310348,20196.175677593157,22278.119978320647,23827.438406788377
2017-10-11,12846.251517783492,28003.66212589141,24094.319759376158,24382.88959226008,21870.280238705443,25118.978997980572,26768.463420985252
2017-10-12,5318.161562701775,28003.66212589141,24111.933868469398,23824.094834987627,22606.807709853776,25913.36815008802,34677.13850402938
2017-10-13,1083.4504339367652,28003.66212589141,24101.705639671596,23977.123503682833,22268.279638678458,24746.57002119986,29106.464822729744
2017-10-16,5520.742381668917,28003.66212589141,24090.408339324866,23972.815804134225,21594.5885792363,23164.428163535216,24889.214045338365
2017-10-17,6613.94775449264,28003.66212589141,24085.61138023859,23651.40567865523,20956.971601632675,21877.69191955479,26417.223492417266
2017-10-18,5788.296253180436,28003.66212589141,24096.44508163028,24617.397823222393,21176.463496399127,22383.65861159135,27409.21065559523
2017-10-19,6496.137033771587,28003.66212589141,24090.456889364494,24014.176573957662,20606.025535161407,21336.700026879436,25698.855373945753
2017-10-20,3322.7195069973536,28003.66212589141,24091.531180848597,23450.272342243516,20031.729030906357,20429.906152097286,23542.2864189841
2017-10-23,7075.1121995749,28003.66212589141,24096.243174601612,24436.850893440656,20106.581077441337,20880.547450947957,25100.788572017616
2017-10-24,7226.143045299776,28003.66212589141,24080.96262550541,23984.552603509324,19499.76929546594,19964.956087212144,23812.66724629526
2017-10-25,7212.647514713939,28003.66212589141,24085.80650593199,24437.54369897428,19534.044124560027,20377.30888779766,24198.075269408026
2017-10-26,12245.839857343903,28003.66212589141,24084.88582602702,23921.08892172484,18958.06161307298,19558.666103774947,21661.617641831508
2017-10-27,15662.275228130191,28003.66212589141,24092.847665887697,24275.103901313007,19187.44838054956,20349.99291306105,23866.423718866525
2017-10-30,12345.913132014923,28003.66212589141,24122.515674683615,24310.141573369652,21113.325263023824,23946.455066749342,26097.693623227668
2017-10-31,12556.016732846183,28003.66212589141,24122.54943991913,23934.72629231947,20480.912257752614,22497.765817548494,25767.046778906355
2017-11-01,7426.437064380915,28003.66212589141,24089.247416453152,24100.3489969055,20451.975828880568,22344.412291784844,24908.056234501957
2017-11-02,6624.795243058071,28003.66212589141,24095.47302638953,24333.289917229096,20594.335818763142,22515.74448419733,22607.16381545438
2017-11-03,6606.365113411075,28003.66212589141,24061.785195866007,23633.163068260783,20000.192742255946,21353.559177763385,24313.119338250224
2017-11-06,3633.124262830251,28003.66212589141,24022.902424216263,23976.9939200951,20228.17384678279,21840.03998749226,25260.115006160064
2017-11-07,8828.727321113975,27590.441683798705,23996.322987927757,23492.685386389592,19634.086968788954,20781.29204634328,21532.527374786798
2017-11-08,14558.238291412505,27590.441683798705,23936.2409293372,24003.49747650722,19106.36259833065,20011.95616200541,23555.274593769507
2017-11-09,13467.66432812217,27590.441683798705,23934.612741155466,23150.51509015097,19072.76098071629,20217.226284238914,21850.456347409418
2017-11-10,21369.1413093533,27590.441683798705,23903.07892259629,24232.795770565146,18529.09413953772,19475.60790157668,22908.368346122807
2017-11-13,18011.595282055052,27590.441683798705,23894.22101825676,23838.06438027486,18072.425755122524,18983.61790817157,20681.875348858302
2017-11-14,14411.310369347917,27590.441683798705,23898.633531257452,23705.63450304522,19080.23561231111,21098.119811110915,25374.32294575432
2017-11-15,13233.587066454027,27590.441683798705,23907.892059658585,22984.3193855889,19345.98959770081,21584.401244427718,24060.05179447928
2017-11-16,9640.244627025815,27590.441683798705,23898.290015950057,23659.275291903596,19019.524801014446,21003.43911424315,21849.70655476757
2017-11-17,7101.375500482191,27590.441683798705,23922.99222414028,24067.98097819044,20472.00314016714,23477.12235436015,25452.154888255118
2017-11-20,5384.952646255894,27590.441683798705,23924.483803149476,24226.24671949914,19981.984058924892,22360.33774045414,24511.27727179992
2017-11-21,-93.7273090782587,27590.441683798705,23926.712646327323,24105.61544335926,19598.829250427625,21587.98382443917,22297.097448330805
2017-11-22,-1614.900398847317,27590.441683798705,23923.18363787516,23975.12193208818,19452.041450654626,21327.482956357788,24657.05527819625
2017-11-24,-6211.519488585513,27590.441683798705,23916.248074829826,24011.59496876351,18913.383114703673,20433.108159122978,21686.918870583413
2017-11-27,-5111.405654325019,27590.441683798705,23906.334809531967,24172.5049932318,19189.919807468275,21064.131336553524,27212.245646368672
2017-11-28,-999.1687268805634,27590.441683798705,23914.096267052137,23984.161823737933,19140.42134111821,21043.35611913628,22321.109699662422
2017-11-29,-428.16986088513437,27590.441683798705,23920.83795904607,23931.0387445641,18986.886082992176,20845.56547220526,24975.59541537059
2017-11-30,-7126.1099037849035,27590.441683798705,23920.12406613609,23630.458614000694,18542.18596519138,20177.348272841096,22655.044575901626
2017-12-01,-7285.4466140679715,27590.441683798705,23940.282748308593,24447.95913509295,19397.010195210383,21792.195437142684,25233.877537814555
2017-12-04,-14574.556180871277,27590.441683798705,23950.283148730785,23666.81637747519,20087.14194636184,22873.122322502426,26924.13298877913
2017-12-05,-7126.067229304224,27590.441683798705,23950.30467160676,23627.420854725056,19489.47311394668,21664.989708860878,23740.992523228535
2017-12-06,-6644.725967501239,27590.441683798705,23953.81902884235,23766.46254689774,19179.738100803566,21114.865464395876,22505.38065113188
2017-12-07,5039.309906290952,27590.441683798705,23961.098081449374,24258.108807450975,19637.401483522146,21936.324302730358,25946.15223796719
2017-12-08,8076.962000368025,27590.441683798705,23980.71158034998,24560.116016534885,20458.469720584257,23229.72321875216,26940.90846928194
2017-12-11,13760.98352250954,27590.441683798705,23971.8937812905,24182.755252351508,19960.08664981393,22158.981668559994,25320.501585958653
2017-12-12,6051.396401652476,27590.441683798705,24005.506298329517,24090.417993822844,21892.5668455936,25272.996247790546,26791.51829069345
2017-12-13,4462.561135453406,27590.441683798705,24008.32772627617,24399.924010778534,21393.529969674768,23938.258981548777,26489.036016773578
2017-12-14,-16084.036161236701,27590.441683798705,24030.559367463466,23988.803726679675,22444.84574526326,25411.247553879723,25283.212526243075
2017-12-15,-5212.0024570318865,27590.441683798705,24026.090973733797,23451.385116368743,22059.587535461273,24289.11734420133,26713.257302481077
2017-12-18,-10340.513336469927,27590.441683798705,24030.594341515218,23941.296712412917,21967.298130281484,23839.819639694953,27278.024967673602
2017-12-19,1129.5072075539654,27590.441683798705,24020.692695749774,24603.628452571513,21302.087528083946,22466.665728128915,25740.101444191125
2017-12-21,10144.07350090464,27590.441683798705,24007.63826361002,23459.745955122547,21181.064388950497,22260.978033896616,25234.198535058746
2017-12-22,29884.8445660014,27590.441683798705,24118.729866421705,23877.830106078993,27048.64880741153,32101.40542395304,41434.60793373801
2017-12-26,27397.40910260073,27590.441683798705,24151.658855751368,24264.26270595334,28151.6394067609,32753.597862580133,41662.85113583364
2017-12-27,23084.05871598678,27590.441683798705,24152.868578896956,24513.929306199992,27336.390935370124,30135.89628713292,38442.00821533548
2017-12-28,21980.687129548794,27590.441683798705,24225.703417467706,23874.072849415825,30467.68260491966,34827.20057326432,42214.10085689696
2018-01-02,21965.60272592154,27590.441683798705,24227.01580389501,24435.997928440618,30309.1332334803,33227.31809602946,38021.27148709329
2018-01-03,12019.295069080972,27590.441683798705,24243.725359444925,23854.007546696415,30340.01874276775,32239.021149643362,35376.2925386253
2018-01-04,6554.911399211871,27590.441683798705,24248.09377707338,24597.959764260835,30252.713708304178,31207.8550860464,32580.14245606972
2018-01-05,18010.147886395927,27590.441683798705,24242.49510745576,24315.036088555386,30158.849154553947,30342.715569288488,35219.09662978079
2018-01-08,15639.458835121759,27590.441683798705,24293.773693813466,24119.05139194621,32257.42956723336,33869.013562603584,37100.66956606358
2018-01-09,20029.837579091076,27590.441683798705,24307.057293165075,24600.675854315086,31998.584193576145,32453.645517729256,37419.04531830009
2018-01-10,21120.240177787,27590.441683798705,24315.39548107544,24489.23158944539,31444.11751961855,30661.8886934005,39880.01674132535
2018-01-11,23132.84060677655,27590.441683798705,24314.36362371808,24974.444008725797,30486.3811379224,28256.324842361726,33730.93162861754
2018-01-12,12953.35610123758,27590.441683798705,24331.98520260329,24271.69842371966,30513.818410803797,28240.506764357066,35238.51435566907
2018-01-16,2770.63399808989,27590.441683798705,24335.44891807353,23730.748263892416,31426.339336693854,30107.08683164038,33167.565469286106
2018-01-17,3793.365554529518,27590.441683798705,24383.538927360834,24676.9511683827,32881.16912423359,32778.883106540554,38937.432837902525
2018-01-18,6336.494773367517,27590.441683798705,24388.605009119514,24594.605569194813,32097.50861589428,30533.514321002454,35039.66552161729
2018-01-19,8389.059111642093,27590.441683798705,24371.285603402946,23905.03098956018,31233.904055554987,28391.604200403606,33623.767641878185
2018-01-22,20044.70065485036,27590.441683798705,24382.812011943137,24617.009492085966,30758.653015777203,27347.94415583225,30650.4061069254
2018-01-23,25641.17252920788,27590.441683798705,24360.28312796725,23910.410975020714,29915.92226895342,25628.84239350391,30560.623545984392
2018-01-24,7001.888581859933,27590.441683798705,24408.476791576082,24637.97410518472,32062.35982977015,30693.963939552475,35557.214557708634
2018-01-25,5445.956552029882,27590.441683798705,24377.311220284875,24878.767451585532,31089.54260290847,28356.212350727707,34025.86218128796
2018-01-26,-1427.283116566952,27590.441683798705,24371.62597346217,24546.93942273358,30602.073563251066,27330.59976459676,27220.995601107326
2018-01-29,-21788.527058298445,27590.441683798705,24391.123011384843,23878.341105643052,31141.36453376768,28651.946216125332,32894.72884753518
2018-01-30,-49025.707029906,27590.441683798705,24380.136615405165,23926.61774195521,30565.200545985885,27401.360753982568,30883.987702600534
2018-01-31,-41783.52230104043,27590.441683798705,24399.513973564604,23973.9700483298,31303.15097564943,29140.880157288662,32502.268240545793
2018-02-01,-56032.210770456746,27590.441683798705,24401.46610922207,24467.425750955066,30450.441245120524,27222.929565439965,34047.42711162192
2018-02-02,-52047.672442479794,27590.441683798705,24405.89448321751,24617.24255535115,29726.47017681147,25804.161845800096,30936.28111361485
2018-02-05,-46112.62851254183,27590.441683798705,24489.278391504784,24380.650299802037,33202.0923778928,33395.44447339002,37494.057357081685
2018-02-06,-16762.931235844837,28003.66212589141,24797.67940366041,24906.03327979577,43967.18817976974,53660.76992543363,54646.83701383094
2018-02-07,-18136.54061413235,28019.918876268457,24786.157953474936,24793.83047555047,42636.38789915033,48322.99069548823,54847.55304763131
2018-02-08,8187.14540271844,28052.6249192588,24930.532704283276,25211.681172592034,46200.560629231826,53318.63720560808,62338.13854109322
2018-02-09,13038.968367551553,31000.875266434734,24927.70233268473,24796.627329222934,44821.78837309391,48077.385686354486,60909.97674655909
2018-02-12,22635.282910535763,31417.596064312318,24955.872243177448,24916.614398322305,44362.77154449158,45378.19794083548,51509.09133630265
2018-02-13,14254.910109586977,31417.596064312318,24964.107215150158,24591.49717496866,43651.618934858554,42492.59572520683,52176.23010513961
2018-02-14,26366.56260433764,31417.596064312318,24948.234613466244,23911.456906016603,42402.05957018823,38721.39315050465,45283.10013090547
2018-02-20,19975.494726494366,31417.596064312318,24984.28018421191,24549.17204045619,43089.426843003144,40048.750649520945,47336.602005804365
2018-02-21,9610.886130777755,31417.596064312318,24986.062407651538,24574.51398467879,42495.9930978232,38133.972134867734,51236.53780205071
2018-02-22,-3027.4084885460165,31417.596064312318,24986.13221955122,24703.409300078856,41333.78139571071,35022.594211235206,36776.14445967369
2018-02-23,-4123.709021824597,31417.596064312318,24987.99704678687,24833.004327076724,40204.46065760666,32279.085099405453,35119.60565960751
2018-02-26,-19066.8791681209,31417.596064312318,25039.037750619445,25498.062662170578,41035.34510627077,35176.81715418366,40978.444394091646
2018-02-27,-14206.158141640797,31417.596064312318,25039.82607435817,24786.80118268021,40069.6293626581,32871.92718837266,34784.18589890356
2018-02-28,-16415.322734349444,31417.596064312318,25020.201618067214,25161.973714670727,39225.36203380261,31176.195118441094,35044.745755581935
2018-03-02,2297.706870599471,31417.596064312318,25073.996826552797,24627.018161146654,40126.079671166524,34329.43429885247,34915.64711915085
2018-03-05,15839.779741360586,31417.596064312318,25081.564248484116,24705.616148456935,39177.73000620357,32140.235105933418,38423.45871200284
2018-03-06,28759.213311858566,31417.596064312318,25093.44068080046,25338.43050513356,38489.36337696162,30883.21490396428,43164.43403346155
2018-03-07,20578.860389772755,31417.596064312318,25130.12581734784,24761.028453230534,38892.72440915485,32663.534517092336,43811.999482896674
2018-03-08,25439.995617675628,31417.596064312318,25147.36868221751,24637.523702258797,38596.853927487005,32317.623903203097,33882.2610257222
2018-03-09,18098.11939823992,31417.596064312318,25182.436271457093,24596.18272572523,39017.261243685,33815.44708747019,39166.460193690036
2018-03-12,9598.862980983547,31417.596064312318,25219.435819449875,25050.35469944526,39881.16155360668,36123.33048534691,42513.30576180616
2018-03-13,-7960.06622234851,31417.596064312318,25247.937674042725,25310.94072410369,40000.85046143725,36286.22372086693,42538.63148211725
2018-03-14,-4780.436370902077,31417.596064312318,25247.642502611838,24944.15847148412,38785.96179476644,33167.12013849461,39166.292552962
2018-03-15,-4888.741584851158,31417.596064312318,25249.32413921063,25177.08944071451,37659.785695670515,30560.68210766553,34546.177277719784
2018-03-16,-14415.623284471763,31417.596064312318,25242.047642231813,24678.78671257563,36551.65168530814,28249.305082701765,28721.708808496354
2018-03-19,-41180.31744441676,31417.596064312318,25237.687770833043,25374.28101020665,35483.80903730421,26247.372653641298,31618.045251940282
2018-03-20,-16421.47200310737,31417.596064312318,25245.00247798394,24818.084915101797,36477.62672184998,30377.736738802716,36069.978048511126
2018-03-21,-19931.011887558547,31417.596064312318,25249.160995555376,25567.48294041915,35662.60567024561,28808.12723359327,33614.51043502344
2018-03-22,-24663.910310293453,31417.596064312318,25250.477751810802,25357.43288835458,34644.833245615424,26847.46957374004,25678.088384654053
2018-03-23,-6402.959435160057,31417.596064312318,25278.576923852084,25296.047927771375,35176.866756383235,29318.478240747965,28210.12042044174
2018-03-26,14876.358040328978,34696.37903850364,25628.396817704775,25491.061987394874,46975.49199394183,55701.12442089346,67793.13263968113
2018-03-27,3089.269543391738,34696.37903850364,25746.130066471374,25498.170985119697,49512.173944264425,58412.797179938876,66924.15876363027
2018-03-28,-642.44921993627,34696.37903850364,25745.89177439518,25808.74224246724,48003.97198969493,52747.553750584426,63841.41706894249
2018-03-29,11771.457771653446,34696.37903850364,25769.789491183998,25852.241900058118,47260.263640916266,49426.42806821654,63333.675405616465
2018-04-02,-3830.110695767412,34696.37903850364,25819.51380027287,25592.20076423828,47580.134453165876,48894.570823556736,52771.99156825659
2018-04-03,4471.362979937229,34696.37903850364,25823.16333821863,25588.669837599624,46421.660012982466,45192.141147271475,48109.234629949635
2018-04-04,6223.127394173791,34696.37903850364,25827.245358725322,26099.41011416802,45222.18774701304,41759.2527871975,52951.29088276303
2018-04-05,10348.321943645462,34696.37903850364,25832.85606086192,25991.551183978965,44089.34361029836,38766.962401968514,45357.727654381546
2018-04-06,4264.94804121435,34696.37903850364,25841.353859203817,25861.430536108557,43417.80866205356,37222.106471630985,40701.59912333819
2018-04-09,13501.945579649406,34696.37903850364,25858.68680104355,26111.83235661131,42682.9840362005,35619.47286563587,44836.616036548236
2018-04-10,12819.983113801583,34696.37903850364,25858.72885049716,26484.437361262626,41731.962975873874,33556.92853773503,37046.60563763755
2018-04-11,11236.752179197369,34696.37903850364,25848.304046521807,26437.754964770036,41000.84103294494,32414.83313299994,35451.30008929616
2018-04-12,10438.984258953386,34696.37903850364,25766.93500118544,25605.801364676212,39756.572135920556,30076.59341535346,33052.26475225847
2018-04-13,6065.539298630107,34696.37903850364,25761.256814224897,25918.748398090393,38545.696834942806,27704.949127170847,34562.37625045736
2018-04-16,222.93128895131946,34696.37903850364,25757.448971064237,25489.928611111445,37667.095785789876,26628.401322050937,30780.465153316163
2018-04-17,-6650.1713686236435,34696.37903850364,25741.77197648827,25655.493408252274,36798.13445641955,25704.836670719018,30862.9503648336
2018-04-18,-16489.624306894275,34696.37903850364,25725.219621983546,26097.213995474638,35974.533507605236,24988.978931092683,28228.75699358522
2018-04-19,-18875.515747785106,34696.37903850364,25723.083601693997,25098.723618206106,34880.89681460507,23298.20792019885,25637.470436928976
2018-04-20,-5649.82596013597,34696.37903850364,25712.62466301494,25626.701214122295,34298.09437662455,23645.742580796457,29038.34997349788
2018-04-23,890.2709139023656,34696.37903850364,25683.887798765256,25813.158398208423,33365.47537635848,22700.47445832205,25632.166394157673
2018-04-24,1736.2125791860083,34696.37903850364,25688.208873897547,25277.215273569636,32625.542833575004,22318.92926938868,23344.722701224622
2018-04-25,4057.642272223331,34696.37903850364,25706.84396673341,26006.620123674857,32608.330649464413,24154.90156792319,26432.97928309814
2018-04-26,3567.3151937377306,34696.37903850364,25711.51562907138,25283.970805094104,31801.55006770033,23260.49539107032,27426.22995698778
2018-04-27,-7402.967452410524,34696.37903850364,25747.382344292724,25466.445604744953,32781.86420388709,27355.66358372724,32885.92594044299
2018-04-30,-21369.394168198793,34696.37903850364,25752.025921459208,25599.50971927593,32272.576788496222,26789.66451167576,32729.292843855037
2018-05-02,-10601.764703123295,34696.37903850364,25751.96311794148,25658.837120600903,31448.666484186742,25438.486795036508,26649.65029743365
2018-05-03,-604.9128453582591,34696.37903850364,25760.853586184126,25472.134240829822,30891.903276029374,24917.340371051956,28199.576180698587
2018-05-04,7603.464004685067,34696.37903850364,25763.58520656578,26020.12880689016,30225.37704578043,24131.1250576199,25066.537940589493
2018-05-08,7254.915427201593,34696.37903850364,25756.814160089492,25855.22271510243,29442.18206556005,23097.01088079349,28175.03179510122
2018-05-09,13174.616026041364,34696.37903850364,25807.18076334736,25596.606165727648,31041.892945276453,28174.096997497636,34708.94897373838
2018-05-10,1816.631516918127,34696.37903850364,25834.95042301898,25570.185934174973,31894.843420836452,30480.999107580596,37515.28907048657
2018-05-11,-4244.6948362337325,34696.37903850364,25851.49135085924,25422.799220208395,31885.612644291334,30450.653237379593,36040.70785477483
2018-05-14,-3701.0927568104785,34696.37903850364,25861.49872547712,26114.388064526356,31568.61962698903,29717.352451646573,37584.00739706173
2018-05-15,2398.789551029388,34696.37903850364,25865.605163539123,25888.415299146072,30782.92897203954,27974.147495263423,32417.51917074959
2018-05-16,6667.902209213725,34696.37903850364,25870.6699939746,26361.543797239512,30205.874641930553,26919.443629134337,29183.62668357058
2018-05-17,10470.037153971445,34696.37903850364,25876.030454947035,25896.71772504859,29545.944420583404,25769.25980392938,31156.787425464565
2018-05-18,8867.311671870379,34696.37903850364,25864.963127792176,25422.322847348038,28645.902289250465,24122.413042563254,30257.593566491953
2018-05-21,3218.287332227553,34696.37903850364,25878.70831557981,26794.10127415526,28663.169408235022,24969.748967784653,30454.578927871422
2018-05-23,-1985.893229645516,34696.37903850364,25884.158374700288,25501.64986378299,28149.6000868514,24336.8496528079,24017.42142903026
2018-05-24,-1452.5623528550257,34696.37903850364,25878.045920804623,25320.116910901812,27303.350968499457,22916.07977155537,29197.354042411607
2018-05-25,2238.5325054150185,34696.37903850364,25875.112874803504,25184.478730699782,26487.969986369688,21700.328369578074,21959.86875290502
2018-05-29,3292.490031522561,34696.37903850364,25850.469035749884,25363.54981379023,25758.07570580319,20848.065089345277,24255.2112366258
2018-05-30,4726.722899954314,34696.37903850364,25847.89461197966,26044.332728239642,24973.627638346235,19891.754121115417,27405.323940367958
2018-05-31,13167.184255754399,34696.37903850364,25840.088193260934,25705.18339823694,24307.73581922971,19353.09492980903,21735.61885166838
2018-06-01,7854.517846561274,34696.37903850364,25838.725993106153,25371.27526226509,23612.717723853348,18741.55214093894,19802.861538755344
2018-06-04,4790.062867092505,34696.37903850364,25827.3152401647,26167.463872403034,23576.638965058122,19963.832604698346,23018.446779285252
2018-06-05,5021.462915835169,34696.37903850364,25819.3319488553,26203.867764629536,22867.574069884904,19181.500663967818,22350.386025707976
2018-06-07,-3872.437079139574,34696.37903850364,25819.010119013943,25209.81012715592,22237.28223787958,18663.828954095377,21738.863019713463
2018-06-08,-12220.6552117402,34696.37903850364,25833.532873708038,25800.456346793373,23215.076640821015,22106.557255897613,25352.316552838973
2018-06-11,-18990.64747587418,34696.37903850364,25843.778541710974,25787.834671393903,23124.426714541347,22387.203967292873,25191.88738939595
2018-06-12,-32027.39909125025,34696.37903850364,25839.8916906384,26205.780206059775,22486.6187083622,21363.29298675976,27314.14230711734
2018-06-14,-22117.55746940033,34696.37903850364,25830.384100386418,25865.677911668587,21804.44089717508,20363.176751281728,23832.998448537233
2018-06-15,-22459.370500593635,34696.37903850364,25862.590782067822,25799.2499876842,23224.4740957318,24099.711522106638,25813.948582358284
2018-06-18,-17066.199975577194,34696.37903850364,25863.124464072953,25669.386380256463,22608.137231821835,22869.6871797786,26202.723190330773
2018-06-19,-7456.333920985478,34696.37903850364,25928.19716028227,25824.861888324383,25971.551921859176,29929.092272433205,35535.32564056293
2018-06-20,2777.053543506286,34696.37903850364,25988.45999636614,25958.005100719412,29248.956238736584,35688.34680571046,37866.044485877304
2018-06-21,-10432.422831386364,34696.37903850364,26026.30678801025,26582.7390630464,30900.281707976268,37598.129801100324,48305.74967652603
2018-06-22,-9268.88234541716,34696.37903850364,26060.19406263662,26224.504548697954,31600.194701665645,37506.89234948657,44934.88121545879
2018-06-25,-9332.000223483132,34696.37903850364,26066.14847340919,26229.872790775193,31018.031000263596,34928.02523779184,40489.25984446588
2018-06-26,-22182.885891944446,34696.37903850364,26054.68539122337,26801.859111090493,30120.307922099775,32035.063971066204,34156.28087697961
2018-06-27,-19350.556509146998,34696.37903850364,26055.232201593775,25792.86580081065,29260.752862834423,29535.745283614135,36149.45721399329
2018-06-28,-15804.421579256896,34696.37903850364,26060.14289580839,26767.4092129139,28733.054713431073,28104.458409254148,31882.1419556898
2018-06-29,-428.6405736366444,34696.37903850364,26083.40786086907,26345.095777518436,29145.86086701777,29076.53338279373,34604.966529659985
2018-07-02,-1375.486637887892,34696.37903850364,26084.500614413268,26580.709722063664,28656.587335346838,27810.631394398093,29631.162954287087
2018-07-03,15896.414263270892,34696.37903850364,26183.470941281037,25979.52769214251,33137.61464378625,37631.54705861902,43728.81318137213
2018-07-05,9163.796563596914,34696.37903850364,26183.44035695786,26694.108667147862,32176.664521942646,34408.685722972084,36115.03005867676
2018-07-06,16227.992073413508,34696.37903850364,26176.46255975977,25705.74794463788,31196.45777653129,31514.701011987174,36274.32942264149
2018-07-09,13683.168350121708,34696.37903850364,26212.001516389977,26126.332166693937,32192.012866611964,33449.99498634584,40432.421507924744
2018-07-10,8595.238930016396,34696.37903850364,26210.381154528925,26272.705226854796,31413.312622553727,31148.4777466859,37148.676756915185
2018-07-11,4079.477236656491,34696.37903850364,26212.422603892093,25597.537672813964,30711.08779632643,29303.028984855384,34921.56200425867
2018-07-12,6071.985531379105,34696.37903850364,26223.70440268199,26694.91610782142,30544.707743309293,28976.909381997524,33057.8675413968
2018-07-13,-6464.438682550775,34696.37903850364,26245.279147903377,26130.33156533933,30940.6663250536,30039.40231303894,34648.28409178338
2018-07-16,-14468.347437918539,34696.37903850364,26234.82497087464,26236.445884175406,30990.567920113142,30124.259682362903,36680.38806029766
2018-07-17,-26308.51449626033,34696.37903850364,26238.197307575487,26019.991516065045,30188.635105217665,28152.94227765948,32909.9457724901
2018-07-18,-20811.775546902136,34696.37903850364,26239.47206036007,25830.347524623427,29324.66313948488,26244.342454420857,31167.743611214704
2018-07-19,-20350.034248137494,34696.37903850364,26244.45288132411,26451.714310442945,28750.592639111783,25297.88047874021,28909.45549012082
2018-07-20,-8750.249981439054,34696.37903850364,26261.509338360458,26764.875864975726,28743.017293219527,25923.863959442908,34197.358165446814
2018-07-23,-4589.74355702649,34696.37903850364,26241.738524999702,26651.51063965372,27972.131939612274,24479.550049333153,30764.85598107991
2018-07-24,6269.772524718255,34696.37903850364,26348.113248996753,26212.80019082836,32557.04172309665,35577.037981482456,45314.779533640816
2018-07-25,5794.520768301586,34696.37903850364,26353.179976727144,26657.404611464215,31990.255908473733,33522.302540238954,42320.58594976547
2018-07-26,13821.520154451591,34696.37903850364,26353.16345592835,26778.168501044525,31233.781542546854,31310.73238426954,37473.222809728235
2018-07-27,2399.315352880408,34696.37903850364,26354.004952802967,26646.695479224705,31262.95591442724,31185.293543824202,34766.936106751375
2018-07-30,6218.492698383381,34696.37903850364,26345.11439873921,26423.491023783146,30447.347446050193,29154.820033759996,33368.42800057272
2018-07-31,8016.286086876705,34696.37903850364,26350.789032706074,26765.067451586157,29813.69226532928,27745.91065869117,35382.94711489623
2018-08-01,7140.615461570165,34696.37903850364,26355.795723348176,25304.972133244744,29267.900815845947,26708.778651653854,32462.745602006216
2018-08-02,2017.4121469220904,34696.37903850364,26358.79641112683,26359.929781533563,29120.966507602287,26782.350348944936,31504.191169613518
2018-08-03,9716.993877382982,34696.37903850364,26368.790154099665,26745.937288274537,29037.68834036837,26966.90266634429,33770.33549436103
2018-08-06,-836.4871487877117,34696.37903850364,26383.736911280415,25960.368836908518,29200.11493253599,27682.037254727788,33902.95364190497
2018-08-07,-13688.929466069028,34696.37903850364,26384.076413179508,26471.51058177325,28373.254489721763,25925.367735661705,32743.603949416818
2018-08-08,-11836.438525843138,34696.37903850364,26383.03070335472,26243.31901978953,27727.643768798032,24808.784197096702,30026.771129792247
2018-08-09,-13508.96487062613,34696.37903850364,26381.21075410805,26877.18928795471,26882.952529887858,23298.272892998822,25967.47260718157
2018-08-10,-10634.364663923612,34696.37903850364,26374.58229139334,26651.20118678874,26239.011564800538,22481.544674941593,27157.716815348766
2018-08-13,-5501.748414886025,34696.37903850364,26385.96145172662,26901.848422916017,26069.96579556081,22954.81045894265,25758.70606761289
2018-08-14,17039.29664643449,34696.37903850364,26488.206734227755,26654.346586449592,31182.542260225746,34662.40692683195,39860.1274980462
2018-08-16,12799.91410346378,34696.37903850364,26482.01514938204,26884.33194812302,30790.82306522146,33021.09530583882,35526.28519832979
2018-08-17,16719.650512285716,34696.37903850364,26480.429099645484,26340.31947862711,29927.679223448795,30657.13137289429,37330.538977579294
2018-08-20,16434.058048843952,34696.37903850364,26487.10711297467,27067.061211796656,29776.845006218864,30079.27554809085,35050.200321661105
2018-08-21,18665.44791216198,34696.37903850364,26487.13789615178,27426.40108708123,28881.998525694766,27995.276576420514,32911.15828408822
2018-08-22,9480.664431728721,34696.37903850364,26500.868458405603,26645.978202437615,29892.005703581275,30415.209535894763,35206.47147255739
2018-08-23,12692.524362623397,34696.37903850364,26500.865602262387,26569.085361592955,28984.635029992696,28257.243551207735,35124.736536292374
2018-08-24,10005.845127039544,34696.37903850364,26502.933803339478,26110.33321573637,28248.729231951464,26685.899551359533,34894.36915505664
2018-08-27,10656.312370558475,34696.37903850364,26511.19777907289,26024.55866985321,28108.901665876256,26643.84793429294,34259.040871223995
2018-08-28,9138.678711918299,34696.37903850364,26514.739835968463,26830.59230624548,27500.629423702638,25520.319873567554,27524.78917331188
2018-08-29,4582.403910283505,34696.37903850364,26514.88230845939,27166.250517096694,26691.814660412078,24049.977720009236,28841.6638157393
2018-08-30,-1300.117679141755,34696.37903850364,26519.84676170767,26063.38628135648,26271.692036923196,23658.348804668236,29789.779920211746
2018-08-31,-2086.495596205791,34696.37903850364,26520.014806434527,26355.566835790774,25477.16814760728,22402.867442603536,27219.71445302905
2018-09-04,-7130.4715786014995,34696.37903850364,26531.182541309994,26958.792215443642,25715.961887532976,23752.622720020354,30620.98263714389
2018-09-05,-7834.072387435951,34696.37903850364,26527.93557976114,26580.873361334456,24993.993092747165,22641.106338001828,24276.370123074514
2018-09-06,-96.21508528888378,34696.37903850364,26544.123555183152,27164.50852965132,25236.922575291872,23865.819510069075,25888.910160426058
2018-09-07,5281.878099528462,34696.37903850364,26546.495779381818,27747.395926984314,24647.483396403048,23006.333235358525,27650.012155577286
2018-09-10,10762.667572438977,34696.37903850364,26542.74107441847,26611.03447918147,23946.606541359044,21986.353710999683,24294.313731069517
2018-09-11,5384.4510542848775,34696.37903850364,26542.790200493942,26096.646069914736,23228.4542152387,21028.892600319752,25612.656862239342
2018-09-12,6557.244158656657,34696.37903850364,26533.884309389625,27344.72934882831,22537.043921763863,20228.73905411964,24773.126451515884
2018-09-13,2698.4236371494358,34696.37903850364,26528.39893690622,25584.471523690405,22030.52052518537,19938.37580576851,21145.900850877195
2018-09-14,1491.5679722990517,34696.37903850364,26528.3685636509,25965.31366381692,21709.736156451778,20102.014813852853,23649.37579508015
2018-09-17,951.8065635192347,34696.37903850364,26536.26116000521,26708.974763483955,21739.286565576716,21013.096933953642,23890.971834229887
2018-09-18,8004.21439989824,34696.37903850364,26549.287704670343,27005.15765332597,21949.391739462233,22111.25638424659,31054.36660794531
2018-09-19,1722.8197701671459,34696.37903850364,26550.580509495026,26255.460084887716,21410.0093637376,21414.884014614785,23517.05894784948
2018-09-20,1450.9567715724493,34696.37903850364,26552.230941255693,26418.21780539814,20864.342391628434,20785.729367496755,26180.236738619296
2018-09-21,-9681.72158753598,34696.37903850364,26552.907433169647,26034.88808100317,20364.399101588966,20322.146037781782,22965.631225696165
2018-09-27,-23512.54770101538,34696.37903850364,26555.97440815313,26183.613864819814,20307.215736226863,20835.765105023605,22351.457163887502
2018-09-28,-33406.31060360864,34696.37903850364,26552.626548626213,26241.442943790244,19895.151257614714,20502.13156103637,24492.00299627644
2018-10-01,-32606.607009667263,34696.37903850364,26563.764525680115,26709.099899154608,20100.7532162557,21457.74212792445,26557.978812352332
2018-10-02,-48090.13529748096,34696.37903850364,26566.04827901996,26914.300343723327,19642.112243107968,20896.986388110312,27704.174212905444
2018-10-04,-68117.63944791107,34696.37903850364,26611.99081505608,25928.181390013095,22423.479331212497,26531.819601216965,35979.36135926344
2018-10-05,-42654.96627799451,34696.37903850364,26663.743370805434,26339.871403415134,25266.124019814783,31312.955603041282,35944.87201155641
2018-10-08,-42632.76842516936,34696.37903850364,26695.15036575697,26639.031309262497,26364.34631394183,32299.936857473476,40456.33032457775
2018-10-10,-29348.73078352738,34696.37903850364,26694.32940789475,27219.60311467082,25978.09066560708,30498.120419511637,32683.043482669622
2018-10-11,-7530.44991987212,41185.11284761449,26850.920749458786,26996.506961828953,33561.70944699346,43859.92564707372,55165.36785180401
2018-10-12,13733.346536354697,41661.094409558624,27282.223468053264,26591.46227763832,49541.6637400322,72178.1123575506,81922.2171948409
2018-10-15,2012.7731970283817,41792.23674080996,27394.81954962199,27469.548120745163,51866.395518241334,71044.36616041198,86654.35276447918
2018-10-16,10479.932721592886,42632.99040369761,27420.590180733827,27724.58158436162,51216.88572907418,64518.47493347513,81996.25474395587
2018-10-17,-15010.316395827249,42632.99040369761,27454.965125925803,27560.66884776625,51155.13700034791,60281.62316224346,75988.28180183847
2018-10-18,-33875.586756834564,42632.99040369761,27463.61098273211,27477.07818050687,49914.05271421924,54074.84665043521,72150.6838598531
2018-10-19,-30416.7315053719,42632.99040369761,27460.32338081776,26950.343734847003,49469.79281789736,50791.580032380465,58879.84933648906
2018-10-22,-50534.56825669128,42632.99040369761,27463.322090643505,26921.767713976147,48186.30991128736,45667.28664955862,54512.887688076844
2018-10-23,-69818.81930829106,42632.99040369761,27442.461796094667,27248.921777958796,46730.613857929966,40682.34876059548,49205.15278652012
2018-10-24,-42640.88768622049,42632.99040369761,27556.362152821785,27105.98885999839,49601.41782055208,49121.642507044475,59623.69174962027
2018-10-25,-22501.21193068598,42632.99040369761,27661.18942691632,27739.41974640202,51496.93663636386,52874.5488407925,58493.931831712034
2018-10-26,-12345.83963997447,42632.99040369761,27670.701110552218,27993.576618405164,50270.37025562951,47996.57355320316,54605.78538150624
2018-10-29,22146.96123741239,42689.54290033995,27804.324835907722,27998.652550685725,53069.629125458305,54643.51928625758,71114.46809830144
2018-10-30,40317.76746097276,46132.403580391205,27969.09984728598,28091.76775914322,56566.217035894086,61776.47488638682,78533.91007991058
2018-10-31,31652.06973689,46132.403580391205,28029.47678223747,27495.92389643086,56712.501825694606,59600.35997135166,75489.38733741325
2018-11-01,26562.46146248465,46132.403580391205,28016.30776057095,28383.373564701233,55459.81534396077,54463.98569613613,62047.970561034694
2018-11-02,25801.310004889387,46132.403580391205,28020.91304211366,27427.74174192659,54234.92066702193,49893.7598554051,57714.05337895908
2018-11-05,3360.0245243558857,46132.403580391205,28172.45015962517,28749.44280625201,57373.97691205647,58147.482436344246,69882.77284102004
2018-11-06,-7335.026494159258,46132.403580391205,28165.892167842932,28439.361699480156,55627.22724440456,51774.71098515881,65555.93997954318
2018-11-07,-11273.005096382672,46132.403580391205,28168.884990744715,27721.960376042323,54039.641336636414,46389.19311659582,61182.13437827028
2018-11-08,-13364.970989240854,46132.403580391205,28166.853108530013,28641.397494815523,52398.85763837932,41373.034864326,52109.37786938698
2018-11-09,-9318.661516866458,46132.403580391205,28174.006578766177,28016.529584310745,51169.17598304143,38327.448387882934,46047.84010067784
2018-11-12,158.76724567726302,46132.403580391205,28183.690685169357,28376.067820266395,49930.11480583848,35569.745007515005,40620.24991349884
2018-11-13,12566.709972761762,46132.403580391205,28239.56571488734,29014.059638846044,50386.21545011885,39468.89358223193,47631.17165989513
2018-11-14,2995.1580085419496,46132.403580391205,28240.06218116785,28864.37623113554,48878.03848544445,35587.356530799836,45251.71051896707
2018-11-15,6248.299901293396,46132.403580391205,28240.62905560351,29003.23527742972,47427.397967352204,32300.80087121427,36427.39424243835
2018-11-16,-10990.049679054238,46132.403580391205,28277.011805831564,28373.684007577715,47343.507340360906,34631.9490896902,49660.14965930687
2018-11-19,-4838.096024433165,46132.403580391205,28278.527056397117,28343.8596493988,46350.01953173759,33095.27261025961,42723.65966180295
2018-11-20,-1353.938580889443,46132.403580391205,28278.70628487143,28445.36399216866,44975.41494091173,30264.908138801697,37709.243824681354
2018-11-21,15990.695809913761,46132.403580391205,28334.685907441904,29734.427336715322,45741.11546324424,35565.20828230322,42797.68112000027
2018-11-23,13362.944109694496,46132.403580391205,28334.254439581604,28988.277648598174,44404.06417242534,32482.75483083249,39211.78416846936
2018-11-26,22336.30947266856,46132.403580391205,28359.364768426047,28651.55961651095,44359.91592641023,34237.80296342586,43096.66585208496
2018-11-27,23422.411566300547,46132.403580391205,28413.561314295857,28335.70187291484,45315.082269467646,38628.10348502202,44232.89027443711
2018-11-28,9062.992371534556,46132.403580391205,28420.816395623406,28116.495158322232,44380.22514845863,36318.92096213301,42988.3390050287
2018-11-29,-13550.730052973171,46132.403580391205,28426.11734757965,27955.146140800272,43818.84725807165,35512.93447670225,44017.19027220133
2018-11-30,-14446.311185483995,46132.403580391205,28422.0973485349,28722.774644261586,42498.46780098933,32316.358688673372,34468.746090296074
2018-12-03,-22610.488255972945,46132.403580391205,28422.18454222583,28709.113592661237,41210.41502024528,29582.98541923314,38661.42070972108
2018-12-04,-39242.46103773308,46132.403580391205,28487.010925774157,29086.130005324925,42913.209956122184,36952.04093803239,43334.50973006616
2018-12-06,-19776.090502508312,46132.403580391205,28518.12726480356,28498.167371779648,43308.324266260905,38618.86117315997,46345.51830783424
2018-12-07,-64.69401165356625,46132.403580391205,28638.7990886801,28528.340412472942,46738.312787688454,48054.884581513,56295.1312803828
2018-12-10,-11593.267169196606,46132.403580391205,28632.796035227264,28723.549203717248,45370.397075564644,43235.35385778023,54211.44349308083
2018-12-11,-9991.611733557209,46132.403580391205,28651.570106749656,28246.968754720998,45037.290812949184,41915.05378018882,53744.61595030302
2018-12-12,-6940.394486915562,46132.403580391205,28660.290356219823,29141.82715775421,44014.72062711893,38877.026805984635,45310.14823296768
2018-12-13,-13296.906746686005,46132.403580391205,28698.007727265667,29174.5400296844,44546.62521834607,40686.056001888544,50849.02890094779
2018-12-14,-24922.316521193643,46132.403580391205,28703.64467131667,28728.9926636503,43432.583822922155,37530.555021286695,45746.43597244693
2018-12-17,-14389.700809184731,46132.403580391205,28760.990579576002,29074.34606144994,45389.677418163395,43440.4423873672,52083.845721801204
2018-12-18,-16869.588909301026,46132.403580391205,28777.463807423595,28911.238295692994,44662.31557697125,41034.42682266517,50794.20071796587
2018-12-19,-9485.185517278594,46132.403580391205,28778.420003775627,28831.489093422617,43333.049777799686,37178.62359019757,46298.60023162919
2018-12-20,-9541.859212504703,46132.403580391205,28778.74177603247,29475.9994465502,42272.9402988899,34505.82603160069,38267.20577434213
2018-12-21,3964.1768199654634,46132.403580391205,28793.99720213685,28560.32555082198,42241.309044981135,35367.954144266034,44233.66814425337
2018-12-24,4457.506538586804,46132.403580391205,28683.208069521304,29026.527412715677,41105.5449575618,32940.456813388875,41055.65943590573
2018-12-26,1941.1306038688604,46132.403580391205,28616.214481888484,27592.57659310168,41286.3162941177,34744.072422616795,38481.2109839926
2018-12-27,7155.336371200074,46132.403580391205,28618.49976231302,28548.88948750639,40774.1375317837,33990.36882073316,43146.35204195669
2018-12-28,11028.291945998986,46132.403580391205,28624.06574800734,28869.385531057942,39799.76221879205,32017.81894073627,36390.74994159033
2019-01-02,4256.348963337655,46132.403580391205,28636.093947574092,28278.993450450696,39214.31958686028,31406.686872524457,37688.98548734281
2019-01-03,16686.944180249153,46132.403580391205,28638.44550256545,29280.364026595504,38129.55532102696,29245.22419698571,33514.041136150314
2019-01-04,29820.161860470133,46132.403580391205,28648.78595004273,28505.61451384338,39526.37508934137,34950.337915352444,40966.37152795237
2019-01-07,21799.155857767728,46132.403580391205,28704.03437841129,28623.212601928426,40940.39220988638,39209.3842233161,46137.13290028869
2019-01-08,10329.601587916644,46132.403580391205,28722.400282884435,28604.337289477233,40824.43010690279,38744.19456319097,44532.996969726315
2019-01-09,20627.399546655794,46132.403580391205,28722.802128355703,29488.681826473985,39614.892344281405,35360.312672098815,48136.11321300345
2019-01-10,13018.856117398742,46132.403580391205,28769.90589758894,29101.879787042504,40531.39024668388,38220.04812535622,50951.37613459039
2019-01-11,9864.334046103735,46132.403580391205,28771.771639426537,28438.84181486653,39392.38830470837,35104.48553344359,37604.193042795254
2019-01-14,14704.925083741771,46132.403580391205,28773.587652779133,29302.76775607135,38420.975015341945,32801.84684937518,38170.13226548394
2019-01-15,14577.596420176058,46132.403580391205,28778.23992092822,28696.197296963634,37594.03772002484,31171.605469085454,35139.13877129185
2019-01-16,7567.206211877128,46132.403580391205,28815.129445268558,29146.418983281903,38213.0469481372,33914.580362607645,42475.01084154883
2019-01-17,11307.052224322302,46132.403580391205,28812.28880374523,28840.274179968565,37191.35917188551,31531.651735640204,42628.861865910614
2019-01-18,20087.34140999076,46132.403580391205,28803.20657829935,29739.060168716307,36080.881197148396,29130.587787437227,34680.94703548136
2019-01-22,11025.682757464727,46132.403580391205,28803.698760905285,28568.400378568007,36481.608083815365,31511.572922563766,37628.120523862446
2019-01-23,15036.771311574577,46132.403580391205,28812.302278861458,28159.239386106907,35755.21678694909,30182.203891340287,35111.14676549859
2019-01-24,21585.070217632372,46132.403580391205,28808.789581211033,29122.902957628645,34759.22833699274,28190.481060364255,35489.94190923984
2019-01-25,18971.768088334982,46132.403580391205,28810.988856437525,29060.651800943073,34640.81433891927,29049.71123596661,37896.598426886376
2019-01-28,9938.429235969372,46132.403580391205,28836.91623527978,29012.11884764138,35017.96615922921,31074.602421571544,35091.370804927166
2019-01-29,15818.222016353755,46132.403580391205,28832.219382338746,29261.467646562898,33972.13730572708,28746.644638201527,38145.115432317936
2019-01-30,13390.579230255787,46132.403580391205,28832.019886472015,29004.765665602416,32937.434737176765,26685.61444526996,29928.391470219787
2019-01-31,6679.512378105537,46132.403580391205,28864.874493948468,29199.381590703506,33739.25754317071,30162.69287542806,36220.61794668262
2019-02-01,5994.688136023173,46132.403580391205,28862.241917346055,28690.696244331964,33045.54105804271,28847.68573757579,32958.60988767534
2019-02-07,11804.870692511804,46132.403580391205,28849.035020631803,28688.508390672487,32078.619935052473,26905.41626032282,32385.21151845591
2019-02-08,10920.68765132425,46132.403580391205,28838.468599997075,28807.5894795136,31732.803856086583,26979.300138327333,30781.260978237227
2019-02-11,11325.799601586736,46132.403580391205,28841.547408751583,29986.22084160055,30933.639301761916,25681.226404136232,33637.92943846629
2019-02-12,14538.132733409662,46132.403580391205,28842.52023416652,28256.035035957568,30082.199998786342,24354.60082778408,27855.936257413305
2019-02-13,15541.3527525185,46132.403580391205,28837.327141312922,29362.380393688924,29414.183289865574,23718.341547531007,29284.620923688766
2019-02-14,8114.491109559306,46132.403580391205,28845.069636863052,28725.58746937676,29103.18048606175,24179.17139201846,29453.543799995485
2019-02-15,5276.43045150752,46132.403580391205,28849.442437375164,28798.154122901946,28686.707026372547,24192.274438707154,29186.79170836954
2019-02-19,9900.337579759233,46132.403580391205,28850.935755980103,28115.3519362003,27943.44519899985,23202.452478861465,30472.366849698414
2019-02-20,3623.622340055816,46132.403580391205,28861.602732453637,28243.741093918205,27844.821520242313,24160.94880426354,29229.10619122895
2019-02-21,1214.5970144985085,46132.403580391205,28844.721803602006,28167.738268678524,27472.757376367535,24158.86542731952,30174.320048849873
2019-02-22,-8759.934641414487,46132.403580391205,28848.355105265746,28810.45222381044,26885.70106560476,23489.028922367623,27155.809431886148
2019-02-25,-4145.256096690938,46132.403580391205,28844.73940842638,28948.7799839084,26113.052586936567,22354.005826013352,28524.200522210973
2019-02-26,-8137.6257125595885,46132.403580391205,28839.974045632105,29539.497747198508,25518.06587370079,21852.343884268594,23975.909569375035
2019-02-27,-8682.226728169308,46132.403580391205,28840.932464877762,28550.599825921236,24790.289074826112,20973.730824782113,25734.39127381459
2019-02-28,-15928.351886134034,46132.403580391205,28840.129402301292,28851.030464867443,24120.09753487637,20339.81686481262,23199.558963400017
2019-03-04,-6844.941159697482,46132.403580391205,28916.848069197986,28976.857957073968,28543.547891994436,32069.817447244284,35463.06473738246
2019-03-05,-8097.173007933407,46132.403580391205,28897.50982574932,28026.170132291514,28655.60399662012,31735.077735367468,38531.4778369224
2019-03-06,2284.4924910456234,46132.403580391205,28884.926829394837,29027.977165767144,27847.143302894547,29421.72990490568,36686.85933851058
2019-03-07,4719.981713799983,46132.403580391205,28881.8469643091,28704.970625796668,27093.350217089188,27530.506370173298,34086.48329492385
2019-03-08,10823.380323821128,46132.403580391205,28897.658660954377,28833.497100526656,27239.389548151914,27987.80257848621,33148.97226718799
2019-03-11,16624.708793680184,46132.403580391205,28893.160820428617,29833.996489704306,26840.88266285615,27100.301425492442,33155.55090316291
2019-03-12,14608.978539265385,46132.403580391205,28900.138406775724,28804.82149350415,26670.52731490805,26874.631719743793,32687.100199998276
2019-03-13,3895.292011383652,46132.403580391205,28934.59883144641,28104.261452957533,28232.895727095598,30629.060045006958,36788.303111343106
2019-03-14,4455.2083248037,46132.403580391205,28889.249071391903,28325.40603709796,27385.750761138344,28408.732962576574,34192.68985766111
2019-03-15,5392.63107156771,46132.403580391205,28884.960034086416,28291.132747715856,26557.531395070004,26450.85674813034,32647.561726092186
2019-03-18,791.7025635679653,46132.403580391205,28881.204172387366,29482.42521073806,25879.37380032078,25094.716919493872,30325.193478381614
2019-03-19,-11906.784255423889,46132.403580391205,28882.014133850815,29773.78082347246,25303.421093027107,24156.16971915701,30696.939339493063
2019-03-20,-4772.461424854266,46132.403580391205,28883.884154607982,29224.40098906467,24641.783194625677,23105.38789349365,30770.397535489705
2019-03-21,-9653.3177046305,46132.403580391205,28884.357938284764,28885.813951616292,23941.666444845687,22065.808714177492,23994.432063937278
2019-03-22,-15180.866772022722,46132.403580391205,28884.521499053757,29598.16178210314,23279.071427158746,21231.72414631516,24648.711175917146
2019-03-25,-6558.772331193879,46132.403580391205,28876.438692003034,29206.367849281814,22804.53709493333,20998.39155519009,27017.100737271605
2019-03-26,10484.031395068372,46132.403580391205,28925.627229274374,29028.934153103888,25602.15393306661,28351.8249928858,31868.474402185926
2019-03-27,7556.771777162097,46132.403580391205,28919.93693478998,28326.340085775355,25729.702704670755,28366.66249077265,34731.62787832134
2019-03-28,17219.098614523995,46132.403580391205,28919.769391641745,29063.20831215648,25378.10211918033,27355.66059131695,32936.72238993181
2019-03-29,23274.005595766197,46132.403580391205,28896.815203953865,28764.651979694998,25165.41055836216,26827.088953264523,31695.466904549983
2019-04-01,18879.382468433025,46132.403580391205,28903.79171751003,28583.542894293118,25591.976624584746,27779.12088474982,32456.69080723492
2019-04-02,12008.455748085715,46132.403580391205,28924.433886140316,29100.49835445299,26329.13695417543,29243.0462916761,33997.268885569625
2019-04-03,10503.153957892991,46132.403580391205,28923.148581892277,28715.26456866738,25707.80888967583,27574.390534964783,28685.277287862453
2019-04-04,8280.409977450143,46132.403580391205,28938.818308274575,29772.773271040325,26071.576090250906,28300.382900631004,30094.273588466283
2019-04-05,7895.3397149432585,46132.403580391205,28936.549752683808,28592.19904844961,25394.22525034452,26634.098465563995,29630.7375019897
2019-04-08,8168.354378643023,46132.403580391205,28930.578392112096,28567.02673916693,24712.036567138628,25165.122958747514,30725.029358969063
2019-04-09,8996.889235656934,46132.403580391205,28908.84213974097,29093.302337304587,23959.266031351584,23731.661675756342,29646.895620067437
2019-04-10,7461.171859870294,46132.403580391205,28908.539098431713,28443.93900354778,23256.606301473046,22559.950104693267,26490.252519384838
2019-04-11,3465.8627720924633,46132.403580391205,28914.46998287069,28702.508905873794,23056.619079524782,22734.658903319203,26618.59102051659
2019-04-12,-5068.7040329258425,46132.403580391205,28894.290269543868,28771.515926240976,22438.51399310021,21857.570394400915,25580.222913654183
2019-04-15,-3985.814772196983,46132.403580391205,28895.67996462949,28934.393835734478,21894.893027542283,21269.717456094164,26605.15898489964
2019-04-16,-1962.4239132949697,46132.403580391205,28893.746727885482,28355.14597083366,21256.797269315106,20507.452583242975,26122.249814822364
2019-04-17,-4298.626572562414,46132.403580391205,28891.691293770942,28096.421324880324,20626.000345240544,19843.479931360027,22961.96993231233
2019-04-18,-8131.148141750519,46132.403580391205,28891.60374964956,28029.631235451187,19999.54255005898,19250.5306508676,23510.673603084917
2019-04-22,-3732.944394670604,46132.403580391205,28913.75237736959,28830.885366700935,21348.438266145047,23331.599049417,27683.845297769778
2019-04-23,432.6785598607183,46132.403580391205,28914.340509242913,29192.75144411662,21053.35070389043,22942.17178864524,26462.9851475328
2019-04-24,-1803.9030094015413,46132.403580391205,28914.90937588843,28816.129066240283,20742.202876432002,22561.329934871603,26920.795889490233
2019-04-25,844.5111180779105,46132.403580391205,28916.420712770258,28647.1609534266,20467.7378465357,22300.744640296787,28951.534573271478
2019-04-26,6232.972937528592,46132.403580391205,28924.07381332504,28791.042165881667,20503.738412324677,22727.9504085886,26176.690829965457
2019-04-29,78.57056623397293,46132.403580391205,28925.605305570298,28882.833140913543,20155.663407350577,22248.07586307376,25613.90155694362
2019-04-30,-11711.974711811887,46132.403580391205,28926.918219034396,29055.579364653157,21581.622008931972,25519.618434258784,31204.371354617542
2019-05-02,-27390.195763505348,46132.403580391205,28927.01531695591,28908.595775593585,20940.87794604649,24029.84932285095,29582.04727591457
2019-05-03,-26123.151591355774,46132.403580391205,28917.60842524616,29184.73852757001,20307.567738542544,22758.49094496087,27904.55665056156
2019-05-07,-40618.48130342035,46132.403580391205,28916.117086917522,29004.664340914413,19762.809418261255,21842.4131847023,26289.88012499755
2019-05-08,-29271.914162257926,46132.403580391205,28944.405496374566,28575.836534938127,22178.548522354038,27049.126863422058,31358.04098989245
2019-05-09,-14355.757640939088,46132.403580391205,28954.902320005196,28894.758573427815,22288.205932970093,26868.29677318392,31725.98671293611
2019-05-10,-4776.6380418260715,46132.403580391205,29045.68104990596,29251.527387789025,28867.201358501356,39112.04333885854,52173.79397334195
2019-05-13,-9699.770710484814,46132.403580391205,29031.7977951977,29775.055632304826,28012.68304028889,35654.24182011472,40438.35994901945
2019-05-14,-2924.8513973668278,46132.403580391205,29114.14148609983,28609.832477172215,31915.63889987153,41994.16434198498,54663.189601536134
2019-05-15,-2323.7869973343986,46132.403580391205,29115.92908267127,28702.604759395712,31117.602014315435,38346.59133210882,42214.452706774566
2019-05-16,-11111.400731302234,46132.403580391205,29161.962746540805,29891.844952452553,32907.66234310007,40573.978172132076,50738.73253694036
2019-05-17,-11362.493787841491,46132.403580391205,29176.43482512408,29422.81435790799,32650.129040339176,38382.45719443983,41597.35600343336
2019-05-20,-11310.150867447033,46132.403580391205,29184.334883487525,28811.98176737998,32062.454286625554,35840.6668384631,45399.80594501272
2019-05-21,-940.6006256602794,46132.403580391205,29203.928980625074,29016.7109462965,32131.236013063415,35150.661788792444,45707.90463004552
2019-05-22,-13130.303321736037,46132.403580391205,29207.98489688041,29320.96368927009,31415.10048052724,32790.5494159942,38388.48971617747
2019-05-23,-12099.22137700274,46132.403580391205,29205.456371156582,28663.014196486092,30520.089895657216,30287.195328015507,39693.88399870663
2019-05-24,-5131.889416956718,46132.403580391205,29216.740159347573,28431.34813937024,30466.681718413634,30211.55637876676,38111.841975868294
2019-05-28,2866.3366156275783,46132.403580391205,29199.949871863406,29249.440863401298,29963.021521495422,29032.821985218878,36113.064815686615
2019-05-29,4951.51997024252,46132.403580391205,29205.59075607042,29805.72060584505,29491.55120138792,28082.129321133358,35241.14750698592
2019-05-30,18100.97313510453,46132.403580391205,29231.042306027102,28805.095369276,30810.799685826223,31726.8675542547,41092.647183398105
2019-05-31,24094.815985993064,46132.403580391205,29231.30280369676,29841.56023782877,30049.373816205836,29684.786564042013,37609.20574874501
2019-06-03,27602.95828128021,46132.403580391205,29221.46868056818,29480.822195548695,29179.119888394005,27626.742349702246,35713.03923106165
2019-06-04,27562.23704324798,46132.403580391205,29216.505960919967,28525.551259943124,28757.949119214278,26997.907214648287,34184.127452228306
2019-06-05,19720.59402546643,46132.403580391205,29229.32932093804,28706.292358092243,28936.195404815982,27978.826428206405,35427.20758806509
2019-06-07,17368.276655742142,46132.403580391205,29236.760814184345,28554.500321545893,28546.69706660153,27334.404730340084,35447.37701276414
2019-06-10,6146.562419556392,46132.403580391205,29251.2063308758,29445.056051222495,29744.542424415093,30671.53479523171,36046.03520608846
2019-06-11,-89.61795874141889,46132.403580391205,29261.172367044062,29185.36296052995,29475.04976181933,29907.65436443044,34729.00444862767
2019-06-12,-1741.864616985503,46132.403580391205,29268.079701417377,28584.780589126593,29031.058247581914,28829.409797070144,35256.19341338982
2019-06-13,5535.631489701548,46132.403580391205,29269.13835852981,29724.246023938817,28236.597442098577,27004.71077911159,33718.81024816035
2019-06-14,10602.85922819871,46132.403580391205,29241.23095090604,28175.982916925754,27471.16610593316,25502.69703138473,29231.061009994257
2019-06-17,9653.604601039624,46132.403580391205,29244.90386954001,30079.776463992792,26850.777484748603,24553.676200676615,29125.205764029415
2019-06-18,9905.476883006735,46132.403580391205,29225.223018465702,29234.350364880884,26098.66390269965,23383.033446880643,30436.032475212938
2019-06-19,2307.159679733454,46132.403580391205,29226.955764297352,28449.319227348315,25481.812330480192,22700.52958534817,27989.988778492898
2019-06-20,-4739.892734055678,46132.403580391205,29239.11869366783,29268.93081694475,25683.80391706957,24292.667553520718,30449.182784894583
2019-06-21,-12390.498556087301,46132.403580391205,29259.918940320462,29110.69735200611,26389.48454906778,26766.23185834002,33402.740128765596
2019-06-24,-10420.78184602914,46132.403580391205,29234.108084266416,29183.10300920085,25997.969275745047,26067.84611394617,28152.149730875157
2019-06-25,-5752.4669453104825,46132.403580391205,29234.054155834016,28707.531775257456,25252.48852808503,24554.998642287817,32624.35952898113
2019-06-26,284.95356572970235,46132.403580391205,29245.091053953005,28497.947017759685,25376.35021205986,25451.02951762696,33138.8887224038
2019-06-27,-28.183362606543735,46132.403580391205,29241.512904673997,29402.499640198588,24681.097606278203,24120.403620879635,27062.624755727193
2019-06-28,861.2777539599997,46132.403580391205,29222.624161282445,29064.014262476332,23950.59514443006,22880.89178992647,28452.249068871566
2019-07-01,-13849.192798583817,46132.403580391205,29219.13270784564,28693.827088312235,23315.957631010446,22047.52839185321,27207.41583954247
2019-07-02,-22756.742776674622,46132.403580391205,29223.92570948213,28834.417304965118,23032.99110737099,22231.58828874857,28913.817813781454
2019-07-03,-18038.965261762263,46132.403580391205,29209.007215790698,29166.614544746913,22354.577227932215,21323.282481428203,24978.833027328314
2019-07-05,-10430.25116221727,46132.403580391205,29204.740696098233,28635.889011415326,21801.385084364872,20854.241374517056,27718.620530172153
2019-07-08,-6866.576884456277,46132.403580391205,29204.245872376894,29460.636182616083,21137.576286041578,20119.103333723495,23634.247982310324
2019-07-09,7210.723583616161,46132.403580391205,29327.44403020459,29524.85049502008,29232.983911306026,37570.59873102174,51182.366101037755
2019-07-10,12238.050241078503,46132.403580391205,29340.5579791237,29358.099089256728,29178.24597983626,35835.133238430615,47146.18239501937
2019-07-11,937.6676530325096,46132.403580391205,29345.581526484537,29238.467600648324,29149.993132550004,34529.28658369315,41107.751075114604
2019-07-12,-4505.472150654478,46132.403580391205,29360.11415028817,28798.569745900597,29198.974293243686,33609.971567148765,39941.735775930465
2019-07-15,-3500.734615701823,46132.403580391205,29365.631765789887,29139.293140367336,28690.807911779084,31750.263829392203,39545.95317268944
2019-07-16,-252.16577157997844,46132.403580391205,29367.434125341893,29023.22543633973,27968.499081148926,29711.931302106703,39502.45445549181
2019-07-17,142.72906122521974,46132.403580391205,29364.347594298255,29181.80022696287,27121.60502077654,27656.52046569996,37558.09437077994
2019-07-18,1851.2940057270446,46132.403580391205,29376.285373181126,29147.597873015045,27308.109078644487,28176.49402119321,34984.583304608765
2019-07-19,-3988.525397489789,46132.403580391205,29354.128622403823,29102.433767621937,26479.246569441497,26357.708140873536,34197.03932903248
2019-07-22,-10861.350160734339,46132.403580391205,29361.856272950707,29828.348231673284,26351.381105418994,26351.404895915282,29151.12690100543
2019-07-23,-26709.000015014757,46132.403580391205,29277.14479182382,28876.44373797247,25578.20153521703,24935.368946435596,30840.92024457452
2019-07-24,-23333.83646881589,46132.403580391205,29273.182550931095,29499.44280404347,24798.998855562942,23615.21327932077,29879.53703531109
2019-07-25,-21289.521041431883,46132.403580391205,29260.44309687829,28743.955510797572,24597.482454131194,23856.70177104074,33623.53673165647
2019-07-26,-19259.354919347683,46132.403580391205,29274.165039608437,29292.860746926402,24865.268288313186,25085.472591300295,28682.215146845472
2019-07-29,-23401.316957881827,46132.403580391205,29273.172162972383,28622.397709835892,24271.53821561732,24127.332293908596,28264.63830334978
2019-07-30,-39782.673549439045,46132.403580391205,29370.896589508753,29788.728477942197,30221.787182976463,36650.44219467514,52390.46797492437
2019-07-31,-51474.78637176575,46132.403580391205,29355.085866853336,29266.472748822995,29611.44634291277,34232.649730971185,44251.577512699216
2019-08-01,-44384.683486998554,46132.403580391205,29354.368378299765,29368.466708968444,28825.59657590582,31778.031357151263,42105.77897952885
2019-08-02,-25754.472973469798,46132.403580391205,29359.855262179033,28722.67005747499,28299.859263258928,30199.22355962762,40723.69365097791
2019-08-05,-17263.97868056965,46132.403580391205,29378.593604680613,29926.083772947615,28606.2306298353,30611.412661134054,39630.41046155686
2019-08-06,14808.104189835492,46132.403580391205,29815.841555420116,29663.64090808664,48539.93479985343,68766.10196899314,76959.08032213911
2019-08-07,22440.51613980732,48099.49101480521,29847.36772359684,30094.452694131523,48245.087678691925,63810.92018744829,80424.83074742765
2019-08-08,15925.7150854695,48099.49101480521,29858.56098167948,29513.663890686472,47217.70456667058,58187.58704940813,78099.78662040207
2019-08-09,2115.8828722600542,48099.49101480521,29957.54549904567,30512.96381601658,49675.97553048914,60580.19391885842,78312.33696408792
2019-08-12,4737.758195974544,48099.49101480521,29945.83171424536,29753.73296459493,48239.73517275241,54642.74836788043,63394.85622762893
2019-08-13,10797.882288047407,48099.49101480521,29939.706187490054,29392.046221014076,46781.49917021668,49286.015073382645,60602.80090414045
2019-08-14,17113.628189957715,48099.49101480521,29939.944378432407,30481.92153769067,45365.215508964204,44495.10699402557,54630.320309338
2019-08-16,14636.902511975299,48099.49101480521,29940.80439691965,28685.19145446642,44022.22332266168,40274.32144593395,53565.2795100654
2019-08-19,6727.562763145768,48099.49101480521,29906.931618033275,30187.720947877024,42714.57105430076,36687.11569864353,47550.979530810895
2019-08-20,-10621.969982487457,48099.49101480521,29898.82967179561,29754.305625880894,41855.3409614766,34792.480938473025,43400.12372452334
2019-08-21,-13828.349300852402,48099.49101480521,29916.060728437104,30097.064823078053,41513.26506158892,34794.66191967532,45749.13889942763
2019-08-22,-9468.6046729743,48099.49101480521,29928.374710966982,29892.574178029197,40878.83660845479,33848.287126079405,42847.472201308534
2019-08-23,-5243.565787737487,48099.49101480521,29934.58134359227,29395.90212348406,39948.75058336711,32081.24620440376,39144.49258797665
2019-08-26,10509.237666863162,48099.49101480521,29953.942631737875,29401.777662556633,39629.64779404674,32457.44175696937,45037.8262184632
2019-08-27,25496.210335368974,48099.49101480521,30025.661984427672,29968.834983426503,41635.95571983727,39206.46406427756,48343.02031779368
2019-08-28,31530.329508800747,48099.49101480521,30028.57225551887,29873.408943604303,40636.356163214594,36552.34396619401,52338.862925546215
2019-08-29,26257.575519758422,48099.49101480521,30065.241797859602,30171.548971888464,41396.46741254725,38963.54828202378,50136.24786501718
2019-08-30,26163.208594300417,48099.49101480521,30057.531892578027,30339.64502741191,40137.11337524479,35639.11669314897,49878.70206652658
2019-09-03,14575.069006943782,48099.49101480521,30094.498837342406,30554.662744589383,40630.5852774976,37483.999619343216,47231.81569956514
2019-09-04,10968.84802374526,48099.49101480521,30082.60093445286,29536.00385715463,39511.215287478626,34690.51553941627,37322.95642578239
2019-09-05,7764.518219557113,48099.49101480521,30111.400920824424,29817.789566038464,40250.601056221094,37287.0338184831,45732.88790107811
2019-09-06,5867.471369924828,48099.49101480521,30118.88940176043,30199.4310561894,39481.005524000764,35450.20253705386,44325.21688731846
2019-09-09,9195.77181133216,48099.49101480521,30117.230185879944,30735.758565618424,38279.100863026935,32600.374065915752,48366.736883755504
2019-09-10,13131.515796245334,48099.49101480521,30111.98349969903,30567.635756430507,37240.67677842779,30488.761060061788,37017.46473235274
2019-09-11,15843.583076743933,48099.49101480521,30111.528487980268,29571.148924456364,36138.938866313954,28357.96595643724,38416.132820709136
2019-09-16,12193.677409755559,48099.49101480521,30129.71905424334,30177.78550425354,36001.201426881424,29427.278438885845,34609.790346652706
2019-09-17,8177.5499803092025,48099.49101480521,30131.587329036873,30043.064887281813,35086.54426199104,27913.154107983202,32903.64192354708
2019-09-18,3667.576482988758,48099.49101480521,30072.732321060896,29902.383426504588,34313.40786119925,27057.50092565819,32770.49282280281
2019-09-19,-7221.051990248117,48099.49101480521,30063.843051103886,30068.292859137764,33324.21462174644,25543.39340911891,35646.319937467146
2019-09-20,-8000.898761375161,48099.49101480521,30025.85564564137,29835.81684072631,32365.857602209537,24304.65079616393,29263.779950405467
2019-09-23,-15393.783948036165,48099.49101480521,30020.307267369782,30519.603979708263,31588.11952289007,23748.32078404572,30441.214657508557
2019-09-24,-13195.820314426504,48099.49101480521,29964.529279048675,29746.813752929913,30664.885696134446,22763.673580364662,26471.769958663615
2019-09-25,-9349.719119819372,48099.49101480521,29942.043208273863,29923.02999530173,29757.026648129122,21891.366023411563,29053.71441264201
2019-09-26,-11585.747981833665,48099.49101480521,29957.513149441438,30206.961248924246,31223.959006852016,28124.46093053571,35041.38533601389
2019-09-27,-7466.110217985487,48099.49101480521,29957.687463225524,30008.609078207577,30286.835032111136,26356.779149729173,35444.86382552269
2019-09-30,-2595.0282540403887,48099.49101480521,29962.632635150218,30046.326994827017,29931.25242386983,26404.498432766664,31796.639679802876
2019-10-01,-709.9984419080707,48099.49101480521,29897.46490563389,30321.63910030633,29046.473809379582,24951.98909443045,31728.68773607931
2019-10-02,-4407.430224743923,48099.49101480521,29893.41793271592,29101.852049688776,28397.083745743937,24311.83920387989,32996.167561220005
2019-10-04,9524.09926232035,48099.49101480521,29948.526983834272,30558.536491582625,31253.06698099595,32583.02593594278,38675.8073286868
2019-10-07,11134.315514861057,48099.49101480521,29931.290688101704,29969.967069897357,30923.318837468894,31588.67966558851,40847.066072513815
2019-10-08,14250.300303204232,48099.49101480521,29930.341169087653,30059.887793732687,29984.04583273553,29235.181035264726,32946.282683227604
2019-10-10,15125.900110852186,48099.49101480521,29931.644020711763,30470.24272660788,29299.49269686187,27833.67384086435,37167.20908383048
2019-10-11,14945.942086589013,48099.49101480521,29931.847362599932,29559.486186701946,28426.74850872227,26126.430183465032,33335.79083053602
2019-10-14,8776.274544822649,48099.49101480521,29925.52078234969,30217.12271051744,27719.408315191817,25058.9131921086,31191.5916038516
2019-10-15,4579.965750648521,48099.49101480521,29943.916712881517,31059.67735091199,28105.257379061393,26907.775445531275,33698.6776643746
2019-10-16,6302.025392836627,48099.49101480521,29937.28844001747,29339.358043759043,27598.571803518324,26178.688738162004,35451.48961218795
2019-10-17,3537.3468477170145,48099.49101480521,29899.466413272577,29065.757925817248,27179.786411324505,25763.756697869958,35683.55795901429
2019-10-18,5503.11051512498,48099.49101480521,29899.960831781285,29518.700763334346,26383.38929212331,24413.522582837948,28673.555801663508
2019-10-21,7661.616855913226,48099.49101480521,29900.410089904577,29698.56082668717,26044.710405514805,24391.53127603583,30328.206485146646
2019-10-22,6553.8853945974615,48099.49101480521,29872.040696296517,30192.756202571694,25414.713440608815,23607.099262249878,30339.303242315746
2019-10-23,3546.519199498825,48099.49101480521,29865.024608087548,30514.23289280035,25502.003387715933,24667.387670133285,28506.038587572813
2019-10-24,1860.3107595194049,48099.49101480521,29846.53656297063,29577.207876977518,24756.589086174823,23487.125740265426,31052.583504604987
2019-10-25,3443.6827592988084,48099.49101480521,29831.154705145716,29960.472473429905,24033.069005109526,22499.492803777364,26389.88793618879
2019-10-28,10506.717509281185,48099.49101480521,29826.257576695436,29930.081026229796,23399.861325759826,21837.127798017606,28106.46785310714
2019-10-29,14852.597584481924,48099.49101480521,29826.271489383435,29308.255143341252,22734.329307910462,21154.00227401835,27938.900856027227
2019-10-30,13898.996020691997,48099.49101480521,29827.68805035964,30358.696495659624,22211.47863851768,20875.70162129181,30226.298787029627
2019-10-31,14745.764017500838,48099.49101480521,29827.8455914861,30056.411885329333,21553.64669451521,20281.23561745796,25712.392652989343
2019-11-01,9578.9990590395,48099.49101480521,29803.623679217144,30003.856416030685,21145.372665290826,20322.20669358551,27331.325092919782
2019-11-04,3095.5257769014424,48099.49101480521,29796.494043315382,29803.071821068803,21615.361052588883,22251.675960073648,27906.74244657163
2019-11-05,-5379.863430478752,48099.49101480521,29799.153987093196,29414.9679215169,22096.166973821793,23779.213433434772,29185.910868048497
2019-11-06,-2678.9634164684962,48099.49101480521,29796.18314586568,29707.91914555328,21477.278139038408,22813.291220529747,26488.466176577054
2019-11-07,-5368.575246592185,48099.49101480521,29745.406992032742,30429.972539239716,20823.758373490142,21893.785965231527,27436.31128540882
2019-11-08,1252.4496455629985,48099.49101480521,29665.407233362333,30506.368167132874,20465.795262526648,21681.143384951556,27762.857553283262
2019-11-11,8693.93937867098,48099.49101480521,29585.918486015435,29463.1395519253,19892.432829655183,21038.68509030817,29247.241479561068
2019-11-12,12363.379013659143,46132.403580391205,29327.973117246664,29721.146583979356,19656.390386130377,21065.267032118893,28847.716628978345
2019-11-13,5367.911255871799,44401.96293725397,29118.01607908657,28932.812260832685,19694.22708880339,21571.542473741833,25402.94092020933
2019-11-14,-192.5977619533139,42672.26345008453,29074.40694925213,29293.999888944785,19368.645875437967,21344.61847409291,26794.662095907985
2019-11-15,-14003.285669919993,42672.26345008453,28842.93833636922,28314.159029022823,19454.69072739771,21812.744563805623,24870.897102714844
2019-11-18,-20015.71110698681,42672.26345008453,28815.155668001415,28499.44881163258,20516.203313162183,24029.10598088804,26878.901465003513
2019-11-19,-10915.169803412682,42672.26345008453,28776.16617257267,27555.604170289815,19910.648007204865,22923.409664746876,26805.295421766234
2019-11-20,-5440.729692858942,42672.26345008453,28778.206981965202,29222.046473995695,19703.379439767017,22726.595732262118,27995.649851234943
2019-11-21,2210.511618421902,42672.26345008453,28700.21759152604,28710.531718276663,21719.049485076106,26283.89328877181,34602.08851521929
2019-11-22,469.8919625182041,42672.26345008453,28731.92402710192,28613.831207521467,24494.817211868525,30774.158909080357,35654.722673298274
2019-11-25,-1848.7090932096019,42672.26345008453,28731.579348730498,28715.965213778432,23752.142941319165,28844.231066551954,36867.83624205754
2019-11-26,-13971.049672025076,42672.26345008453,28629.02815543206,29462.116088821553,26190.802221827274,32484.706001067814,39435.12047147345
2019-11-27,-19279.000423175035,42672.26345008453,28630.990191369867,28597.75543606206,25572.937089447412,30620.240651197382,42889.53636949723
2019-11-29,-23101.164661047063,42672.26345008453,28559.058159062766,27758.58226988443,24800.774267021003,28672.06344756632,35316.73116702797
2019-12-02,-3268.616894562074,42672.26345008453,28600.723687513633,28598.635340947607,28198.948923788073,34352.39168591249,42423.16418592236
2019-12-03,-1141.3024531546032,42672.26345008453,28602.819267429095,28506.80098254864,27458.045556084086,32133.411092766037,37713.52815538056
2019-12-04,1440.687047576659,42672.26345008453,28594.625963707316,28844.772464626807,26786.77588938571,30281.25603649343,36077.912102803406
2019-12-05,7842.2961838363235,42672.26345008453,28593.95483181175,28822.43387801099,26237.860707594613,28865.33742300156,35063.284775173735
2019-12-06,19098.724484596645,42672.26345008453,28551.76581624678,28294.24170878326,26016.817406335766,28273.197420841017,31686.033369309647
2019-12-09,18672.663098553487,42672.26345008453,28582.96622209342,29317.1810756578,27337.51959674772,30624.330417215984,41717.236045947146
2019-12-10,19293.031770406073,42672.26345008453,28563.350236885773,28733.287987577016,26505.2292468504,28678.7490773657,33967.99629234366
2019-12-11,24673.82258138423,42672.26345008453,28552.257459994933,29051.205988162223,25699.758947284485,26989.702448307842,36047.92248689821
2019-12-12,19684.213991024346,42672.26345008453,28555.754498764083,28511.57632076533,25306.268251894617,26267.504716573323,30769.38889836735
2019-12-13,13796.93604500955,42672.26345008453,28524.727807229225,28447.099170948914,26095.59843428331,27991.957866903365,34698.332522861514
2019-12-16,8774.941613173554,42672.26345008453,28552.260719973056,28006.186700170296,27203.8702063791,30033.113719252317,40528.81858471335
2019-12-17,7147.311563072264,42672.26345008453,28550.68148191656,28637.834305426237,26392.47239466756,28201.842285145864,33571.69220949403
2019-12-18,-3038.513307103456,42672.26345008453,28563.464183233453,29809.152822456857,26575.52742271601,28490.86478046519,31286.837771729923
2019-12-19,6112.753049562334,42672.26345008453,28553.299640061643,28930.023942784563,25838.505056449845,26967.774366615147,34160.515753201245
2019-12-20,9599.264395673557,42672.26345008453,28546.24205849214,28561.23124114017,25089.700851796755,25570.67028925002,29447.12998652125
2019-12-23,7652.315248865293,42672.26345008453,28533.651667382346,29023.358307278027,24589.94203242374,24824.277587853157,31469.918728211705
2019-12-24,10585.304787247967,42672.26345008453,28534.132432525097,28247.7942690189,23867.00093602016,23680.39997976891,29715.45436382463
2019-12-26,13660.15600817086,42672.26345008453,28544.6298051621,28319.61870265997,23856.47320159292,24128.045973347747,29227.785457145004
2019-12-27,-1345.0782019191295,42672.26345008453,28570.340607219165,29030.351281469248,25091.10395181462,26929.00599987027,32546.734174243196
2019-12-30,-1535.0981006436405,42672.26345008453,28579.246110415083,29476.49220361007,25015.336672889993,26795.66443437048,36587.33424947257
2020-01-02,-13199.758657110557,42672.26345008453,28577.55960646441,29001.691936812073,24278.962219368546,25386.59818615844,35124.09538180285
2020-01-03,255.48668263916662,42672.26345008453,28575.997095265473,29002.53480527307,23684.671909730972,24402.649417478526,30737.05643616754
2020-01-06,6420.924402898273,42672.26345008453,28544.999876854807,28777.770416228774,23040.388822484336,23431.982992116515,26139.115254897195
2020-01-07,20106.13422562261,42672.26345008453,28568.92058753628,28225.534711401957,24233.480100962315,26204.110643370987,32700.47674055515
2020-01-08,16725.781223211925,42672.26345008453,28577.153009719204,27987.776630958215,24150.34583128334,26079.197404415772,32346.695287814702
2020-01-09,27891.016630276477,42672.26345008453,28631.333131554038,28456.30047967533,27151.55940233568,31709.678071170943,39402.19667093026
2020-01-10,18547.197749920466,42672.26345008453,28740.823462857028,28282.59307685695,32918.21091332638,41715.41304442553,50936.43574256403
2020-01-13,15590.250839914705,42672.26345008453,28748.614624381713,28492.84018897718,32469.109658981877,39272.609777858816,51460.00223063263
2020-01-14,4033.083767718916,42672.26345008453,28752.72594717114,29269.52965092828,32491.2690045905,38104.73808216332,48532.31663028471
2020-01-15,10500.931817200446,42672.26345008453,28744.992387832728,29003.671099784337,31527.43497009293,35223.14751102562,44484.551157957925
2020-01-16,7719.487157904484,42672.26345008453,28743.99642663124,28697.92311238791,30570.755705440064,32690.822725832935,39003.98975345512
2020-01-17,-16023.632726813688,42672.26345008453,28756.436425658965,28399.889482388015,30663.575923186196,32558.82361285939,37807.39482468471
2020-01-21,-13741.872971694327,42672.26345008453,28750.44094565006,29160.088786524117,29810.9601841691,30520.662095516203,35114.01460212971
2020-01-22,-16971.802268692092,42672.26345008453,28756.684715604133,27785.410075358774,29665.326312260564,30174.385570081457,40830.16333247944
2020-01-23,-36409.22937864962,42672.26345008453,28780.783823354348,28270.457732648058,30296.506029342636,31486.877497591468,39495.28913122748
2020-01-28,-30731.37507118995,42672.26345008453,28781.555175991994,28211.10661308558,29532.90326933086,29724.730395599712,36890.02209358689
2020-01-29,-830.2407632525232,42672.26345008453,28929.00243034474,29449.95711949254,36350.83368362198,43161.09626933776,55982.39923199127
2020-01-30,-2204.9566976434508,42672.26345008453,28934.13682838283,28493.052464600376,35612.04289459788,40463.63108977977,48389.46394531902
2020-01-31,18630.472596666288,42672.26345008453,28964.631271081555,29275.43075183255,36176.36008448028,40616.17966334075,46294.08979391567
2020-02-03,28613.65221523703,42672.26345008453,28952.730051760496,28552.272701460544,38244.5854486688,43891.53636591343,60706.20637137379
2020-02-04,27692.82777504865,42672.26345008453,28922.491074401518,29391.08753672617,37313.34598627484,40860.400853041916,50694.304818887314
2020-02-05,19993.52148403755,42672.26345008453,28987.536001125314,28805.762823812733,39438.556311359695,44381.66913422216,52194.15342590332
2020-02-06,21589.0498224024,42672.26345008453,28988.703843348267,28679.645960474158,38384.3426896287,41075.04247930885,54701.62135004198
2020-02-07,8806.69661708882,42672.26345008453,29043.75818494485,29029.04155191104,40410.62993079052,44588.39467221713,52242.458107657774
2020-02-10,13527.398926925296,42672.26345008453,29037.397212034037,28819.049614591713,39260.87669646374,41143.68733152628,49457.38067546389
2020-02-11,4759.430743840915,42672.26345008453,29017.33865704708,28723.501208541147,38182.67910443991,38183.70003233419,46297.0060069149
2020-02-12,2108.1272172812387,42672.26345008453,29022.172267089085,29371.951945218043,37485.860696534226,36349.79480717946,41776.0677644314
2020-02-13,-5178.946238031485,42672.26345008453,29006.74069153295,29462.192265210633,36741.67629145655,34577.10036760823,40110.02611863868
2020-02-14,-15203.621710956015,42672.26345008453,29004.587280837037,28977.971974517117,35626.42689588173,32074.35972181655,45024.816644877304
2020-02-18,-45381.90687579387,42672.26345008453,29004.207062151363,29017.28485903307,34716.9179846925,30284.382195912833,36708.69888240915
2020-02-19,-36210.14455374296,42672.26345008453,29023.06676725495,28688.795754023256,34637.70991095,30805.274144547966,34197.262866523255
2020-02-20,-43356.153790378645,42672.26345008453,29024.40915872273,29710.80636706277,33676.65695974865,28949.716470260373,37065.63243036147
2020-02-21,-59396.68907468688,42672.26345008453,29019.338033205953,27986.26815626941,32882.025961956184,27693.792118921378,33187.47921898818
2020-02-24,-67616.73013280187,42672.26345008453,29042.428421230044,29781.669122404128,34547.428669429355,32718.995939986402,44272.55914683347
2020-02-25,-20316.550521259804,44394.6557208865,29357.088436930135,28981.784241928206,48418.560554390904,60924.911897552716,75034.58776580764
2020-02-26,-26198.097803633922,44394.6557208865,29343.588298252274,29184.63640772601,47074.732363379175,55851.326484655634,76238.52910183143
2020-02-27,180.27312794207177,44394.6557208865,29326.008132424646,29743.150574338568,46113.80253325885,52152.349437790675,62428.72059300059
2020-02-28,19263.170476588046,45389.214092161346,29495.1590043749,29667.69543372975,50901.275924327885,60467.75308897458,75543.45732588586
2020-03-02,27806.62395139694,46132.403580391205,29651.678034802237,29665.363217432037,54783.06978415551,66258.248397246,74833.37702229011
2020-03-03,-31454.673479533594,46132.403580391205,29792.303796032433,28929.081210857134,58834.62105363649,72031.45500746346,96834.2793294377
2020-03-04,-17691.30195630919,46132.403580391205,29791.78089470044,30391.33519686425,57181.10896474374,65862.2416890144,86158.64693976262
2020-03-05,-71013.09282283469,46132.403580391205,29991.057869686883,29480.24107569346,61674.124271605244,73198.07903438828,93817.6311754367
2020-03-06,-119597.8178081449,46132.403580391205,29978.540393644453,29979.881642988803,59795.28432273748,66580.72234842916,83476.99559876396
2020-03-09,-115793.98843963274,46132.403580391205,29955.566042190658,30081.07186765548,59391.227027477755,63949.60217131613,81110.46110481505
2020-03-10,-119379.08704327935,46132.403580391205,30637.294314910047,30728.722296099437,76394.66072631297,98412.18805606825,118677.79394443372
2020-03-11,-123057.06322868564,46132.403580391205,30638.402583413892,30637.995974510573,75297.51227881995,92234.51724776832,121907.76082221922
2020-03-12,-134992.5195941182,48099.49101480521,31091.411891660442,30298.916210715302,83689.8099349382,106205.46084533514,150008.60194613374
2020-03-13,-137443.1922912488,49040.79564217384,32106.20448038496,31859.44027471522,102069.6149221367,139434.86400265835,149673.3193358437
2020-03-16,-95967.54974016469,50543.970437842014,32118.880495029392,31715.10419283907,99287.17436521164,126591.49278463896,159616.03070950825
2020-03-17,-84365.22552280048,51480.51523247289,32888.69384202995,33562.31291745107,110754.12506873475,145225.7183926013,189523.07299918515
2020-03-18,-30149.001731955083,52087.517825759525,32907.18374868395,33695.70706026682,107745.7189832028,132066.3771737013,178955.5722781143
2020-03-19,44037.80665373723,56065.855553499016,33693.38235332723,33467.11468345417,118587.35226260101,150512.20279450793,191185.49740545865
2020-03-20,113441.94684094348,59478.88948526796,34710.335586374014,34000.292941208034,132098.9017624122,173108.58486623538,207129.46078128312
2020-03-23,79182.01518592238,67621.73922595296,35155.50385131924,35261.05730235424,135682.8063754917,172862.60609160585,221375.6626140313
2020-03-24,128349.48198342072,68134.65124651486,35530.364306124546,35133.64101072124,137493.03269880384,169393.75008839494,221097.51328830956
2020-03-25,81128.0839152707,68134.65124651486,36879.85056555786,36087.72770591815,154422.67802424906,200648.32758635096,235170.30046202088
2020-03-26,22977.79912056361,68134.65124651486,37205.58270352495,37211.80092606733,154564.40648790004,191843.7614774154,248939.95935011146
2020-03-27,23166.977417066195,68134.65124651486,37327.345387761234,37239.682916274025,151669.95198899118,177267.21253367857,220896.93755115478
2020-03-30,21053.180373333427,68134.65124651486,37283.55507727814,37021.0770241837,147053.91296142674,159882.28298367743,192363.0351522215
2020-03-31,38918.459473311515,68134.65124651486,37397.63852586628,36504.4621723599,144363.578119787,148883.59380338856,188139.78957146587
2020-04-01,31858.408645747764,68134.65124651486,37452.634836990925,36251.69291504823,141090.6423678838,137155.55338550746,185755.73851884095
2020-04-02,65860.3971254329,68134.65124651486,37735.891259553915,37583.70811063821,141372.81767173618,137109.81180585356,174501.16001674742
2020-04-03,58945.83283050527,68134.65124651486,37854.46644326162,37811.289183384746,139087.95360855001,129414.7205655931,172044.98927246378
2020-04-06,47725.53139771768,68134.65124651486,37854.98045903837,38388.20530921993,134859.69142963042,116083.93781782831,161157.00989101984
2020-04-07,29814.17953063001,68134.65124651486,38277.05485843843,38361.25065638889,138416.91127638903,129502.22497780636,148201.22617370443
2020-04-08,26614.554493469106,68134.65124651486,38291.72965235849,39259.505088058795,134487.44156007058,117468.85203766313,161567.79596785267
2020-04-09,38712.5618448546,68134.65124651486,38252.84219139488,38493.712827005416,130613.49660838007,105726.53792489757,127720.46304861124
2020-04-13,22297.771897705847,68134.65124651486,38298.844688452,37545.584570211664,127498.63007435446,98054.46001027136,122177.63359161383
2020-04-14,21557.046295143566,68134.65124651486,38307.912248505534,37931.84826003941,124626.22082233576,90602.54626530746,142637.03150364265
2020-04-16,13458.575063566374,68134.65124651486,38415.361610173815,38439.85415108729,122925.24836727869,90233.29778239244,124446.54750385476
2020-04-17,15603.89299192201,68134.65124651486,38419.83906347318,38565.3508654229,119273.42646312751,81283.76896035677,112057.93032306235
2020-04-20,-6588.007257304314,68134.65124651486,38533.19363922267,37969.315350777884,117913.90731837998,82719.47508402266,113533.78985806652
2020-04-21,10373.39074323879,68134.65124651486,38532.9851033713,38638.61525651587,114484.21108016805,74521.41510382906,99651.13429435063
2020-04-22,24046.146338732222,68134.65124651486,38569.446373214014,38122.05183572532,112259.47853467512,72360.13398004678,97315.7198970858
2020-04-23,22675.07228166112,68134.65124651486,38600.068710272506,38719.95578866624,109530.43467591367,67455.61589068171,93402.12305184553
2020-04-24,195.9946561239344,68134.65124651486,38600.05949371146,37827.01347776389,106454.15072888747,61043.2225827077,77124.41965267702
2020-04-27,14395.792372489099,68134.65124651486,38603.809423377745,38496.399412156665,103343.60262676192,54324.961635360014,70226.10141150898
2020-04-28,10263.54897648884,68134.65124651486,38645.25102740028,38453.83702572018,101389.55689623124,54932.87001935109,71746.63266786968
2020-04-29,20582.733138109397,68134.65124651486,38636.07590607424,37762.24511078046,98302.84290337245,48417.735992597394,63758.23220076825
2020-05-04,11307.052786443594,68134.65124651486,38468.09638507722,37807.301309365954,95888.66506411623,47925.37766340413,55755.09425524957
2020-05-06,21572.98838218188,68134.65124651486,38472.54913252158,39082.1516702939,95354.19382213746,56995.97511835108,74960.93930041287
2020-05-07,12610.62495096087,68134.65124651486,38352.40895305224,37674.366714843745,93339.78685888828,56564.36902037925,66786.41305308507
2020-05-08,5473.115318870445,68134.65124651486,38373.152858787456,37687.738764730675,91074.95515519747,53818.65423433558,71383.28431256677
2020-05-11,-3731.9696269461006,68134.65124651486,38384.42001481436,37996.41502190841,89369.0447276227,53699.54188313157,61660.29110756146
2020-05-12,4368.397531635456,68134.65124651486,38381.34044161607,39352.641546080646,86656.01136308524,48655.35083645755,66547.88362734475
2020-05-13,16344.178205770297,68134.65124651486,38386.31378945188,38351.98696178021,84407.57916920062,46038.249265233055,64527.29908913859
2020-05-14,24952.094804285294,68134.65124651486,38373.50452414814,38671.10655322594,81848.8969037098,41697.05076848159,49874.680016979764
2020-05-15,25893.134988029433,68134.65124651486,38373.03448368062,38882.28921690684,79363.86676897286,37866.97175048096,46932.66926404786
2020-05-18,19182.556139344317,68134.65124651486,38364.66112896733,38205.51519655056,76973.42219863407,34608.36051883038,42629.911623682674
2020-05-19,29083.3276967344,68134.65124651486,38381.535978788874,37103.901311175665,75173.76569157852,35004.484066163954,49165.916376279754
2020-05-20,25985.407765824057,68134.65124651486,38391.29714965927,37089.42454559109,73232.53528063388,34027.52458626354,45512.706015367025
2020-05-21,9638.263008145366,68134.65124651486,38369.547244471476,38117.943508290395,72078.07371305456,37794.22390695865,54865.32144614022
2020-05-22,11654.799091847462,68134.65124651486,38362.007788787945,38418.87117368077,69921.95163650543,34798.36800735087,41557.21538516596
2020-05-26,29530.44534657647,68134.65124651486,38371.20660389294,37874.671043593764,68102.82163902723,33652.9253983288,40020.250759281385
2020-05-27,19489.271610089334,68134.65124651486,38470.78116993401,39087.04963044802,69487.98297058092,47141.345034750644,53467.72755574867
2020-05-28,23952.84989509791,68134.65124651486,38470.84677254232,38841.53310532653,67446.68933916032,43258.328870265716,60730.66418634852
2020-05-29,30798.90483572454,68134.65124651486,38484.00643054987,38548.40222107643,65931.69121854448,41810.13955955187,49162.03100104789
2020-06-01,38021.05374952864,68134.65124651486,38483.25668868039,37957.26859958528,64112.54071154851,39065.17318186067,48249.08068886295
2020-06-02,30029.507113472373,68134.65124651486,38533.41508689726,37790.94771229707,64255.03863419911,44533.939460942885,66009.31116619344
2020-06-03,22802.672673386947,68134.65124651486,38549.434634266465,38388.87253547993,62924.29949773886,43105.53620048131,53028.17975595553
2020-06-04,18723.593039144434,68134.65124651486,38565.56423406248,40316.333094977075,61650.22259893497,41930.94268978428,56671.591131641544
2020-06-05,1504.6900230721167,68134.65124651486,38562.02435089638,38410.45780982411,59772.88379574003,38337.614136828284,48421.037574276306
2020-06-08,-15714.00133413034,68134.65124651486,38601.163517164045,38828.79961915856,59648.9335590302,41992.69591881011,56831.48526494219
2020-06-09,-49213.08080262925,68134.65124651486,38605.10232915507,37928.936292043785,58151.924551890355,39643.41434469227,48929.16953702719
2020-06-10,-17109.577769964217,68134.65124651486,38603.91754864502,39664.89560220453,56381.46583086073,36330.22380111831,46758.7715073888
2020-06-11,-20151.70230665419,68134.65124651486,38606.394277100015,37686.8507978093,54787.73992649564,33926.60803978184,39144.53646158292
2020-06-12,-2697.241362919547,68134.65124651486,38708.83193808417,38702.08665745038,57355.91423914187,47044.43852517864,54584.910368285615
2020-06-15,4606.091307616334,68134.65124651486,38720.01968013295,38005.57346385398,56154.826485207224,44787.964017708706,57850.80442024929
2020-06-16,36222.751560349134,68134.65124651486,39006.16215914956,38664.9265945142,65597.6303091463,73095.69530879501,89823.80983699422
2020-06-17,6443.617484409436,68134.65124651486,39325.142644702755,37719.02413955595,75430.11575237074,95543.65329492101,124291.25830953055
2020-06-18,6118.5130345396765,68134.65124651486,39321.76941615467,39775.985825025,73132.46789075572,85973.58419547233,107509.94412640214
2020-06-19,-365.8703962716907,68134.65124651486,39320.95360940119,39327.200986726806,70907.13589218489,77525.13704978993,113241.08165100291
2020-06-22,-4295.061683927154,68134.65124651486,39321.1462439228,39836.26193347095,68763.22204760577,70043.86373021698,89948.00729560043
2020-06-23,-13522.417108641195,68134.65124651486,39321.93214234624,39702.02678991594,66770.73026581436,63594.938758562945,75970.01495544636
2020-06-24,-9319.553861232416,68134.65124651486,39316.880133350925,38703.05590858099,64789.30649307617,57678.55317252959,71233.89826988446
2020-06-25,-11718.411487823,68134.65124651486,39315.09509523159,38556.253802487125,62818.50805726948,52088.54538587893,68133.34399514999
2020-06-26,4203.357204214537,68134.65124651486,39328.233663333944,37756.9707497067,61384.33364940892,48748.20966099582,63111.75304187269
2020-06-29,22383.5119439474,68134.65124651486,39331.201168533415,39330.942968607684,59617.962804597184,44321.8601872543,56259.38791654985
2020-06-30,23819.24701655519,68134.65124651486,39343.45273471425,40182.3997917837,58361.350721707786,42328.944633076564,52353.021816007276
2020-07-01,20743.153945677113,68134.65124651486,39353.50660745837,39377.06189293129,57141.62228053449,40659.5309340627,50687.10214228645
2020-07-02,26301.407474157775,68134.65124651486,39343.14172859415,40053.71550991807,55521.944406323186,37561.57916069567,48050.3889045886
2020-07-06,16427.866201578232,68134.65124651486,39375.45465045725,39359.09011907779,55292.25135557443,40510.10663173104,51218.99460129776
2020-07-07,5745.781380525677,68134.65124651486,39455.18001007421,39377.15036845698,57096.123318443795,49689.24544620273,66882.73832679127
2020-07-08,12768.417940883868,68134.65124651486,39461.491403027394,39180.64317703832,55706.558953375104,46248.60842432163,58449.969676374334
2020-07-09,14782.514460061248,68134.65124651486,39462.22591370272,39469.81030671809,54160.99360445376,42530.38482355331,51805.29625636226
2020-07-10,7367.776622063702,68134.65124651486,39464.16548360903,39217.59656258993,52622.11741223018,39111.75392341945,46891.149483793655
2020-07-13,12581.735020035727,68134.65124651486,39463.97338613265,39095.407918632336,51019.059109131354,35673.08171674784,49111.476219823046
2020-07-14,9355.829951162446,68134.65124651486,39470.838569374784,39854.1083939378,49832.22672230069,34217.81400287481,45971.79351076879
2020-07-15,14110.669428679706,68134.65124651486,39472.10399784442,38596.47997887687,48390.36632705231,31720.239020692163,38979.300396040424
2020-07-16,11805.804894602397,68134.65124651486,39480.63414619969,39865.939711909734,47380.14998609029,31301.779062416103,38751.786977242824
2020-07-17,14379.932473666315,68134.65124651486,39485.0405232849,38706.1862892048,46330.89033870618,30629.871117092167,35322.6521396409
2020-07-20,3511.751289947558,68134.65124651486,39491.81176775681,39660.38527426422,45415.27292306242,30486.047024141782,37489.70318439217
2020-07-21,7436.442988046155,68134.65124651486,39485.67115138877,39783.555372641546,44074.00509118709,28390.35663516991,37351.446688881486
2020-07-22,5949.502590959006,68134.65124651486,39497.52573682326,39309.0293476653,43622.75128298796,30279.90952793003,39552.75772590488
2020-07-23,7389.158762049621,68134.65124651486,39494.20970118143,38902.34921153677,42453.401697048226,28720.48438419845,37309.16293466196
2020-07-24,11105.231935718653,68134.65124651486,39495.98386486699,39777.66184676235,41251.89436897982,27089.492996193057,35279.49020047626
2020-07-27,17080.22385141268,68134.65124651486,39487.22754578361,40246.69573583858,40630.2853300213,28066.71800973301,38620.65822041331
2020-07-28,17227.507979459588,68134.65124651486,39496.08275688827,39481.445536795974,39997.5359999974,28644.553418118965,36921.41815708072
2020-07-29,19116.597764994396,68134.65124651486,39505.00924689579,38779.17638133056,39384.46228156682,29057.83430875656,35780.44058528701
2020-07-30,22576.556133663307,68134.65124651486,39507.7309716004,39135.75877240692,38580.41055985726,28551.804142622215,38952.32426965705
2020-07-31,28219.487360261184,68134.65124651486,39508.28311338318,39835.02463544075,37457.70455292238,26770.77810799837,31071.76840455869
2020-08-03,29478.883259890135,68134.65124651486,39500.08877410019,39466.87311820822,36319.47439745009,25061.20931575417,29562.99578959774
2020-08-04,29465.599384559566,68134.65124651486,39487.72257785339,39352.18471651811,35925.29010144444,26510.782204303407,34450.3809188215
2020-08-05,21944.081054537568,68134.65124651486,39499.595288799705,39237.8305905608,36047.476838973926,29383.927185327153,37023.79650472708
2020-08-06,14016.0653404815,68134.65124651486,39514.70319563061,39700.08251140775,36330.036448699306,32039.518977496915,42822.9658418718
2020-08-07,9017.146383940471,68134.65124651486,39528.94539246046,38983.63088168837,36398.5576542616,33376.136186225114,46078.21682721035
2020-08-10,-1462.1399578504538,68134.65124651486,39529.38346655113,39778.1441058998,35349.91800307695,30847.288597225488,37494.631893096375
2020-08-11,-21815.67725782646,68134.65124651486,39530.89275124539,37876.7604886417,35000.964570967466,30949.525785439462,39086.281592101725
2020-08-12,-15987.977572581334,68134.65124651486,39530.89667815173,39083.22819096532,33936.00055225724,28606.01714036993,32954.87919123179
2020-08-13,-32225.43672154761,68134.65124651486,39527.517417152434,40383.0048939199,32902.672931454545,26626.435521469743,34458.77608629281
2020-08-14,-28533.256578504395,68134.65124651486,39523.14161680808,40357.84401683617,32023.42226674535,25377.192828105635,28815.0011020476
2020-08-18,-8678.189796108429,68134.65124651486,39551.587776136636,39193.733709789136,33036.97474613205,30346.75074990886,35893.05195624719
2020-08-19,16558.885674550624,68134.65124651486,39627.57572359844,39530.37912861807,37156.96780384582,42221.5769903003,56220.77397283597
2020-08-20,15173.67515059056,68134.65124651486,39636.56395765617,39761.76926062254,36723.39983434284,40158.97736560984,44402.143560759156
2020-08-21,26972.498238606553,68134.65124651486,39720.69192763616,40009.859639796996,41270.93212588455,50868.386557358644,60255.21207351803
2020-08-24,25624.060583474577,68134.65124651486,39729.46868242946,40210.22887631407,40712.258428493136,47660.7657343786,59626.961034445776
2020-08-25,13449.924072528673,68134.65124651486,39768.92450998432,39493.88208821489,41884.200099569694,49214.44109510386,57899.52235620213
2020-08-26,9693.081980828874,68134.65124651486,39803.25779647616,40522.64414415763,42738.19584613534,49928.0316793078,62664.425713967394
2020-08-27,15103.592031105978,68134.65124651486,39770.203104012086,39007.940224633894,41781.81507192203,46096.954597993135,59648.16325740371
2020-08-28,16507.16900267529,68134.65124651486,39775.83244055183,40104.373629153764,40927.34478285114,43068.5647792826,53655.910088651384
2020-08-31,3298.251024525644,68134.65124651486,39782.05652877169,39807.16846385564,40100.95352144496,40415.178455811234,54942.94858735928
2020-09-01,5015.149452597415,68134.65124651486,39767.914554866315,38505.806100011774,38908.371743658354,36903.518096026346,52059.58285048022
2020-09-02,-2076.4714853115615,68134.65124651486,39780.22197465384,39993.01689071999,38676.970992624956,36513.613066077756,46239.60649655511
2020-09-03,-9429.272254662488,68134.65124651486,39791.76089731443,40437.28493335011,39451.03566925485,39183.558134627,46012.55675051866
2020-09-04,-4539.476671955918,68134.65124651486,39795.82134142197,39183.84152275706,38462.86749380383,36171.40580143114,51864.11245509353
2020-09-08,11906.774176684916,68134.65124651486,39822.69759905338,38564.037318581,38890.77401535016,37987.85897256921,44229.36027231022
2020-09-09,15631.142364100673,68134.65124651486,39821.29722254998,40394.912549907305,37712.21320947152,34144.84259434746,41837.84499124569
2020-09-10,13051.465196529463,68134.65124651486,39589.977162668605,40172.33763222934,36566.755067538,31773.776320719724,37780.75011215274
2020-09-11,2567.521612564693,68134.65124651486,39589.75117770891,39745.70335875904,35570.21645807969,29455.644688238775,34923.59724965629
2020-09-14,-492.874082580999,68134.65124651486,39559.206159108544,40182.20785923938,34555.56166539057,27578.858442022767,34654.72150690035
2020-09-15,-19363.36115511266,68134.65124651486,39547.65045566879,40073.38450312059,34939.646191261825,30969.21584247915,39722.51632898716
2020-09-16,-34121.890364782805,68134.65124651486,39534.538523892894,39448.29443562749,34307.659798190856,30101.350438813446,41262.09143653137
2020-09-17,-36866.13715895699,68134.65124651486,39524.2030806225,39959.91139866737,33477.30640421567,28636.598874996624,37779.37097354892
2020-09-18,-45411.926234023624,68134.65124651486,39546.24611166825,38935.32115894293,34104.540397729004,31879.422870312857,42536.84675914517
2020-09-21,-38815.7587555743,68134.65124651486,39534.12023213807,38636.50770111194,33110.15782685754,29633.25357990156,38171.443723201395
2020-09-22,-12177.264980017659,68134.65124651486,39567.330362225766,40188.69069373838,35072.92021422283,36086.33097706718,45140.843066307025
2020-09-23,3068.7503411287403,68134.65124651486,39606.12268509453,39151.20654297368,36540.43440591004,39929.62782898549,48147.46516467965
2020-09-24,18051.654500063476,68134.65124651486,39612.23679137119,39707.82720719647,36168.108388311695,38576.32327913198,45436.505035587645
2020-09-25,33928.62335242977,68134.65124651486,39710.28307510869,39681.125591808704,41059.42047755515,50258.61025848787,61485.405681641074
2020-09-28,36526.18370819172,68134.65124651486,39714.95381154256,39781.71871298556,40366.35168078102,47183.72992371396,56726.41927119273
2020-09-29,24512.891905690707,68134.65124651486,39794.8522286496,39806.52389022807,43866.71218674458,54434.574068418435,76180.00757614423
2020-10-05,27933.67981540497,68134.65124651486,39801.07641908983,39122.297663385696,42958.65302135502,50499.05724231046,57684.61921957812
2020-10-06,17128.5226739598,68134.65124651486,39828.47792871699,39365.84384429834,43291.48400897892,50017.64943665062,65853.80866826595
2020-10-07,11054.71368728287,68134.65124651486,39828.907005176065,39028.4820896584,41987.83941254494,45478.70488982069,59386.53134929245
2020-10-08,-4467.617354000992,68134.65124651486,39848.17731624794,39814.5764752569,41918.25621629697,44647.25818872362,55080.503182687455
2020-10-12,-13365.851127794911,68134.65124651486,39851.84983675896,39919.00221862067,40890.42242889571,41300.20655894764,50649.236438738146
2020-10-13,-29007.95590232682,68134.65124651486,39873.11745085329,40148.635690443414,40988.633396961726,41503.19201115847,62032.94393059931
2020-10-14,-24859.831540311134,68134.65124651486,39873.0127571013,39830.40527962657,39788.24275948186,37932.756858921035,46663.66092017678
2020-10-15,-15645.987068925844,68134.65124651486,39889.326732740905,40442.31540015008,39582.41632296529,37745.30962486353,45815.64538656187
2020-10-16,-14680.376219945458,68134.65124651486,39910.06271885827,39991.2457884262,39603.51134022904,38236.70048844929,44556.933460752785
2020-10-19,-8951.686892848493,68134.65124651486,39920.50452158806,39506.17454131447,38999.90502046578,36763.830702946056,43241.43803867604
2020-10-20,-16748.967754772817,68134.65124651486,39939.97502276307,40122.38746186652,38992.15735696211,37284.395937249115,46819.90911846954
2020-10-21,-19127.931597493658,68134.65124651486,39941.75540707123,38269.69926092862,37950.31366817213,34510.906755463,40382.69029372146
2020-10-22,-21775.069457001555,68134.65124651486,39935.52207486847,39722.26031801479,36906.09290033933,32032.506142099835,42333.63453167171
2020-10-23,-12755.192758334255,68134.65124651486,39948.275295081745,40413.30590533779,36789.35659664058,32892.23341911247,39269.61277373459
2020-10-26,-30086.454779263364,68134.65124651486,39946.5283506098,39701.65862917704,35671.6824420803,30233.815955926697,36406.638931931644
2020-10-27,-4485.6952838964735,68134.65124651486,40027.69957793384,39535.2932716972,39682.21426037647,43152.965457743936,55413.84689171963
2020-10-28,8560.997825994822,68134.65124651486,40027.23275754487,40826.51546324779,38474.46197006869,39313.22490430575,51716.488774055804
2020-10-29,20579.203774879046,68134.65124651486,40022.28573997232,40723.33019157207,37305.74197370213,35977.39382803458,43717.43712505753
2020-10-30,34298.317345625095,68134.65124651486,40022.08593900491,39810.900975821285,36288.712725961814,33390.13287663775,41894.04822377506
2020-11-02,48236.59976907937,68134.65124651486,40121.18953848657,38971.14572995117,41292.34182800252,47453.32573040519,60090.347364658366
2020-11-03,46390.68784029394,68134.65124651486,40155.220462357465,40515.98031653078,42143.07444806035,48492.05275738854,62934.69782069125
2020-11-04,29546.16701282431,68134.65124651486,40205.57007993991,40273.11098984408,44223.470400677594,52510.90561578477,72268.89662946577
2020-11-05,23305.279193703605,68134.65124651486,40248.32680226291,39762.91705491589,45362.72442097195,53759.45013072311,71968.1940975187
2020-11-06,5209.746331502507,68134.65124651486,40328.34222162195,40852.377546825315,48491.24824346765,59781.735172204055,65694.45943314098
2020-11-09,12837.746222966767,68134.65124651486,40331.049657928495,39541.74738039181,47171.77098988521,54343.18479611972,62370.43117136706
2020-11-10,14368.409375893605,68134.65124651486,40347.14949953722,40335.0502755,46995.30413466815,52485.18617000989,63025.743676863814
2020-11-11,14668.21709153587,68134.65124651486,40351.78720429758,40434.43486949474,45789.717970583275,48165.37173221088,53112.57075184291
2020-11-12,10559.016229734514,68134.65124651486,40358.893104229115,39441.81614795391,44921.69652595954,45243.52614610712,62660.941572373136
2020-11-13,16451.649454985578,68134.65124651486,40358.615999174996,39482.481094847324,43632.801299664214,41387.14041751668,52328.23424600819
2020-11-16,14136.365671838204,68134.65124651486,40360.64061773656,39402.03350511682,42708.17497636171,38992.16339889221,45421.28270855491
2020-11-17,10679.547566560717,68134.65124651486,40384.61081090234,39482.96963293843,43329.19918785333,41670.75958564671,52139.245174208954
2020-11-18,18671.300070411282,68134.65124651486,40387.93400870673,40418.70701102956,42214.941305215245,38665.79467190878,49576.57162835065
2020-11-19,13520.61570840466,68134.65124651486,40384.7022395953,40385.6176096326,40961.12200379863,35448.54136696041,44546.769629666494
2020-11-20,19927.935277529938,68134.65124651486,40386.452491720745,40755.65619052803,40011.250066288696,33514.37101631445,39809.11042335385
2020-11-23,12448.211550208329,68134.65124651486,40385.00441303381,41337.85755131083,38901.691743311756,31148.486632895645,42723.36890228268
2020-11-24,12920.802115386494,68134.65124651486,40386.42753861609,40441.36906850488,38631.43310906397,32111.305355940098,40952.74426985123
2020-11-25,14394.709785523779,68134.65124651486,40389.48767934896,41298.23872410255,37935.345805320954,31282.20864994955,38770.778999001755
2020-11-27,22962.96193165976,68134.65124651486,40390.58733201515,40374.782912028524,37109.777021330636,30039.588167650996,36295.0041758885
2020-11-30,18880.79057605496,68134.65124651486,40377.35223787939,39868.70780523256,38268.785096118605,35567.763175399275,40585.12805724456
2020-12-01,29203.89905303463,68134.65124651486,40372.07773463914,39966.9121341618,37688.19680706405,34530.78955748074,40106.004113287025
2020-12-02,13567.880112099074,68134.65124651486,40386.70149333767,40157.25140616722,37622.47313903197,35149.390441266376,41806.36686760393
2020-12-03,11930.84880966438,68134.65124651486,40385.966239151654,39603.40757118526,37321.70967029368,34940.67021460714,46837.1690272323
2020-12-04,8811.177114596392,68134.65124651486,40386.176060847065,40412.585836872226,36675.37392457155,33675.619597998346,45576.32644130771
2020-12-07,6804.82735581563,68134.65124651486,40387.58408569246,40494.119159931084,36411.413419122524,33713.037842228914,42401.262363841655
2020-12-08,21.692376893898924,68134.65124651486,40382.15973102184,41141.077997874934,35902.44301241073,32976.38718669987,44094.37446640338
2020-12-09,11563.278778055486,68134.65124651486,40408.81690688694,39611.4205850445,36494.51120027747,35542.21863810371,40531.49754385218
2020-12-10,10829.148705927519,68134.65124651486,40411.29257324048,40566.011890851805,35857.00713582153,34102.36565636801,44192.561489823755
2020-12-11,11552.789650721963,68134.65124651486,40406.26130714946,40054.701844187504,34822.36282012394,31614.00725968865,40206.25107795107
2020-12-14,7324.3503944164495,68134.65124651486,40410.9901766139,39141.416354040484,34171.93695389059,30561.895965017266,36670.66380331279
2020-12-15,10415.814281930368,68134.65124651486,40412.201171710636,40881.24397884903,33197.74517252422,28555.76142748355,30128.85583882101
2020-12-16,-3303.104557615746,68134.65124651486,40405.59428647191,40001.2104399646,32403.258165126506,27335.654845184035,31839.933546831147
2020-12-17,-6588.255610941285,68134.65124651486,40409.34639536716,39705.69951174386,31792.450919830244,26830.193455832312,37158.412482293665
2020-12-18,-1933.9753518507562,68134.65124651486,40410.62935792726,40605.52348056696,30962.48355524586,25584.744213861668,33422.51439494367
2020-12-21,44.76399508894068,68134.65124651486,40410.64359893672,39940.41519285481,30019.434712162507,24031.874436945185,28656.13736209796
2020-12-22,7133.757152518374,68134.65124651486,40401.71010793834,40704.52378260887,29162.636693571127,22934.114841141596,27695.13178622075
2020-12-23,25926.817505641637,68134.65124651486,40443.07420043258,40118.83974042266,31435.10850319943,31696.28265213489,40791.84202689424
2020-12-24,31966.236887472536,68134.65124651486,40421.13969010167,40675.90619234218,30485.307175061098,29402.985576087045,35922.71476769178
2020-12-28,32154.450111465478,68134.65124651486,40435.794380814135,42354.78459166979,30854.95373021845,31082.230049030633,34832.72353429442
2020-12-29,27230.35275636476,68134.65124651486,40426.72490140831,40358.01956964712,30012.197594270845,29109.082554968067,31691.71852191567
2020-12-30,28687.88111740897,68134.65124651486,40449.03627891602,39757.25743808933,31060.753727030562,32560.323649775553,39578.26443782009
2021-01-04,30801.64899691254,68134.65124651486,40467.44968086947,41208.30818002819,31797.579698067806,34531.07055938505,38924.29476887919
2021-01-05,18952.256985361513,68134.65124651486,40476.4746836999,40318.63794382435,31949.289770089857,34724.486842329825,42527.41036237472
2021-01-06,9336.091942753068,68134.65124651486,40491.631402962594,39676.369794685445,32283.9361097355,35335.93674360196,39183.62652373709
2021-01-07,16966.9144294363,68134.65124651486,40492.28300050599,40779.87119670242,31537.626927544323,33160.754511756444,42289.18287396784
2021-01-08,5896.379728409419,68134.65124651486,40520.96097206043,39752.026694825305,33118.54797714607,37098.383256258894,49382.80838789013
2021-01-11,-14565.704056085926,68134.65124651486,40552.436416232784,40264.17787115775,34604.49353299277,40181.90992102413,47921.401475144165
2021-01-12,-8317.963644566265,68134.65124651486,40552.37731921945,41344.12794275382,34215.058883014266,38454.88629821751,44495.903077034964
2021-01-13,4631.87777581343,68134.65124651486,40542.81240752096,40091.829724124895,33322.582384299145,35719.071824243314,46607.82300060378
2021-01-14,4394.284435196871,68134.65124651486,40542.409657495635,40801.40831676249,32835.038765149664,34303.275472694106,38359.89358152285
2021-01-15,3139.3763215149634,68134.65124651486,40534.88849570401,40124.394682620084,31864.745733288462,31773.316749739257,42069.39382412682
2021-01-19,25652.672398383296,68134.65124651486,40553.36343944479,40932.00549260723,33584.59793062348,36462.98481755098,39631.92750652873
2021-01-20,17477.71739923146,68134.65124651486,40552.71407528533,40059.99750597092,32585.424822118457,33670.17994706335,42538.78671547774
2021-01-21,-2661.8113532726943,68134.65124651486,40529.11258732604,41126.128570721434,34295.2218121617,37997.0208201167,45379.96401702169
2021-01-22,-15909.704522246726,68134.65124651486,40534.20201241662,40042.02726190014,33712.06718101432,36133.08423602732,43504.65797559426
2021-01-25,-35165.44979728474,68134.65124651486,40536.753281320875,40642.87572449992,32820.742448156154,33651.94261366895,38360.405927903455
2021-01-26,-28915.841016124843,68134.65124651486,40545.457087248695,41151.317746778885,35401.72110855529,40009.76999265801,49657.92731509213
2021-01-27,-13836.536690575862,68134.65124651486,40564.360497794856,38737.35959778793,35526.41254539359,39751.45526721004,48163.88030147413
2021-01-28,-112.68535789357801,68134.65124651486,40499.83898530022,40280.88065905838,36580.38071136548,41534.98075526253,40785.62008173652
2021-01-29,6419.118400019934,68134.65124651486,40465.450524921456,39888.94769050395,37228.92768134336,42398.95199667669,45528.86135608361
2021-02-01,31856.40881543505,68134.65124651486,40621.38253553018,40873.27359979527,45387.3039777093,59272.571496532735,66235.9767145693
2021-02-02,11292.13376579431,68134.65124651486,40725.81666529381,40388.966525269876,49876.141965781426,66522.69293488628,80331.02039337675
2021-02-03,2024.308410089561,68134.65124651486,40744.10893992338,41179.074138009986,49389.32144021035,62813.00287950049,81134.39417741126
2021-02-04,1482.70086349251,68134.65124651486,40739.74781580898,40292.7110365788,48162.918506913964,57921.921152011586,70204.8414805267
2021-02-05,10916.43218888293,68134.65124651486,40742.25920299084,41363.463157617436,46791.81246145751,53170.04678067992,63294.518336317364
2021-02-08,5339.939206801607,68134.65124651486,40734.684566871074,40000.42114246987,45629.689516432656,49328.654110416064,55302.0998612176
2021-02-09,-604.283361554589,68134.65124651486,40731.86893955004,40233.64102992487,44323.45428124683,45385.38065038441,51276.60687856585
2021-02-10,402.84531397201687,68134.65124651486,40729.65502802981,40067.25808122207,43009.30933242701,41662.64660394211,49339.94391025755
2021-02-16,-10531.8039713126,68134.65124651486,40724.979006529094,41107.350079724376,41938.93518267197,38827.53411219727,48191.91211211158
2021-02-17,-22568.798006871024,68134.65124651486,40737.801944691324,40936.98649262011,41650.312036718926,38637.770835363815,44682.573906017315
2021-02-18,-32767.09085094674,68134.65124651486,40737.82393947807,41405.139302181095,40441.921416764846,35634.9288025473,41468.55493857148
2021-02-19,-17529.390540208668,68134.65124651486,40761.15827319121,41188.253592429326,40539.87788391156,37025.30476195156,39140.62158575251
2021-02-22,-29223.679331066127,68134.65124651486,40759.89531767597,39973.47106566339,39307.7905453531,34069.61463727684,45196.67778690772
2021-02-23,-12717.18427127569,68134.65124651486,40776.965694981496,40097.50008198569,39265.39483632241,35149.080438479985,40739.101469757814
2021-02-24,-7141.397786692625,68134.65124651486,40781.56470663771,40741.90660500688,38589.413264233866,34069.242010635564,38824.32314821824
2021-02-25,-4288.306051737425,68134.65124651486,40823.932669513895,40783.93631890296,40385.431576774594,40208.083041430196,44064.189538533785
2021-02-26,-9120.275235318682,68134.65124651486,40824.6553897727,40139.60983690684,40202.52489451729,39900.22117084108,53079.0237083356
2021-03-02,-6998.866152208726,68134.65124651486,40873.733818620116,41711.906664721886,41902.40193678283,44433.090531565125,54109.26076515174
2021-03-03,-15398.48804560975,68134.65124651486,40883.9524163327,41123.95982373229,42243.665559393696,44953.10616519246,51840.69886663977
2021-03-04,-17269.03956599093,68134.65124651486,40880.70318699927,40087.59554975181,40964.36656872328,41368.55641071017,48056.6817476626
2021-03-05,3951.691900748393,68134.65124651486,40906.681643013646,39956.062494675105,41367.23359847032,42444.515351755654,49724.12554950608
2021-03-08,8186.534227428464,68134.65124651486,40896.91102947402,40981.53692411736,40216.10742759338,39546.208500567926,48262.51467550401
2021-03-09,19729.4952061141,68134.65124651486,40927.33327951063,40748.77291391201,40999.97662003456,41803.32198104362,52117.06834205025
2021-03-10,24042.21139867465,68134.65124651486,40924.02845443899,40575.54295070193,39760.60083629459,38667.32762289321,44554.920833604454
2021-03-11,24816.79927468097,68134.65124651486,40924.68614332865,40927.91128074518,38582.26220371088,35810.14274963758,37218.287889371015
2021-03-12,10505.120703603543,68134.65124651486,40970.13482164734,41523.43030469369,40479.506212100125,41371.781633195176,48109.9924684487
2021-03-15,2072.6098008958984,68134.65124651486,40982.025702020146,40291.6432645478,40126.0444429891,40439.570167555015,48988.45451922125
2021-03-16,3567.8844567010133,68134.65124651486,40982.289718227476,40711.08177711502,38956.62759237045,37468.98064128022,40955.712382526865
2021-03-17,-7043.484032571974,68134.65124651486,40987.5302562873,41500.3983685516,38303.4320072787,36121.685482511144,39023.086061888134
2021-03-18,-6331.888148741943,68134.65124651486,40986.78776502992,40305.74356369738,37141.511183482755,33449.18824245452,39221.663044630615
2021-03-19,-1879.252160467526,68134.65124651486,40988.948453394405,40276.52581420695,36116.10861164948,31355.515237222724,38652.370558453484
2021-03-22,6432.240040753765,68134.65124651486,40990.624193683194,40371.23249698246,35097.23713479561,29417.077135707965,35127.74943213271
2021-03-23,1176.780958435515,68134.65124651486,40991.43036336877,40318.550600340044,34254.956888031375,28210.651235344067,34782.08048667242
2021-03-24,9592.690860296148,68134.65124651486,40993.76287194745,41945.67692348859,33972.30855459085,28942.365258166687,33401.596475786515
2021-03-25,8713.920988877724,68134.65124651486,40991.164761748674,41397.49837910519,32938.74118461758,27087.047977822494,35614.30253222
2021-03-26,15088.907098131695,68134.65124651486,40991.47255141311,41361.80217347685,32067.37408553488,25875.618479106324,31081.261645400322
2021-03-29,15252.109673867853,68134.65124651486,41003.456587666704,42494.76672083916,32154.13927712297,27821.80750406335,35747.37154876891
2021-03-30,18594.331231812375,68134.65124651486,41005.290262269424,40743.36107870314,31296.54175485486,26504.74895099746,31572.38056816495
2021-03-31,18010.365055693317,68134.65124651486,41004.14393956776,41083.41853089666,30552.8448953535,25649.942802029025,32326.09723321495
2021-04-01,23280.26823094305,68134.65124651486,40997.12690042358,39807.83492038231,29633.422539718656,24294.22370621706,25718.550979501008
2021-04-05,16849.170340014334,68134.65124651486,41019.192539675074,40380.40103126384,30775.34859333488,29187.485530210986,32010.322456939368
2021-04-06,13171.012696646982,68134.65124651486,41031.61010107439,39311.35048506613,31000.328674361786,30550.61661870961,36205.94377464388
2021-04-07,18922.737736400457,68134.65124651486,41024.46718033376,41201.218093942174,30093.2675814168,28627.227881495495,34528.65733459409
2021-04-08,17417.86445890092,68134.65124651486,41025.38566998294,42615.83427470801,29313.39445596498,27260.71124928857,33270.26664150755
2021-04-09,17956.017838036027,68134.65124651486,41029.5845461883,42010.48012214576,29025.353698454892,27401.723292337392,31142.75768659849
2021-04-12,18185.488388674836,68134.65124651486,41029.4291931317,40652.774535468496,28283.664826114433,26215.1258405064,30936.504327696857
2021-04-13,15599.178982782132,68134.65124651486,41029.90536833045,41018.417463809434,27673.6290163973,25510.89221092653,28219.54284608537
2021-04-14,9998.053721855444,68134.65124651486,41043.56351914752,39907.80853558456,28245.387393197856,28114.137859987946,32163.046588359415
2021-04-15,5541.550061172893,68134.65124651486,41043.34426530655,40980.218554677835,27400.104358538472,26445.833717402544,30029.170964219033
2021-04-16,-426.62486371876514,68134.65124651486,41043.60787010386,39473.527571217266,27368.362409758804,27136.911106049567,33644.764435439094
2021-04-19,58.679706187460354,68134.65124651486,41040.97472911846,40808.719122924755,26718.38975747993,26059.42824851828,29535.545940783126
2021-04-20,3541.9415270980844,68134.65124651486,41036.28483524234,41841.575016248156,25907.97072548839,24630.592021922916,28803.997244396905
2021-04-21,-1194.0061842055047,68134.65124651486,41026.08629690949,40043.96493426506,25175.525973940898,23501.918966007208,27872.523276788732
2021-04-22,-5620.592694500846,68134.65124651486,41031.7984993233,41262.13679951906,24869.594947291716,23757.46826925718,24760.090912783755
2021-04-23,-6058.465097074525,68134.65124651486,41031.55758914953,41219.04688726653,24133.691051991696,22764.55387473807,28214.700192893277
2021-04-26,-14491.374135983348,68134.65124651486,41033.22495366634,40467.45071166362,23696.56193561132,22711.933369603696,27650.20738350592
2021-04-27,-24407.48555724868,68134.65124651486,41036.957427011606,40599.56897512586,23484.334420333835,23241.4246117607,30595.58527407663
2021-04-28,-19340.54230642871,68134.65124651486,41041.72280046149,41599.16348164054,23179.607803489846,23400.085624958992,25333.87200622788
2021-04-29,-6793.828336639898,68134.65124651486,41065.559509646184,41380.54067985226,24766.013685318736,28175.497484020823,34184.177424411864
2021-04-30,1396.0178972224971,68134.65124651486,41065.72253416698,40784.399102104486,24063.579986473924,26619.475633965434,31686.734268395696
2021-05-03,11482.386303549109,68134.65124651486,41076.901287503366,40474.08878507352,24357.55040373928,27653.871693675374,29011.00491240278
2021-05-04,8299.974697665666,68134.65124651486,41087.28966115597,39637.01086262363,24860.60994347381,28976.150777258175,34492.77654494487
2021-05-06,-6693.675156631127,68134.65124651486,41087.75913762422,41614.97165634161,24195.62409485429,27400.057727390726,31067.02221376419
2021-05-07,-14354.369378289832,68134.65124651486,41092.33915487024,40513.97527876272,24113.10581616375,27385.02711687958,32530.33195382276
2021-05-10,-10669.757658272423,68134.65124651486,41097.63143647644,41918.951326982184,24998.88379766475,29518.441296840796,37019.515353758805
2021-05-11,-18726.71697985903,68134.65124651486,41103.38908066859,40756.34507697277,24934.150360939657,29288.454410521517,36325.94329440447
2021-05-12,-6822.835701232564,68134.65124651486,41133.930035197896,40610.794682172695,26911.259055865245,33636.15726754557,40300.902396012345
2021-05-13,8359.125879044304,68134.65124651486,41195.03924982066,40306.64895949443,31136.993421985953,42146.30714655233,49140.621618428166
2021-05-14,9648.28214829886,68134.65124651486,41196.241135003955,40701.525434698255,30476.579304645868,39026.52981028763,47081.05294855837
2021-05-17,-3749.38405621475,68134.65124651486,41230.65981059678,39867.9069051535,32506.285503462375,42317.9737884398,54400.396738132884
2021-05-18,5823.2543696681505,68134.65124651486,41235.24658441847,41720.92148794734,31823.414009389704,39266.063595173895,44464.91820598848
2021-05-20,4191.151819285919,68134.65124651486,41223.9181222194,40820.66279791938,31034.61402556387,36418.14668236974,41614.85904384703
2021-05-21,4036.093214124693,68134.65124651486,41224.5442735626,41738.73125882683,30180.96941452466,33740.01177565301,43069.717708305994
2021-05-24,8891.63868209643,68134.65124651486,41226.1863218486,41371.95211673368,29371.422538329753,31478.433314210135,35893.50908642206
2021-05-25,15888.864921536686,68134.65124651486,41228.44347045393,41440.9338905894,28693.69394750956,29834.3670493563,36505.17252834017
2021-05-26,9720.176372459635,68134.65124651486,41238.61854677533,42000.85437610582,28888.269844989813,30734.94850276132,38564.68328009367
2021-05-27,11282.7790867812,68134.65124651486,41232.9168921324,41859.83736876117,28036.7350638317,28765.999705649527,36844.40866256397
2021-05-28,11940.65458433372,68134.65124651486,41230.8483981319,40313.096061634526,27267.876365201806,27239.449864901635,29116.641391443773
2021-06-01,9173.243173839792,68134.65124651486,41232.80463684241,41444.07071113807,26687.77080105316,26420.212547497333,33509.96232367852
2021-06-02,5438.546758733023,68134.65124651486,41236.833732326726,41169.178524321,26430.855132650275,26620.7651776909,32780.30960123676
2021-06-03,1509.1727683696886,68134.65124651486,41234.65480856789,42203.76812689989,25625.775324113896,25228.716007994604,29505.658583131928
2021-06-04,3941.4483355949687,68134.65124651486,41235.56364477133,41105.20051369083,25057.464204761673,24708.707901623726,25152.7915265676
2021-06-07,4467.086010400826,68134.65124651486,41234.06973080274,40763.92796236495,24477.761892037048,24211.74355440372,28654.9040712594
2021-06-08,5839.980390786653,68134.65124651486,41234.10140829622,41374.32694516337,23732.386190709538,23318.976378237654,28149.766314896788
2021-06-09,5370.940042698917,68134.65124651486,41233.356691011206,42016.27393405726,23018.149707381748,22632.949969702426,25253.921436849352
2021-06-10,8103.11957806908,68134.65124651486,41239.17716902178,41868.45430276439,22888.255778466093,23720.65090991429,29534.003426093142
2021-06-11,4158.447172091715,68134.65124651486,41246.05217351792,41235.54846048681,23082.88192902028,25391.560838155856,31273.103933827635
2021-06-14,2629.4325066776255,68134.65124651486,41246.66911683777,41199.66118620102,22677.405327527475,25072.795130025894,27640.208618112018
2021-06-15,543.763370402456,68134.65124651486,41242.86763488422,41632.55055055016,22066.08564024663,24216.891614229782,26313.760997414814
2021-06-16,4163.935934118874,68134.65124651486,41242.1317350216,41269.68094541216,21393.895572895883,23346.770106250777,25776.097026699954
2021-06-17,6799.6190921193265,68134.65124651486,41243.02547989076,41822.812814606004,20803.825068612136,22805.354401484554,26137.20449740124
2021-06-18,6971.185374193226,68134.65124651486,41242.90374240911,39939.41930751103,20213.74137079919,22300.528957574752,24817.1648986922
2021-06-21,7084.595840363793,68134.65124651486,41235.134233680445,41296.970035749415,19672.785473837,21954.65664297771,26258.770686515643
2021-06-22,10413.393128543043,68134.65124651486,41233.311499442905,40438.92693541415,19089.65461173749,21554.375365362986,26306.1076211813
2021-06-23,6939.018011459674,68134.65124651486,41236.34080213069,41409.62755404439,19083.227536141654,22690.22461541991,24477.292221987867
2021-06-24,8853.206174947805,68134.65124651486,41236.37443820951,41512.04296298793,18585.175286910806,22255.88553021965,25723.317602737836
2021-06-25,9025.279636734207,68134.65124651486,41236.54365131078,41019.392641352126,18085.266778409445,21836.547589314065,26055.516877617996
2021-06-28,10934.341504002416,68134.65124651486,41218.45009703032,41539.42341366456,17632.568519518893,21400.542894776063,25036.26610323517
2021-06-29,12436.151246826279,68134.65124651486,41220.16647675432,42051.1684588471,17441.183134530413,21876.1090023864,25499.519014311907
2021-06-30,12895.225804842084,68134.65124651486,41220.18490911235,40929.85189590271,16911.320280382897,21370.335330887818,23237.558371746767
2021-07-01,2502.827436843526,68134.65124651486,41221.71771007864,40573.36779474472,16924.699742550543,22220.93524809094,26264.111064570385
2021-07-02,-1371.9733167417194,68134.65124651486,41218.601958363215,41201.49879275191,16503.871098332336,21815.520382473856,28299.287769790022
2021-07-06,-417.9434277057888,68134.65124651486,41219.11100328217,42260.87744457199,16566.55176709064,22602.379836243665,31565.38155578533
2021-07-07,-2290.1459098212886,68134.65124651486,41222.26461543215,41744.58606502336,16935.55162841079,23891.827239382328,28367.23082516519
2021-07-08,-1660.2855246751317,68134.65124651486,41220.86481871395,39632.09210945871,16439.47580660866,23000.663991785812,26270.00599861054
2021-07-09,9527.236098145373,68134.65124651486,41239.3726346037,42919.24207540349,18326.40412146721,27368.74726283325,30132.41761321253
2021-07-12,8819.057649785893,68134.65124651486,41242.04774539407,42315.63043558755,18048.87721525561,26345.69375892997,29214.62954175973
2021-07-13,-405.5199305736095,68134.65124651486,41239.439032920505,41846.72813652332,18345.10202196836,26753.49764720854,33563.37500864607
2021-07-14,-1656.8812454534702,68134.65124651486,41238.81048599628,40156.581734940875,18034.770294090813,25825.269738945637,27509.40401272011
2021-07-15,-4003.5120630792944,68134.65124651486,41238.30081442934,41855.70228988098,17559.339847477426,24688.391120841818,26796.476518280324
2021-07-16,-2396.4228662224673,68134.65124651486,41241.08630953589,41550.00561665163,17803.735795541208,25288.994814189657,28091.101665371738
2021-07-19,4510.798319042027,68134.65124651486,41244.927268607054,41763.75841330685,17735.507500371375,25092.596635061,32003.77231208464
2021-07-20,5692.512661183591,68134.65124651486,41248.433986708354,42045.14041018933,18294.797657604733,26217.943138119852,29420.010660403063
2021-07-21,4815.146320698752,68134.65124651486,41222.10611448052,41549.4865015689,17791.78781542769,24692.843348708586,28020.898964523232
2021-07-22,3788.399987574334,68134.65124651486,41218.782229148324,40217.96730882149,17304.88213314053,23677.052562143985,30778.614273007715
2021-07-23,854.5669049599761,68134.65124651486,41222.68260656623,40662.19179812955,18280.150049619377,25873.512286762692,32513.203338768304
2021-07-26,-9767.572408507425,68134.65124651486,41224.79525362528,40819.1846890603,18342.964621956347,25873.572291528573,31127.326825509997
2021-07-27,-2191.694860936913,68134.65124651486,41229.359783249216,42086.22751870113,18405.313414315806,25880.480635157972,30625.775947076087
2021-07-28,385.15857683605986,68134.65124651486,41227.81744788767,40331.37179529826,17846.676188289322,24597.44188934933,28522.93866952886
2021-07-29,7423.7374227018445,68134.65124651486,41227.145974008934,41164.465326092126,17510.563616401225,23988.851084624683,26443.55097639594
2021-07-30,7677.501322313944,68134.65124651486,41228.655354793045,40360.34695705318,17338.05623603141,23839.897184215904,28418.24800702461
2021-08-02,13158.865711519336,68134.65124651486,41243.09634538009,41726.69462720461,18977.243969547253,27460.909255105606,34296.350453712446
2021-08-03,7820.400514056474,68134.65124651486,41245.18033112481,42180.84785997447,19043.49276519557,27226.3659610844,32650.81838435795
2021-08-04,1605.2205769553486,68134.65124651486,41246.68919665719,42024.21312626157,18802.43460904972,26429.149706327622,31394.081269389022
2021-08-05,-4507.695147571199,68134.65124651486,41252.29958535385,40725.848405594705,19281.14129235685,27277.401929448934,35160.1179185826
2021-08-06,-7183.0864315726085,68134.65124651486,41252.61892539038,41883.95979827458,19084.618417611768,26587.519570334498,30731.290059864576
2021-08-09,-10002.080811168515,68134.65124651486,41251.95608152574,40148.881563161165,18592.78478741985,25403.203036246086,29634.575689329336
2021-08-10,-18687.677989276715,68134.65124651486,41253.111970161786,41408.37877236995,18125.215465441936,24456.896620053496,27588.28148202687
2021-08-11,-14367.176642966935,68134.65124651486,41257.468322067885,40473.75807967431,18106.95239540437,24631.556186030477,27165.557076272926
2021-08-12,-24636.442150696457,68134.65124651486,41257.26959462069,41177.77468480514,17620.0500541192,23723.69937450022,27389.137301776034
2021-08-13,-32147.921132158892,68134.65124651486,41243.84434364877,42349.349462151615,17088.77644794288,22808.489275464643,28656.345720144425
2021-08-17,-16852.519673740804,68134.65124651486,41250.87661477706,40102.90865927214,17430.530557440674,24046.661701010733,31744.830557504185
2021-08-18,1853.6509167955824,68134.65124651486,41287.3066939586,41085.606570252996,21295.288859921624,32249.37611878307,35779.25225552472
2021-08-19,2339.7031631300592,68134.65124651486,41287.08259771606,41998.38480427969,20678.027952813278,29863.73078168885,38033.79797016629
2021-08-20,11528.538600813776,68134.65124651486,41330.49519112549,41037.343562843154,24797.229169526618,37618.81832498709,50827.97124238624
2021-08-23,22883.77456825671,68134.65124651486,41334.656411790165,41189.30814386327,25719.647089379177,37589.66672837295,49577.19898546865
2021-08-24,16248.4412683772,68134.65124651486,41366.09883696112,40949.803148074425,28633.987515155146,42000.10534235058,53748.92712277369
2021-08-25,12814.060285542178,68134.65124651486,41387.38224312696,40712.53892098352,29816.742960633746,42370.04070584272,50870.221183865375
2021-08-26,14057.526753982738,68134.65124651486,41384.39479603146,41090.25942547077,28961.92425697243,38370.42978386137,43663.510966536945
2021-08-27,15177.61908788039,68134.65124651486,41386.64777696564,41397.701898491905,28227.4832030232,35270.12368293724,43321.63816296252
2021-08-30,13873.747577844802,68134.65124651486,41386.856608803515,42057.85899111531,27882.01848086026,33637.10435503178,40302.491744368745
2021-08-31,6697.984539584779,68134.65124651486,41387.37847438845,41824.41164159736,27610.615866979,32476.077434912695,40946.83283600812
2021-09-01,-4086.553794010358,68134.65124651486,41391.44689749136,40497.484830964,27547.746193147825,32043.2120368997,39014.04538355606
2021-09-02,-11633.987971614506,68134.65124651486,41393.08465142676,41058.04736904959,26917.094111625585,30233.178611067622,38307.700207258975
2021-09-03,-11538.375707322837,68134.65124651486,41390.769577826046,41592.36901936691,26137.795700560422,28336.830342413,33825.741767823274
2021-09-07,-16185.43461988281,68134.65124651486,41392.6321956634,41809.11863929893,25605.900865148385,27415.727725506717,34453.19994067873
2021-09-08,-9490.249190546412,68134.65124651486,41394.921024000454,40312.0428308006,25074.621673322075,26667.088188565038,33597.084364945746
2021-09-09,-548.891958965173,68134.65124651486,41405.72449994664,41473.79670740417,25365.871166572964,28295.33627608236,35465.80611348256
2021-09-10,533.6939193655897,68134.65124651486,41414.338752959695,42584.29009161246,25380.448527728906,28820.964724778827,32565.263944547296
2021-09-13,1000.4452715698714,68134.65124651486,41414.88398592579,41492.185342935765,24643.51632313378,27251.491190845765,30417.17379342765
2021-09-14,-656.1555833709655,68134.65124651486,41412.44902406509,41352.942909394595,23998.601626545224,26186.043083256478,34839.47336871001
2021-09-15,-4977.603918537915,68134.65124651486,41416.567007447054,39145.50232708452,23800.267647265267,26551.068846384856,32259.13053070882
2021-09-16,-9465.132726479223,68134.65124651486,41417.3840121102,40978.435292238806,23445.993971055887,26386.823775572233,28053.501909088358
2021-09-17,-20038.446631531788,68134.65124651486,41423.201581618116,42033.18877354366,23252.41576040513,26664.834124626646,31264.313246688
2021-09-23,-24603.86307888078,68134.65124651486,41422.42408443201,40922.8816942078,22556.247617340254,25531.8554723444,32437.77108616689
2021-09-24,-22722.921756331147,68134.65124651486,41427.0547946047,41317.07186035096,22299.888908771143,25766.049217217187,29932.58795688388
2021-09-27,-27585.259063481568,68134.65124651486,41427.23873513471,41498.37470823385,21626.297109667605,24818.298913099225,27443.688229245672
2021-09-28,-40035.4909323764,68134.65124651486,41426.351836801994,40853.53782266425,21025.780848471462,24216.862537371097,30229.814197328313
2021-09-29,-37911.443904407985,68134.65124651486,41496.00757533047,41318.54998162261,27438.18777262894,39524.42959099177,44704.85359333294
2021-09-30,-19057.5669562753,68134.65124651486,41502.46020254557,41977.98662761223,27398.92231973155,37454.58879418679,51414.99734728165
2021-10-01,-18890.560007765223,68134.65124651486,41501.768896323636,42083.54423685866,26636.848522898927,34270.990417558176,42977.454586843785
2021-10-05,-22261.85111739995,68134.65124651486,41506.14340494848,41245.599339214954,26678.91642876008,33577.02449468144,41367.20821378708
2021-10-06,-1441.3757905674197,68134.65124651486,41567.510870962564,41439.16604636051,31190.080446016254,42997.4559870009,58907.798593761196
2021-10-07,27126.78355006399,68134.65124651486,41618.88025901982,41125.18260279978,34053.80029334267,47072.78396928066,60628.225040391866
2021-10-08,18039.270629178853,68134.65124651486,41677.25303196302,40855.31931012772,37350.98728903523,51670.689167064265,66578.88608438426
2021-10-12,20048.390973335736,68134.65124651486,41670.94490400813,40925.085908014844,36255.51129285873,45654.76979470698,51171.539395650274
2021-10-13,34343.652245790174,68134.65124651486,41696.411732333545,40581.717791242736,36828.99434114983,44919.63402347839,54762.159181132505
2021-10-14,25760.320615847726,68134.65124651486,41711.53246810407,41779.947366663,36848.49967714264,43073.525209383086,54578.264453457974
2021-10-15,7104.231891812042,68134.65124651486,41763.387222966434,41804.48288228881,41310.793038958334,52823.61356555894,66493.24963310116
2021-10-18,3101.1225127706957,68134.65124651486,41768.82962968546,42279.67542252207,40482.402320207555,47652.649434107,54288.026319555574
2021-10-19,4960.611369633001,68134.65124651486,41763.66060276076,41593.288479738374,39257.4490162636,42316.267483169075,49263.22677384042
2021-10-20,6752.037772921884,68134.65124651486,41771.91802996338,41452.65684009667,38741.163802823976,39958.79085423288,50183.54812037312
2021-10-21,5686.756192157716,68134.65124651486,41741.71828878667,41349.43258415859,37605.81189782558,36235.20898948377,45455.34502675257
2021-10-22,6340.15027060568,68134.65124651486,41744.11546854497,41513.63064884981,36585.81357025996,33407.692856575144,42369.50126126513
2021-10-25,1112.9227107790543,68134.65124651486,41740.8446197774,41731.21373555605,35479.94054196827,30781.91214174667,36449.68927443801
2021-10-26,1310.9979616379796,68134.65124651486,41742.302831456196,41674.07200322993,34545.45349227009,29242.00158915116,35818.06772871809
2021-10-27,967.7174226008015,68134.65124651486,41745.76974739047,42415.960338279074,34816.34995185005,32269.761713546446,36650.62988200231
2021-10-28,43.13577805183273,68134.65124651486,41739.92772138937,42176.29726262696,33906.44570747302,30462.802224289768,37771.52833298526
2021-10-29,3901.4168176119233,68134.65124651486,41717.16529650545,43632.39936373157,32946.833307384586,28816.676503620136,34632.038354302465
2021-11-01,9617.394103590867,68134.65124651486,41721.253118921384,41630.49318725007,32479.060403729643,29112.505577746844,35330.46155380262
2021-11-02,5587.491039886604,68134.65124651486,41719.52599262314,41469.22993463658,31675.779144501903,28143.49167078577,36141.46808242389
2021-11-03,467.58980364390754,68134.65124651486,41734.077844411935,41701.47321100509,32022.19354423363,31058.588653578845,37355.535624713404
2021-11-04,-8295.849922440453,68134.65124651486,41738.6581142865,43325.46142423828,31352.957821357242,30024.75433708146,37911.123661664424
2021-11-05,-10311.083169622867,68134.65124651486,41739.093824850475,41572.53769334687,30519.223805409667,28648.722030411813,38526.401173242026
2021-11-08,-1268.1647097983316,68134.65124651486,41733.9777721277,41856.578865547526,29622.939557692633,27292.629916723734,31826.478791491292
2021-11-09,6554.847266234598,68134.65124651486,41734.84757025991,40390.10355180171,28771.11358893321,26358.8558343812,33066.82808257088
2021-11-10,6666.443884643079,68134.65124651486,41735.19404209753,41315.27577568138,28010.61272687839,25876.58697429093,29270.476097516053
2021-11-11,15171.63443156565,68134.65124651486,41785.3008081799,41611.18176126829,31288.188361827506,36792.01374078145,49818.316592024
2021-11-12,15143.554546229785,68134.65124651486,41785.310236065285,42414.86170597736,30335.403293419644,33551.836742196254,41346.52827660955
2021-11-15,9524.100139736418,68134.65124651486,41816.36208937791,41005.059224946504,32127.933234631346,38199.84061602458,42208.484125396244
2021-11-16,1616.1846173900801,68134.65124651486,41827.48104862875,41854.157931629365,32226.344764493962,37480.212174404136,45622.15862562052
2021-11-17,-6979.969618461446,68134.65124651486,41827.66798292581,41506.28615974421,31360.062415427547,34426.38352362262,44724.612714715775
2021-11-18,-626.3355113139651,68134.65124651486,41832.931701971625,40949.30308925463,30765.956223114856,32736.00154249916,40478.096700262926
2021-11-19,-11649.89585080063,68134.65124651486,41807.35003118001,40551.54325156738,29828.926411270077,30415.605788809928,36622.97275113057
2021-11-22,-19173.633684631866,68134.65124651486,41812.850977175585,42669.673516547264,29490.121487590015,30289.50464369047,35697.2005873865
2021-11-23,-33979.18507313398,68134.65124651486,41803.207963260626,42068.884555005796,28649.215357097277,28692.910704926013,34880.94383722077
2021-11-24,-21739.299207171574,68134.65124651486,41815.90022863766,41279.02568174408,28979.893264951494,30802.23141004656,32809.84827310544
2021-11-26,-17451.471642978668,68134.65124651486,41813.893259566066,41205.352120205695,28301.408532594472,29515.437282961717,35781.02544528196
2021-11-29,99.43872202309613,68134.65124651486,41853.9559110836,40490.43907774018,30772.76965476553,36826.00358964393,44385.88240050488
2021-11-30,3517.5508345665535,68134.65124651486,41856.74852176932,41365.87530024718,30078.493247963917,34233.44452339626,41647.96878663623
2021-12-01,26666.26973316322,68134.65124651486,41941.075663122036,41039.75942033852,35749.910564219506,47809.261457627435,53735.04278260171
2021-12-02,24067.21218278999,68134.65124651486,41946.58132899126,42083.04697890782,35427.70269877538,44135.73423593393,50348.98308035765
2021-12-03,22392.83126431743,68134.65124651486,41955.32215549088,41059.228421260486,35472.34103860806,42247.96193603701,53481.3041211312
2021-12-06,13945.641666787944,68134.65124651486,41967.705596443884,42627.10536401847,35410.525198492025,40579.22146847119,48601.926065165586
2021-12-07,10314.949402105232,68134.65124651486,41963.83817037038,40836.33778060091,34335.99686917668,36552.87733208666,40765.87387281418
2021-12-08,-839.6702666309662,68134.65124651486,41970.849267005804,42928.25970420049,34437.77746681171,36692.454721077214,48820.85718863154
2021-12-09,-10.629502035184972,68134.65124651486,41943.60799112633,42121.11307320273,33629.76117348197,34242.95641388676,45763.66997157871
2021-12-10,-4258.877451952601,68134.65124651486,41951.03765195056,41719.307206177175,33291.566231008794,33653.72248270816,40210.85575821152
2021-12-13,-5157.227992629276,68134.65124651486,41951.512662980196,42519.835253524245,32361.38447493925,31392.108902659525,39830.24306822296
2021-12-14,-12302.233563529433,68134.65124651486,41955.55205193695,41998.403834921985,31640.718795806428,30236.83756770606,41301.752134489536
2021-12-15,-2110.64627139908,68134.65124651486,41956.34211833211,42363.011373440626,31147.817673560887,30028.041708088145,37691.352879676204
2021-12-16,-1647.20329855043,68134.65124651486,41943.425221466125,42226.76008246096,30622.568015403387,29692.89005474789,41064.70073093244
2021-12-17,292.2996587773228,68134.65124651486,41932.68994088915,42744.09429142544,29718.650694719854,28192.967940940376,36471.438502308854
2021-12-20,8655.071417369873,68134.65124651486,41933.29507970728,41333.85618765633,29022.096382596927,27661.1402502369,33220.326295169354
2021-12-21,24374.514383798003,68134.65124651486,41970.01008958419,43527.650194722606,31076.93865602772,35034.80095984016,39713.20833844112
2021-12-22,15393.665435702065,68134.65124651486,41979.86071025828,42786.23307772617,31071.442857886355,34800.06338155276,43239.14052070812
2021-12-23,11152.700231340581,68134.65124651486,41979.2181356094,41949.72682496941,30653.19715509587,33505.61971048586,35956.402937931816
2021-12-27,6615.679266132901,68134.65124651486,41980.50762629696,43583.8282194104,29959.202989674406,31747.701233264448,37672.36306709379
2021-12-28,-13337.83327064605,68134.65124651486,41988.829544834654,42073.41878713092,29920.962758159512,32197.314473034225,35972.13088328675
2021-12-29,-29777.01067496145,68134.65124651486,41992.45089032976,42966.456762833186,29804.361418894947,32295.61081960487,38977.88627527603
2021-12-30,-21901.18184082715,68134.65124651486,41996.11242526998,40690.154417047546,29152.2166175453,30874.67145134947,38506.77267282865
2022-01-04,-28669.997078600845,68134.65124651486,41992.13332089509,41228.7029117189,28265.344021741228,29082.636229260086,33455.7719373358
2022-01-05,-26849.645488053222,68134.65124651486,41992.97952220041,42527.36982874641,27476.996533062607,27943.129622270375,36148.394450453095
2022-01-06,-2503.3177881519828,68134.65124651486,42055.1821944618,41428.596346006394,32288.152619430595,41138.86251597275,54294.01084897433
2022-01-07,2857.062244874175,68134.65124651486,42078.77692832793,41513.417097983205,34337.17686524646,44241.66476648074,58120.60025605888
2022-01-10,-9963.067830677479,68134.65124651486,42085.39401991263,42181.03206014488,33860.20833135518,40901.65094527631,46134.52213733968
2022-01-11,-22085.79266444928,68134.65124651486,42096.56944182655,43319.02250119346,33876.92773021517,39549.27919115316,46944.85033646298
2022-01-12,-28766.40051323359,68134.65124651486,42091.25784221727,42276.20075372756,32846.47465745939,35845.79071274679,45334.090330073544
2022-01-13,-32694.267822536982,68134.65124651486,42121.19383885391,42572.5358656337,34313.79155195735,39471.355019385344,53744.713931947525
2022-01-14,-36971.445071909155,68134.65124651486,42127.129015456296,42745.53433101879,34055.45419849835,37868.886989054336,50214.167614164675
2022-01-18,-39677.18933193943,68134.65124651486,42149.0226226528,43158.5728469241,34543.911189269544,38600.60086594866,47268.32960352423
2022-01-19,-38074.30293691238,68134.65124651486,42263.687963024895,44163.181922290845,41091.844041487944,53888.901199296415,72104.39263670915
2022-01-20,-36903.65083639873,68134.65124651486,42274.58427248923,42747.80491809725,40673.28255847739,49249.65423806739,65554.85437051122
2022-01-21,-61696.17618064676,68134.65124651486,42285.02633819861,41849.83794043263,40193.0290832755,45491.955170364134,60284.092216964775
2022-01-24,-33622.19092457302,68134.65124651486,42318.17464256047,42020.78744191794,40994.84109070278,46005.64016941676,59050.049227875876
2022-01-25,-11836.092877133768,68134.65124651486,42346.0622315628,43103.16807823969,42008.7415826424,47121.223028545945,55937.273945854104
2022-01-26,11634.463048667638,68134.65124651486,42436.18323372291,42224.413818348774,46180.33349350375,56230.480575765585,66901.2946740645
2022-01-27,14596.51249802026,68134.65124651486,42444.12803072459,42824.73524349898,45271.89125947128,50415.997004463155,66082.5749746683
2022-01-28,33547.34438654116,68134.65124651486,42543.25767798677,44108.643173921555,49938.29941006745,60760.9643284468,78823.50326534256
2022-02-03,25658.609693672042,68134.65124651486,42643.69109167408,42110.61277545832,53620.62252514974,66336.83720089443,88968.27575872125
2022-02-04,3835.971904573866,68134.65124651486,42679.981935496995,43304.15026268219,53880.65176863303,62304.75241461453,78957.36154539837
2022-02-07,-12105.813506202043,68134.65124651486,42689.112647507565,43307.63852603208,52869.573886205166,55745.46988721896,68609.47698844633
2022-02-08,-23593.11486416656,68134.65124651486,42690.55014654833,42869.3501758015,51342.3354112978,48816.27121395763,61691.32312758979
2022-02-09,-27087.41447840436,68134.65124651486,42684.894032205346,42290.41767136028,49779.333245125934,42949.27684532626,57113.268472166645
2022-02-10,-20498.07023974586,68134.65124651486,42711.98749170363,42141.58933608142,49980.67726983268,44615.01218730132,58132.305633412245
2022-02-11,-13608.2838162369,68134.65124651486,42746.27897087662,42714.83905565281,50343.26847768502,46296.242719593865,66442.63094717004
2022-02-14,-2870.1152544762285,68134.65124651486,42775.76505376367,42413.07100996514,50304.72344460123,46194.33122452007,61578.317713430646
2022-02-15,994.6056256285325,68134.65124651486,42826.5839302321,43734.315824630416,51837.75913460476,51168.02680955771,64367.07854134025
2022-02-16,2092.0086715608204,68134.65124651486,42821.284931540555,42259.06217201179,50427.37746724929,45537.01877074348,59959.012676575345
2022-02-17,-25421.171733480376,68134.65124651486,42908.1317269139,41895.07623219969,53364.32653483929,55065.14014602876,65750.96157384026
2022-02-18,-6315.019669956151,68134.65124651486,42910.80129560884,41483.911876286365,51967.216906203794,48890.95621118451,65406.14768547752
2022-02-22,-894.2116424310022,68134.65124651486,42902.681665733675,42992.3994615173,50406.68681768197,43286.220660102335,51350.232799392434
2022-02-23,12829.185910190965,68134.65124651486,42923.370464907806,43284.300970604265,50478.625165096004,44547.49899017919,54251.18169358692
2022-02-24,23386.959520535736,68134.65124651486,42923.89866124597,42389.37493180062,49016.61166329126,40042.77644412824,49875.45959595776
2022-02-25,28378.074974201514,68134.65124651486,42942.2182556565,43650.57464722163,49450.38757209406,43300.4109020613,50959.26657750773
2022-02-28,-6699.358836679617,68134.65124651486,43012.26662398977,43163.786643437656,51748.81035883523,51482.75658503852,65013.76775440891
2022-03-02,-22741.95098242154,68134.65124651486,43011.75699794725,43807.378144331495,50873.367311623755,47640.963593825094,52338.5070973351
2022-03-03,-13132.334932038788,68134.65124651486,43012.89490196155,43387.090666904485,49561.31111132538,43126.64683002033,53414.91624784945
2022-03-04,-25925.25709327804,68134.65124651486,43029.7253031193,42557.36823973742,49234.54370384381,42907.344198888575,47172.334126581416
2022-03-07,-32170.44913128623,68134.65124651486,43040.87608691734,42477.11188308771,48291.19911375873,40491.46985526762,46902.12214974046
2022-03-08,-9836.519710681929,68134.65124651486,43161.7699563243,43382.16213525088,53180.1780874569,57219.279683384055,67915.45000091416
2022-03-10,14197.630088858235,68134.65124651486,43129.26107635054,43171.63338819922,52943.764205496904,54260.52393381405,73923.35466980311
2022-03-11,12846.075143161317,68134.65124651486,43164.80064782673,42784.981480678885,54102.10587003403,56210.04985399869,65649.89128412063
2022-03-14,24413.83487579864,68134.65124651486,43170.76324800057,43100.60715692818,52749.09349472064,50163.012621962764,56936.18032721663
2022-03-15,29829.094165749284,68134.65124651486,43175.029763052335,42797.573250059235,53372.561187399464,51758.42626072138,67190.22325078883
2022-03-16,32643.995332988758,68134.65124651486,43168.46819462372,43460.96306976153,51847.85316294005,45938.494184896816,62052.02037755274
2022-03-17,20526.019005891252,68134.65124651486,43223.27930887756,43595.963173543394,53598.873563222136,52289.599660779124,66235.01799702967
2022-03-18,10451.19610403198,68134.65124651486,43258.45257051871,42517.41332034698,54191.68731027456,53323.32626631983,67009.92384658466
2022-03-21,2757.8953764443086,68134.65124651486,43263.581689923856,42975.291778785075,53334.52985147481,49541.59272916855,60838.707396340484
2022-03-22,9595.721697511748,68134.65124651486,43243.42219877021,43159.56134653524,52382.43514260898,46214.26336815691,57450.0193610902
2022-03-23,12454.088920877159,68134.65124651486,43243.56784776962,42715.43122532538,51243.2149268566,42832.68180494297,51965.323652104555
2022-03-24,10224.438793070924,68134.65124651486,43239.64913019804,42385.13571775439,49782.44392873084,38809.05385702257,55725.167025457726
2022-03-25,7197.8456703015345,68134.65124651486,43240.652355256825,43190.59617387499,48332.332919709836,35466.23802418447,49680.27803239186
2022-03-28,4245.379834870045,68134.65124651486,43230.427750723946,44545.39380835886,46864.24516574134,32595.102786075247,38473.762311216815
2022-03-29,9254.456734824013,68134.65124651486,43209.69644223402,42524.767772999185,45437.87980544728,30404.013232011803,34907.2507859259
2022-03-30,-3641.759135246218,68134.65124651486,43201.514947466916,42702.514137735234,45280.11194796317,34234.96963720375,44158.35091201013
2022-03-31,-11875.174489913521,68134.65124651486,43198.47836328915,42993.020955487875,43901.84602104968,31724.007657614216,31776.274107324447
2022-04-01,-18059.07515095796,68134.65124651486,43197.798130550545,43798.7381266184,42584.96422119342,29891.80089668397,33340.53245932482
2022-04-04,-14300.793890984143,68134.65124651486,43195.83025454,42912.446309698884,41521.18793033563,29456.14709397024,35171.31769838548
2022-04-05,-29188.93695497783,68134.65124651486,43202.654660410844,44144.66121262294,40814.52740741882,30479.392097294178,38070.78730949791
2022-04-06,-28799.24025796942,68134.65124651486,43175.20515752047,43192.11785429525,40018.213115292674,30736.27890623252,38231.32501997944
2022-04-07,-9202.73105308422,68134.65124651486,43195.95461099708,43122.45024112537,40110.6918081846,34069.38413874458,44483.70070952686
2022-04-08,-7088.133150606843,68134.65124651486,43208.05089779813,43871.45871482905,39962.66913952744,35406.1050482126,42366.422357677155
2022-04-11,-12993.090914358727,68134.65124651486,43191.471536248624,43645.760981915424,38747.22018312853,32574.573232414285,44277.19545996349
2022-04-12,4919.833923910503,68134.65124651486,43217.21325856123,43187.54059670569,39511.49171512266,37128.251436456965,47825.97587867647
2022-04-13,10276.013151830222,68134.65124651486,43203.04420526362,44055.0059341983,38696.156138160935,35216.72715962951,42775.58053038624
2022-04-14,-5360.168125755835,68134.65124651486,43242.890830423516,43150.680818768225,40329.65644526437,41432.63164716845,54450.63170109125
2022-04-18,-11189.31898310687,68134.65124651486,43248.95488169087,41544.222699165715,39638.90661558385,38955.43824421698,48711.294034752325
2022-04-19,-13300.546174620442,68134.65124651486,43205.63706851123,42677.375996615905,39087.66938087997,37392.09664144512,47432.517807968965
2022-04-20,-22904.748938835324,68134.65124651486,43050.398217913855,43511.568284101355,39346.4518357876,38710.45308248994,45376.493276467
2022-04-21,-31742.15397553738,68134.65124651486,43050.40662393258,43211.358592179604,38171.9054644078,35318.56576678667,44037.625166090016
2022-04-22,-20397.73209139348,68134.65124651486,42971.44753159526,42704.61767604316,37362.50049938085,33770.96999199978,43679.13910079445
2022-04-25,-13978.76421759486,68134.65124651486,43010.127434910464,43137.64555910047,38812.224985184446,39519.155015105396,47413.82770047453
2022-04-26,-8241.212678893158,68134.65124651486,43013.486737714346,43236.870777398224,38890.82227881969,39659.27262400689,48704.81363204188
2022-04-27,-4502.943752181558,68134.65124651486,43004.08739429702,42883.83939970359,37742.40316053304,36073.59933130024,45868.86922313075
2022-04-28,9890.93466995851,68134.65124651486,43022.43545116339,42936.46687342118,37909.273530060025,37291.658504413535,45871.9545529264
2022-04-29,-19422.384520575408,68134.65124651486,43007.30085255824,43293.37128714901,37919.58095084398,37721.154020159614,49619.7886095823
2022-05-02,-32392.936810927255,68134.65124651486,43003.09083666995,42981.029732154275,37212.292330339544,35839.16884665398,42968.24596263072
2022-05-03,-30487.282640449444,68134.65124651486,43002.654911632795,42662.30667040723,36166.01485384633,33244.409345584034,40569.261462785544
2022-05-04,-46139.77785218121,68134.65124651486,43002.00429728083,43235.728037450106,35201.65159396831,31405.771398098153,39349.24940650309
2022-05-06,-37164.71850509687,68134.65124651486,42984.24821455611,43366.31166291551,35156.49703339318,32965.84199328293,41888.01577279952
2022-05-10,-14924.187203768555,68134.65124651486,43134.34417866664,43443.274328944615,44126.0611541824,57562.61743926848,65218.87136428992
2022-05-11,10768.037939961829,68134.65124651486,43225.6415136585,42195.98369481128,48237.1531660722,63832.50159969192,71033.64717740873
2022-05-12,4440.437949454917,68134.65124651486,43193.240822564345,43501.026826926696,46767.73066673812,55327.25987097469,71379.10775823834
2022-05-13,11626.226540037667,68134.65124651486,43244.57888148503,42725.050262317294,48368.135884009964,56717.36814497909,70641.8535565933
2022-05-16,6323.333111616312,68134.65124651486,43311.576263919975,42967.123504936026,50931.49880020936,60623.84069980064,73955.47114704543
2022-05-17,10967.524050102147,68134.65124651486,43289.17311592902,43127.92444216581,49380.92953039784,52745.749086534306,71400.56899827899
2022-05-18,-6375.283250628631,68134.65124651486,43295.87580563822,42985.744635716444,49004.56074050814,49832.99856461623,61863.22958884587
2022-05-19,6152.693122806488,68134.65124651486,43286.46990447011,45018.00992958055,48205.05853479168,46225.34593365283,61113.051735131936
2022-05-20,16165.770685604642,68134.65124651486,43268.336808845306,42965.605662498805,47363.51544501933,43153.127097431876,62617.4076637294
2022-05-23,15507.930581011864,68134.65124651486,43281.09087035436,43573.29611915635,47756.87096010342,44982.75361115137,57571.71689982421
2022-05-24,16398.608777123733,68134.65124651486,43288.18578641475,44136.14379229946,46719.69563998742,41657.84700886487,48851.75882121289
2022-05-25,24039.527790206914,68134.65124651486,43314.06514986346,43726.84654804089,46769.204334275775,42720.6895995005,55543.5092018669
2022-05-26,14495.145046451613,68134.65124651486,43324.92539141017,42939.42654666661,46013.189905434105,40757.89199099069,53398.91223409644
2022-05-27,3579.172069813831,68134.65124651486,43329.07012202149,43659.126834675735,44899.468322782435,37892.281042414135,46852.642391545574
2022-05-31,-9384.106966741329,68134.65124651486,43328.19169772876,42312.8442655176,45229.79452873043,40518.070054351236,56804.10189740437
2022-06-02,-20840.639033144445,68134.65124651486,43334.39741992472,42635.12725130975,44466.62748470605,38770.134477352054,50869.710178415575
2022-06-03,-34124.74543430553,68134.65124651486,43334.16447954932,42648.611225821325,43154.21309992421,35343.27676754452,43202.74377210119
2022-06-07,-66136.87964243231,68134.65124651486,43316.34210376691,44529.57478130432,42064.56397371332,33366.07765770672,39487.95697990857
2022-06-08,-64880.34573370803,68134.65124651486,43128.171469335386,44576.07500082409,41728.37861535025,34675.952515760924,41477.88412762914
2022-06-09,-66525.94923042814,68134.65124651486,43060.49293450337,42876.20022111712,40678.79179299164,32957.081102624856,41751.2241688
2022-06-10,-66220.91177654576,68134.65124651486,43071.14388497312,44418.05932199198,40096.70254187783,33113.60829839168,41745.88583009084
2022-06-13,-52966.24189466538,68134.65124651486,43127.4857287223,42473.96378123315,43197.62858309237,44396.407070998015,54724.2572978317
2022-06-14,-22563.674546522667,68134.65124651486,43491.38464045236,43859.4662245297,61572.75926887203,91145.1570986678,106707.53260723196
2022-06-15,-31307.352994194953,68134.65124651486,43496.33405977157,43766.14142068608,60133.28371395407,78598.11935596712,96691.24732175015
2022-06-16,-36762.25895901408,68134.65124651486,43500.7589753082,43778.098668554216,58644.80272671618,68343.92794459024,91252.9563868751
2022-06-17,-6906.060709164864,68134.65124651486,43505.68918189669,44133.36883281716,57268.30291710318,60244.587799210414,79036.82400487277
2022-06-21,2841.536167551206,68134.65124651486,43495.66330809628,44115.4307057043,55557.76796116364,52503.771189390325,62192.77733467577
2022-06-22,4833.431583174534,68134.65124651486,43493.92774430521,43097.98189755075,54243.64061525207,47428.73930513027,60296.37501386766
2022-06-23,14145.480200370635,68134.65124651486,43553.76270419272,43626.48198319355,55707.677703425055,53539.43939588402,62265.32465891925
2022-06-24,13866.587551980881,68134.65124651486,43579.57384629228,43769.33544901224,55621.164118040564,52684.248487718825,63799.41115124693
2022-06-27,-13675.663182619226,68134.65124651486,43764.73444576809,43524.48790800173,62302.75047227297,72722.17903534778,97498.34367336286
2022-06-28,-9417.92877211087,68134.65124651486,43785.30452064995,43256.2399385462,61306.182522771116,65533.43329534625,85860.53931322336
2022-06-29,-15114.20579158828,68134.65124651486,43784.18489760819,43619.47516126371,59563.61039849296,57304.11884002108,76940.27665196716
2022-06-30,1174.2295071647586,68134.65124651486,43788.66740210597,42834.87777106912,58114.41626073515,51403.67864440603,59859.93452641343
2022-07-01,14686.544786952369,68134.65124651486,43820.46456617437,43559.866334439816,57972.30275722826,51445.12477829603,56913.581466235344
2022-07-05,15886.234882519855,68134.65124651486,43823.38202424793,44018.1554455051,56340.85838987821,45802.988042506084,57804.51025279432
2022-07-06,-6100.616414386341,68134.65124651486,43864.79171816754,44145.51501827922,56891.402020349495,49772.68653970966,73096.93703151381
2022-07-07,7839.941737283869,68134.65124651486,43887.06482857408,44570.46892840448,56267.20208569354,48272.106084457446,62265.42324699372
2022-07-08,-5208.8721749155575,68134.65124651486,43921.74136591085,43460.37413081813,56383.10381983693,49796.585856381855,62833.55079188758
2022-07-11,-2682.5494504058065,68134.65124651486,43911.88483438598,44842.21153746603,54782.15596078692,44498.050837041155,57280.21006936318
2022-07-12,5700.850500995784,68134.65124651486,43910.66161102512,43488.27128727894,53165.84878486396,39950.055547559736,54149.271929920076
2022-07-13,22221.74062568617,68134.65124651486,43915.689632280664,44343.52390495885,52950.98029444101,42180.56782867357,49939.440348661694
2022-07-14,22565.117579473936,68134.65124651486,43918.100608506575,43954.78416667362,51766.405719866656,39737.68255563919,54667.61661789808
2022-07-15,33438.001349791535,68134.65124651486,43917.25698941225,44126.454744422736,50245.712090615045,36236.734388604644,44083.179359129965
2022-07-18,25237.75668713634,68134.65124651486,43921.008430228285,44432.961946715644,49186.368633823105,35402.48587027934,42249.13200242201
2022-07-19,19229.766358340905,68134.65124651486,43930.60152258056,43223.72875135949,48407.98680864762,35849.15456626159,44907.24796841288
2022-07-20,10449.46892370071,68134.65124651486,43943.78038474769,41382.41199401881,47776.20279898261,36634.8830224681,44298.50151766825
2022-07-21,13934.908892092633,68134.65124651486,43924.22468011448,42737.05570541957,46859.38963559303,35894.50099303001,43948.11150576909
2022-07-22,13261.646576786765,68134.65124651486,43928.01665547971,44658.82103037616,46858.81704503011,38830.14324602922,47820.88344561572
2022-07-25,23067.537719035678,68134.65124651486,43919.59335820557,43626.11116612154,45578.149930888554,35932.21242207731,43283.05178524945
2022-07-26,24613.013019081773,68134.65124651486,43912.15184972343,43881.13056407908,44194.62697547874,33106.315779372315,44086.93401456207
2022-07-27,18924.260042840804,68134.65124651486,43911.02069276634,44013.16094990551,42907.46680774837,31142.45024035208,36741.606599475985
2022-07-28,20417.191752812716,68134.65124651486,43931.41650833634,44086.943933811985,43167.44962683461,35790.56899832463,48766.98232697809
2022-07-29,17322.00398591573,68134.65124651486,43949.181708839664,44245.61202783273,43178.28112035466,37980.04355419337,50916.67208867183
2022-08-01,10073.87676653215,68134.65124651486,43963.52671694823,43730.862180943106,42785.847692595475,38084.80941719965,47581.127164190955
2022-08-02,9162.692944946048,68134.65124651486,43955.55812081558,44530.657748819904,41565.838055366345,35088.63156120335,41939.894450580316
2022-08-03,16684.953407230656,68134.65124651486,43969.598332867594,43951.35031407986,41404.51298894684,36562.948475063895,46080.92539107841
2022-08-04,5247.590694358154,68134.65124651486,44003.02166016189,44136.91872958609,42329.464634835625,41190.87236713244,49231.88004429363
2022-08-05,6049.000684731366,68134.65124651486,44010.98352384985,44818.236677782654,41579.08144564374,39043.24162796513,51390.77352620979
2022-08-08,11899.962485254295,68134.65124651486,44010.172060938414,43827.00303117488,40314.36585425034,35553.71494212407,42865.65911496691
2022-08-09,14194.648295381257,68134.65124651486,44010.48941762183,43930.884623546655,39113.90059617211,32950.65327991939,43881.7789788532
2022-08-10,6732.689480033608,68134.65124651486,44009.48883131959,43724.89904452653,37922.425195486474,30854.951670099963,39920.450519260965
2022-08-11,7433.435426007519,68134.65124651486,44009.48168101432,43808.66686513336,36784.99403118435,29334.77676158476,39334.90626863626
2022-08-12,-9173.92997954819,68134.65124651486,44014.56833733132,44696.6292931174,36485.12500066221,31258.97106090116,41556.14622345815
2022-08-16,-29951.67715589541,68134.65124651486,44023.47163687153,43908.858738152776,36071.031193961855,32086.483719274,38462.79128148968
2022-08-17,-41288.59015061523,68134.65124651486,44026.40837877883,43532.07543283762,35247.2346707923,31162.176656470074,38413.423964298985
2022-08-18,-29677.83060955101,68134.65124651486,44030.25260358105,44626.53742658824,35449.24864967692,33882.65962355732,40869.24888925489
2022-08-19,-16912.35967331221,68134.65124651486,44024.65024649076,41681.910399754765,34370.24976040955,31535.838581539465,41491.33461452961
2022-08-22,-16353.41838143927,68134.65124651486,44059.25099735306,42798.99208520322,35941.086876583744,38068.148604796144,50187.56795978912
2022-08-23,-16858.475194982948,68134.65124651486,44131.452534343756,44421.85010127109,39890.40823043777,49168.671157720935,61147.901829513714
2022-08-24,-3921.181929572046,68134.65124651486,44133.08651804933,43207.21594310979,39959.758122376654,46973.934138119985,55769.859148827614
2022-08-25,-5866.931300907429,68134.65124651486,44137.423745535656,44175.62019270839,39112.7752813227,42801.68402886403,55499.170478966174
2022-08-26,-31322.8331966587,68134.65124651486,44147.641313556276,45149.907793177255,41163.577998042085,47877.13992316972,65352.86248850044
2022-08-29,-24033.207778059194,68134.65124651486,44136.40583457883,44359.579390942046,41897.81470015305,48172.868162435625,59945.269130069915
2022-08-30,-14104.506565228738,68134.65124651486,44185.65904288386,43690.97180203954,45304.46169590968,55875.30508854535,70329.50277076452
2022-08-31,-20127.75114906063,68134.65124651486,44173.58078227965,43040.385941508626,44393.04623658834,50150.40990898781,60488.872475425196
2022-09-01,-17742.54758120596,68134.65124651486,44170.83048594571,43338.15507397278,43137.60235625113,44511.64195744133,56754.810608453314
2022-09-02,1306.1479417992953,68134.65124651486,44221.923200321675,44477.77831157748,44932.22052343866,49500.7010962568,60907.173718935686
2022-09-06,-3310.686144661558,68134.65124651486,44223.62297747963,44259.776181333014,43701.00142999435,44195.04632531403,51103.35254464207
2022-09-07,-2694.050109593479,68134.65124651486,44230.18733874727,44059.42128062446,43012.54463220668,41681.45777420559,57633.13668345476
2022-09-08,-8965.220797664948,68134.65124651486,44216.28947211767,45102.54411259447,41720.66005181334,37598.161823525246,53581.11497904912
2022-09-13,-21439.098255388846,68134.65124651486,44218.58693730038,45352.02885730104,40881.99613770922,35898.48736090248,46015.98686002141
2022-09-14,-27906.832239910447,68134.65124651486,44167.27988367633,45347.242106835096,40406.2556666495,35957.02671371745,43887.292998683915
2022-09-15,-27882.109823935218,68134.65124651486,44183.8093715877,44387.841510033046,40275.16384964705,37095.99622261528,47425.7385518609
2022-09-16,-31344.64579552597,68134.65124651486,44192.43371649827,44446.54448622384,39605.893576482966,35985.34465714036,44703.49222040918
2022-09-19,-40158.25027530874,68134.65124651486,44186.54107402903,44145.98367962148,39493.37613400762,37051.38737425954,50090.22096925634
2022-09-20,-59795.83252771771,68134.65124651486,44203.44639595938,42925.57515029113,39565.56191620028,38371.30435289437,48454.93119760823
2022-09-21,-59338.855936793254,68134.65124651486,44200.697293112535,43604.79822431071,38362.23894808948,34950.030929591005,47799.860172152104
2022-09-22,-56634.11059830149,68134.65124651486,44208.411012340584,44067.833348681204,38342.62645880432,36405.23399311711,49664.29477257205
2022-09-23,-53844.63481061817,68134.65124651486,44216.86857551978,43410.100762847076,38777.77868104379,38894.962873877324,45493.575949925136
2022-09-26,-44913.959714429606,68134.65124651486,44285.0258492318,45769.678177659815,42803.84364281586,51316.05031047402,72301.67094866496
2022-09-27,14916.748050374406,68134.65124651486,44513.75583474649,44008.20034394914,54279.80013518627,79708.1633808819,103682.25428996606
2022-09-28,8401.246482649556,68134.65124651486,44513.13963146983,44629.45582578785,52626.56253233888,67268.00292101949,86804.24032607181
2022-09-29,19023.47859816588,68134.65124651486,44516.18471852596,44567.24164804152,51359.89732463439,58508.321127380244,72100.65320943516
2022-09-30,13323.857433649577,68134.65124651486,44517.46114506758,44320.89301124564,50354.01964338334,52335.694716437065,67449.71263283309
2022-10-04,890.3793404392811,68134.65124651486,44531.84620519952,44354.946040217255,49657.641725856534,48494.571038645605,63432.038804929936
2022-10-05,-29498.94838102254,68134.65124651486,44788.2291640276,45100.38799357236,63399.02888328409,88491.94732080423,109927.53469383984
2022-10-06,-29900.411745877325,68134.65124651486,44795.75089240372,44201.7375310072,62000.57873394386,76882.18562057785,100849.86599819269
2022-10-07,-27605.21521185542,68134.65124651486,44803.91197128618,45212.33466693669,60598.479849630916,67438.13015195735,87647.10416799923
2022-10-11,-7046.060529551833,68134.65124651486,44833.58171800609,46514.98174837223,60573.923844705016,64313.00039564045,81836.78332983678
2022-10-12,24844.900101095496,68134.65124651486,44947.77248849272,44645.47224196307,63798.86217552058,72460.12572506971,96649.86480363316
2022-10-13,14811.332042739174,68134.65124651486,44945.67729309006,44677.550354197854,61906.90773084799,62501.42394607945,79644.21804231718
2022-10-14,11845.094056772703,68134.65124651486,44955.63579350532,44233.18035173815,60637.27514856582,56462.81565554846,66652.50778501194
2022-10-17,7200.527473016858,68134.65124651486,44968.48058397935,44480.52056529957,59736.077751529425,52995.70305589818,64636.120095273334
2022-10-18,8574.93808273841,68134.65124651486,44984.1282617593,43826.98366312621,59037.909190498096,51061.1001604784,64899.30349969992
2022-10-19,3382.7181232978264,68134.65124651486,45018.647096817964,44372.07245170563,59356.24440784018,53551.69369657969,61795.41521534908
2022-10-20,10395.4010433642,68134.65124651486,45037.58528920854,46335.695897093334,58454.98099810776,50677.6546329579,65287.678572168305
2022-10-21,29012.74255860666,68134.65124651486,45063.96076224347,44684.9638012885,58015.49285579625,50236.00323225748,61673.69713101292
2022-10-24,25206.78330875256,68134.65124651486,45067.97142888988,44658.30343383095,56441.736405861084,45116.5330036547,58871.151445167285
2022-10-25,17383.943101729998,68134.65124651486,45098.45015002872,45031.64670996298,56292.91072978524,47063.05195019879,55273.157929050416
2022-10-26,15360.03725593878,68134.65124651486,45107.544340365894,45448.60804145198,55330.54188771364,44974.69224622817,55741.1001329376
2022-10-27,8860.078691302335,68134.65124651486,45045.82752626931,45370.500263894784,53661.230734515586,40288.73829283046,49098.40702157254
2022-10-28,-5765.785221304853,68134.65124651486,45063.1137330723,45799.93131784782,53243.593975241565,42024.46095080911,57918.88240286143
2022-10-31,-806.5229536852614,68134.65124651486,45062.243038752815,45162.915703074206,51621.88765131693,37730.409664993924,44985.78979083416
2022-11-01,2998.1612200302034,68134.65124651486,45055.98574275001,44397.642108954984,50153.83494776,34897.024148701086,43216.79640473348
2022-11-02,8340.227836666161,68134.65124651486,45063.57226024277,45207.78564298349,49060.54346725264,34387.43843714493,43548.771322799585
2022-11-03,14555.111215222005,68134.65124651486,45060.839649329675,45198.01199630032,48525.82915520796,36535.85795207427,50147.925933758816
2022-11-04,34638.45386545876,68134.65124651486,45070.84737681727,45188.50975056824,47613.116697685895,36146.54308623732,45410.94060322827
2022-11-07,48026.99230773613,68134.65124651486,45076.23897203924,44881.204650295025,46569.26921900689,35102.154219142794,40797.45669750656
2022-11-08,37404.72919157224,68134.65124651486,45080.9021408731,45419.72358814301,45868.70216864188,35733.026739649526,47369.56054618647
2022-11-09,36767.78642631119,68134.65124651486,45111.03501263154,46270.7243000255,46424.033976866216,41247.588098117114,53306.06224038035
2022-11-10,36937.38944498951,68134.65124651486,45111.28351850536,45732.336823773134,45041.2985635377,37240.03829002298,47388.80150406113
2022-11-11,14729.825961632356,68134.65124651486,45168.87754623049,46007.74676662962,47338.15564809624,48297.95177909687,62349.83016102395
2022-11-14,-4924.496200612424,68134.65124651486,45267.39754822817,45560.36036150837,51426.65874993285,61369.64771363438,84686.65523721643
2022-11-15,-8945.93321394941,68134.65124651486,45263.849578305024,45421.24838394002,50156.979767724806,53827.93117361784,64230.47580141572
2022-11-16,-17645.046979770173,68134.65124651486,45291.77671890276,45576.249508281806,50212.573247394044,52502.36066104954,70609.5437376007
2022-11-17,-7719.90355024023,68134.65124651486,45282.82710108405,44046.36183571237,48705.05004917722,45902.10063827669,54017.98434883886
2022-11-18,4773.685869604772,68134.65124651486,45299.954562231826,46415.06326226926,48273.43410350568,44829.27313452611,51409.467167390445
2022-11-21,-6015.730880501423,68134.65124651486,45300.14963397042,45094.85784642291,46839.10731899975,39952.70315286881,47287.791581266145
2022-11-22,6756.196962199543,68134.65124651486,45320.990359238465,46566.70855433564,46627.042107595815,41219.73336359549,52711.49270204462
2022-11-23,20170.021046957045,68134.65124651486,45321.21367850345,45638.03650136531,45229.09798413209,37153.19251458263,44343.93689196625
2022-11-25,18396.1194399557,68134.65124651486,45342.49216363094,45655.464273841375,45253.418320748606,39962.070369803274,49321.95395875339
2022-11-28,6751.124385092997,68134.65124651486,45346.044518867966,45418.53846931562,44269.15044201531,37786.19491890734,47219.42789292831
2022-11-29,10506.360523810974,68134.65124651486,45385.92011482876,44051.08962896089,45664.518913518186,45167.47036986947,60582.56975040157
2022-11-30,-3556.9623375415167,68134.65124651486,45384.666104959695,44924.19743833772,44638.77558036412,41544.39751303914,57982.81450628061
2022-12-01,-17914.052093579387,68134.65124651486,45446.11129730811,45055.20219598619,47074.338635555454,50809.34871789774,58813.36853311995
2022-12-02,-27653.15209301189,68134.65124651486,45459.47585193055,45993.575596314964,46503.26645131408,47595.506676171746,54557.44621115032
2022-12-05,-20017.20833954522,68134.65124651486,45473.56126111328,46136.19073616681,45964.84061102664,45303.21803211242,53367.43971203363
2022-12-06,-11520.194447422615,68134.65124651486,45491.34852062829,45348.440702755724,45855.97263507385,45020.94241780977,50569.58345980382
2022-12-07,2040.9837728597768,68134.65124651486,45517.629980117425,44904.78422622163,46107.74525630039,45979.66564011303,60962.46508351899
2022-12-08,8635.943702567718,68134.65124651486,45511.630506655514,44491.34185142505,44703.682166563725,41103.88278573572,50691.837120481774
2022-12-09,-644.5261076952584,68134.65124651486,45512.79048152316,45315.132225513036,43482.28111276318,37770.324312254874,44533.231869192256
2022-12-12,-6625.7757826744755,68134.65124651486,45486.851919979454,45955.251354897526,42164.98641844514,34641.31262177503,41979.924624409294
2022-12-13,-11839.908174456708,68134.65124651486,45456.02205309387,44699.80837700442,40880.47638005825,32159.443152726413,36669.9076154832
2022-12-14,-24348.02210820001,68134.65124651486,45442.719067352846,45016.513430683495,39956.76562538615,31585.961439958763,37900.347840241186
2022-12-15,-26674.209914265582,68134.65124651486,45451.86396943614,47108.032905828324,39688.68358071779,33623.78434666185,42243.13444656236
2022-12-16,-12125.14886756712,68134.65124651486,45404.275967137466,44606.13015246626,41416.14308798845,41594.59147073024,53815.44831141768
2022-12-19,-19493.47489324022,67638.75102455674,45154.12667631952,45669.7224136588,40731.83351810291,39641.88834897176,50912.69141131507
2022-12-20,-10719.996124080095,67638.75102455674,45092.87353114889,43558.91393191568,40042.491522457596,38027.67604810166,48634.59901746629
2022-12-21,-15711.371593739372,67638.75102455674,45097.347728948145,46358.80864019401,40317.797552518634,39893.71191545113,55533.127033700424
2022-12-22,-24248.58950907687,67638.75102455674,45075.65513827509,46033.81651815184,39497.76199409496,37679.35346328706,43472.036264122085
2022-12-23,-31097.73433182072,67638.75102455674,45071.844316706,43862.106866832415,38429.73265458766,35030.85987840616,42956.519977894946
2022-12-27,-7201.917770967589,67638.75102455674,45101.31783694673,45518.755842991115,40637.51743235247,43499.40405777005,49033.68371248364
2022-12-28,-14482.2738424557,67638.75102455674,45101.18501133799,44786.613839176156,39662.09387548432,39983.33823951398,50673.002477476264
2022-12-29,13963.314714109034,67638.75102455674,45156.64515316868,44635.99067803514,42140.712475848784,47724.89774719233,63099.76522395741
2023-01-03,29400.505262913288,67638.75102455674,45085.719444202594,43581.47631913504,41188.30742905108,43462.113602035795,51005.23134751918
2023-01-04,32156.39018993304,67638.75102455674,45027.93728398285,44286.83258369199,40311.343078517864,40319.68551704281,49077.63303929015
2023-01-05,31538.384601693186,67638.75102455674,45058.0264298962,45258.62729115466,41591.60613414668,44561.48812530154,52397.905513983445
2023-01-06,39275.10679605006,67638.75102455674,44979.509543006825,45959.00476061613,40599.909266344934,40844.231595634235,48182.5578333856
2023-01-09,26580.490119942726,66536.85703945188,44941.11560263588,45564.98116002204,43711.90435224548,50178.17717496926,60944.783710720156
2023-01-10,12498.09495961543,66536.85703945188,44941.19157070157,45237.45919514422,44777.864807443584,51424.28695506876,61156.2223851988
2023-01-11,13065.795848605378,66536.85703945188,44932.88928383262,45429.32867278309,43459.54161369462,45708.47793338406,55220.77944788869
2023-01-12,1793.1783969054347,66536.85703945188,44956.61322001646,46013.308387340054,44226.48466133876,47393.571932648796,58508.547691992564
2023-01-13,4125.417666117504,66536.85703945188,44864.96165929512,44410.81507392564,43185.85734886791,43319.607242013655,53545.93278451573
2023-01-17,13948.674371620118,66536.85703945188,44866.20667464333,44637.94299207993,41965.90419165926,39355.46408731188,45899.0989810533
2023-01-18,24848.732574301583,66536.85703945188,44866.79885281448,43926.06706888479,40836.6773079918,36418.99297303048,46792.618149146234
2023-01-19,28422.90871048737,66536.85703945188,44867.13027244637,44991.841628619724,39613.02745196956,33633.9388086193,40503.05841093419
2023-01-20,20813.89385579114,66536.85703945188,44860.805234545194,44640.42775595988,38417.40959359364,31442.97960330117,38541.03165057796
2023-01-25,17375.20281017967,66536.85703945188,44866.18651531178,45111.882657486196,38119.616183743776,33147.36472447919,39349.60659614504
2023-01-26,15766.070803137174,66536.85703945188,44871.455246489735,44776.829589713285,40018.75421863174,41490.30007229952,51745.88993573585
2023-01-27,17597.21556247915,66536.85703945188,44890.07566487045,44029.053572452416,40169.50727551889,41905.86628279302,51885.15330257568
2023-01-30,11592.371403883579,66536.85703945188,44890.95419025537,43791.806167140894,39083.915040695865,38315.53745904001,47268.15115762589
2023-01-31,10146.124999761625,66536.85703945188,44890.13664233367,45270.319781440725,39353.604907574016,39879.13774228399,45243.01922842805
2023-02-01,14921.11287950156,66536.85703945188,44885.23823974063,45253.19254111658,38336.40980908615,36886.75351016784,44471.687955790585
2023-02-02,8170.102744202868,66536.85703945188,44916.54758467311,45980.45641838378,39475.8800713741,41450.417146966895,52213.58778141656
2023-02-03,-3910.945644774346,66536.85703945188,44908.90476787784,44958.40051094739,40336.118531642074,43933.913424919636,50749.95488817739
2023-02-06,-6232.383583100344,66536.85703945188,44912.120364352806,45173.783414296726,39350.52908971947,40208.81894647835,48624.07443825491
2023-02-07,5293.215773189802,66536.85703945188,44919.88616401519,44706.95411270448,40136.06944737647,42810.53353768672,51532.05267763621
2023-02-08,-31.651181127451306,66536.85703945188,44900.32283644295,44806.243980715764,40131.36222276105,42410.752272158184,49261.005573657196
2023-02-09,-12201.26365580378,66536.85703945188,44897.246141302116,44967.53858568639,39191.18942133734,39157.946474528915,48956.8139222547
2023-02-10,-3354.7351884580644,66536.85703945188,44886.73075162624,45107.804655418506,38090.22311519656,36015.11444159629,48163.57850212189
2023-02-13,-2972.656804843517,66536.85703945188,44896.98276260144,45039.16796292187,37649.52750259601,35741.799872724136,41822.71665677788
2023-02-14,-6053.770627671068,66536.85703945188,44897.67881485591,44268.66588948053,36570.136827635,33253.32922570557,41182.950341015065
2023-02-15,-17353.200311821296,66536.85703945188,44854.80943510843,45506.39249199502,35585.0533131692,31616.598872117047,37925.78343270065
2023-02-16,-2842.6532034918714,66536.85703945188,44849.56478470993,44785.97898291234,36154.92543379517,35641.0205463979,39246.33402140992
2023-02-17,-16767.030838311457,66536.85703945188,44782.535533645125,44761.74114516707,36096.07969872292,36457.35302299955,41274.07325507731
2023-02-21,-11590.08087234381,66536.85703945188,44790.70270274441,45025.30215511501,35658.500563583475,35758.52630439431,43558.402031913676
2023-02-22,-5966.4622749093,66536.85703945188,44773.149061726894,43962.87644132181,34614.16470066961,33195.43829688381,41574.054431224096
2023-02-23,777.0507782113223,66536.85703945188,44792.03833522119,43845.30420883677,35433.6070632496,37194.25186343454,47994.615954235254
2023-02-24,5984.280198041964,66536.85703945188,44773.03497541644,44199.713874987545,35201.92860752979,36806.67211862502,44759.54139909572
2023-02-27,20346.55682076867,66536.85703945188,44785.772245588065,46430.46506172193,35329.523238099406,37624.207380057036,47151.530179038615
2023-02-28,16546.529520490996,66536.85703945188,44730.90348894449,44986.384202015644,34254.10528463658,34511.24794780498,45595.017966324645
2023-03-02,8768.034798413624,66536.85703945188,44724.46755050983,44302.47828510281,33656.68491648181,33573.45486527001,40745.04207809095
2023-03-03,5059.985116150684,66536.85703945188,44725.50350680584,44846.263560856896,32749.400421147937,31775.720368983628,39413.68508007973
2023-03-06,-14255.492379593197,66536.85703945188,44758.72667151494,46448.24156338586,34829.07010752352,39499.310717702174,48422.93567634662
2023-03-07,-17059.919796036975,66536.85703945188,44753.01723206331,45343.25371407228,34991.16902383163,39542.46704850222,46619.98665515814
2023-03-08,-27799.086339969705,66536.85703945188,44755.68417476237,44617.36834878478,34304.16145865731,37113.8810090343,44119.20386199402
2023-03-09,-11709.412788395643,66536.85703945188,44737.05244214556,45070.3326937768,33555.456007201035,35039.05348945303,41755.03495139784
2023-03-10,-3657.8198048920535,66536.85703945188,44737.84933385028,45147.335030815135,33387.14858341158,35186.92997787208,44806.61671469882
2023-03-13,11333.564569997397,66536.85703945188,44755.071227950044,45239.84410246952,33968.514395740545,37476.006525433724,44040.34628690103
2023-03-14,7927.768869542343,66536.85703945188,44751.94544143895,45202.304424587215,33405.96162526322,35804.60949085396,40731.02460422046
2023-03-15,24760.426733682085,66536.85703945188,44817.40582963436,44181.123532011625,37433.473466528434,47312.330416680205,62947.07111081039
2023-03-16,17631.745869619732,66536.85703945188,44826.199715264585,44552.05092040753,39684.31925054339,51063.9796297364,57848.983605310095
2023-03-17,18039.840705518312,66536.85703945188,44790.08237535297,44059.34061522397,38573.99378816335,45301.86150912246,50600.23954124302
2023-03-20,15269.973899923874,66536.85703945188,44787.623434518086,46124.62848817276,38421.24448632245,43476.15578396965,48278.63586955072
2023-03-21,12085.644177566774,66536.85703945188,44787.14556110198,44582.12037313604,37272.003438529115,39164.3836516183,44423.25834345602
2023-03-22,13843.487454519816,66536.85703945188,44758.1922351494,44746.87733200853,36235.74282731529,36028.581853127514,43409.63466637545
2023-03-23,15506.685911108067,66536.85703945188,44765.45623280918,44997.07277608253,35816.2711839423,35541.06418416296,44424.139900108916
2023-03-24,17613.882768827556,66536.85703945188,44764.2751746701,45125.36341803992,34879.401169222736,33411.67425136692,38210.68182995216
2023-03-27,19955.21900132928,66536.85703945188,44763.71133697524,43912.84348459194,34225.775676936835,32680.302974928814,36884.513633611605
2023-03-28,25978.78678843051,66536.85703945188,44741.93164317733,45956.9053739189,33301.02509148779,31150.47321089817,38491.50297101411
2023-03-29,23742.462601395582,66536.85703945188,44744.32230717757,45163.50705897211,32659.136439148886,30892.25303730979,36821.485341405816
2023-03-30,22899.773891442022,66536.85703945188,44758.46219207425,44702.40125449235,32942.470288404686,33686.7347825715,44390.741627402065
2023-03-31,13607.284441382566,66536.85703945188,44745.515104945596,46155.46793562982,32490.514666578765,33272.08320307232,44880.836266891434
2023-04-03,16546.386074963015,66536.85703945188,44751.84774168156,45789.160530893016,32565.2425513591,34577.06416012228,46763.909686394734
2023-04-04,19267.94725837202,66536.85703945188,44754.84406501188,44485.850338910604,31947.3774191026,33337.32474341421,43040.50297098377
2023-04-05,15283.750690157573,66536.85703945188,44744.237420073296,44687.109610437474,31043.202187874955,31421.536204785534,39523.30501449519
2023-04-06,13554.492348969667,66536.85703945188,44738.07038170104,43125.22098170941,31146.127389727888,33110.3646594029,42401.02723174106
2023-04-10,20039.319174743116,66536.85703945188,44744.69007763676,44432.710921288606,30764.233555044895,32819.767566557166,40619.3333142674
2023-04-11,11836.903128146054,66536.85703945188,44770.38143802828,46599.06879169258,32151.68041704409,37762.20686502828,48838.287079772796
2023-04-12,5309.267234908898,66536.85703945188,44761.508463405604,45121.04723811567,32269.42442054853,37670.077235851815,43034.09731099722
2023-04-13,7551.312025516475,66536.85703945188,44759.8331984889,45133.1048468981,31430.53603478341,34935.59128533951,43073.92436199531
2023-04-14,-4763.661517470473,66536.85703945188,44764.94306125831,45423.403015971606,31022.04080622966,34099.66514100622,40464.72952406174
2023-04-17,-13661.915346966525,66536.85703945188,44758.98434537485,44551.29552758767,30171.31859882561,32095.569680614757,38903.24080800269
2023-04-18,-19455.960402272114,66536.85703945188,44757.04805349612,44419.72502383212,29293.311521195075,30443.79594765978,36028.24196547889
2023-04-19,-29314.900475124945,66536.85703945188,44756.25352629041,44446.62008852367,28400.93090189946,29090.30410712008,35913.5353252227
2023-04-20,-34034.310652140324,66536.85703945188,44753.92403624997,43782.675293175475,27536.133553364565,28094.665295943396,32892.39051971482
2023-04-21,-16087.15010714057,66536.85703945188,44767.27749694025,44346.148115313285,28467.224754916908,32766.341608451017,39561.51903999907
2023-04-24,-6750.384517636983,66536.85703945188,44778.44892795595,45954.0473866403,29016.127671658956,34861.065837007736,47625.231189178194
2023-04-25,1126.065016562333,66536.85703945188,44783.685217908875,45585.01645469913,28730.107602765656,34065.15770522511,39962.779500487
2023-04-26,4889.555486496282,66536.85703945188,44806.74747127661,44202.91476299619,30545.97835007548,39158.200779711166,52156.56228118662
2023-04-27,8376.458200209425,66536.85703945188,44809.81499266154,44674.813087290066,30250.01381138641,37351.891627893325,49785.34477962665
2023-04-28,388.53051780161735,66536.85703945188,44837.47925094779,44232.70210996495,32075.221420225727,41644.295549912946,57324.17728763857
2023-05-02,-5600.764422572533,66536.85703945188,44838.53242453583,45265.340297716764,31237.00414669479,37893.852463692594,43659.086131869895
2023-05-03,-9107.524203886645,66536.85703945188,44839.84692431064,44686.999904493365,30575.957016435405,35501.00085074687,46836.07267598684
2023-05-04,-4654.804084428696,66536.85703945188,44851.01152107619,44664.3107530047,30638.53142786993,35741.15663807998,40766.528099471965
2023-05-08,-7413.09513329009,66536.85703945188,44851.08194203208,45082.206352582434,29754.948056696358,33142.47405810292,40935.25246297692
2023-05-09,-11448.99602634999,66536.85703945188,44801.20736571433,45753.192170848015,28984.904285664816,31449.273437407905,40922.00271542759
2023-05-10,-9405.845504253855,66536.85703945188,44795.96778532186,45630.936934180594,28490.379644022178,31005.53042467217,36417.99518117114
2023-05-11,-322.90734657368716,66536.85703945188,44795.18612265744,44910.58148257972,27623.70073008511,29466.905259668314,35309.991864774216
2023-05-12,4677.323052601857,66536.85703945188,44795.014643145754,43901.62015752812,26861.849199557455,28585.817276621987,37662.38680680315
2023-05-15,11431.501747807888,66536.85703945188,44790.284555867795,45405.064285326094,26564.50254509206,29340.317344496016,33829.810806057925
2023-05-16,17780.132991788614,66536.85703945188,44786.826973421434,44862.904971660406,25860.758502297398,28550.862931073854,39433.462528662305
2023-05-17,20107.52200183851,66536.85703945188,44781.90194851603,44635.05037004853,25159.510875927008,27891.154964335376,30176.158134732137
2023-05-18,7664.85655479396,66536.85703945188,44781.80414453749,45953.94313059667,26887.62845375838,34264.86266365732,41604.745894627085
2023-05-19,1377.9466115771713,66536.85703945188,44784.85516314086,43980.584268398554,26421.41014501554,32837.385343257636,42458.38611518772
2023-05-22,1513.4592316832463,66536.85703945188,44786.69202474251,45653.097168916305,25837.34842235033,31435.08900049905,40576.98306632249
2023-05-23,3989.08448247194,66536.85703945188,44791.35245080428,45743.10081899763,25702.951868704768,31617.661463234796,38204.96876027205
2023-05-24,3490.1426072309005,66536.85703945188,44789.693289033,45076.921544887875,24935.474437854937,29958.891143222056,36156.68340074702
2023-05-25,11417.185405045095,66536.85703945188,44792.71388917463,44449.621149820196,24599.174591550112,29884.62111928299,36680.69532771389
2023-05-26,20286.723063353784,66536.85703945188,44795.22925245201,44633.82857119822,24136.14161801012,29413.530960777352,38487.93565919298
2023-05-30,18912.33771533679,66536.85703945188,44796.85292869091,44760.97760191289,23667.63973038452,28995.135549272523,37232.794020851405
2023-05-31,12876.010189734274,66536.85703945188,44808.686973321164,45020.09206514761,24615.78389033731,32481.414006999086,38224.97950273042
2023-06-01,14141.804666754855,66536.85703945188,44776.562703995536,44258.59005789965,23867.1392743148,30404.066598922745,39154.55139142501
2023-06-02,14205.98060148035,66536.85703945188,44773.87308499906,44155.40239212666,23797.84123322932,30712.220419964357,42501.019101756916
2023-06-05,10436.37575425874,66536.85703945188,44779.48349080697,43407.80212644861,24290.63682417657,32384.266233675888,36782.99337109058
2023-06-07,12889.81277213036,66536.85703945188,44774.23557603163,44195.33721779448,23618.752817491673,30583.662144993734,37802.32924838052
2023-06-08,3617.94415471231,66536.85703945188,44763.99666787556,44595.26723685727,22931.632284432664,29123.056893217865,31912.49012624485
2023-06-09,7887.518035393703,66536.85703945188,44750.80458369962,44901.835496062195,22310.481840473534,28122.325077001402,36200.886558793645
2023-06-12,5914.925475089359,66536.85703945188,44754.773634492,45047.272398512934,22353.588275400492,29176.632290277674,34438.980256485826
2023-06-13,855.0919127621628,66536.85703945188,44745.75237961898,45376.80206069923,21851.63263284334,28406.76604180447,30918.587656025502
2023-06-14,-9274.792245156032,66536.85703945188,44748.93955821741,45781.84643195854,21749.390166532117,28942.998090151952,34077.50694258853
2023-06-15,-187.9373741207488,66536.85703945188,44770.11492966533,44095.72816950321,23599.139450863968,34085.193589449926,43259.71456007008
2023-06-16,-9529.976841182548,66536.85703945188,44779.42058821588,44300.08135062721,24015.788414967203,34463.92967618487,39546.004612565666
2023-06-20,-9987.153473249522,66536.85703945188,44780.83051281178,44929.3156178241,23492.922224867412,32536.609976485703,38381.27201427287
2023-06-21,-6751.832392174903,66536.85703945188,44779.72388302154,44664.71640355308,23068.75082402396,31315.92720361037,39380.71120039513
2023-06-22,-3297.779929061319,66536.85703945188,44791.722335602615,45679.25816523234,23749.94824757089,33109.07891386718,39139.16803711173
2023-06-23,-8417.09061560978,66536.85703945188,44790.88346522585,45060.809548368175,23047.395967897563,31083.201954584452,33664.99846898769
2023-06-26,2048.7352755340794,66536.85703945188,44795.054214516254,43572.81863245289,22815.06300735722,30708.868037397402,39362.53674546478
2023-06-27,8943.861214462077,66536.85703945188,44795.865680931376,44524.28294306162,22265.644816263026,29619.217395101838,43458.772174571204
2023-06-28,5149.618453123165,66536.85703945188,44795.83365319288,44991.70241735737,21592.38605924015,28459.890261761135,35283.202896077375
2023-06-29,-4145.908156400995,66536.85703945188,44782.94656548805,43993.87237782971,21239.809085655117,28368.35355245868,33558.05303254979
2023-06-30,-4679.934873047917,66536.85703945188,44786.64467439477,44776.57324931323,21324.978937365697,29355.769108799832,37598.613498446735
2023-07-03,-12236.725785067341,66536.85703945188,44797.90977604256,45507.85757569579,22442.6530000852,32500.83014685211,37296.20923502105
2023-07-05,-9526.565503002079,66536.85703945188,44817.85619938881,44617.45083123873,24531.147409801997,37021.87811114357,42358.946987313044
2023-07-06,-306.9230433945681,66536.85703945188,44816.387134177465,44417.56289379943,24181.600610232323,34833.58495695401,36766.71310692771
2023-07-07,21300.878722149697,66536.85703945188,44859.636570913775,44828.838004245496,28068.02560600174,43049.867237399434,56784.19330522601
2023-07-10,29134.659347517776,66536.85703945188,44852.428206289784,44470.68817889927,27914.88554009292,40208.66965361476,46939.919821128395
2023-07-11,30890.43856109031,66536.85703945188,44852.5779858255,46753.984249504014,27079.424714715024,36377.25142651547,49345.00104164434
2023-07-12,24631.19968300091,66536.85703945188,44891.98660977719,43604.55657919451,30129.472245285986,43042.975391023094,47708.33300810993
2023-07-13,22944.99722235444,66536.85703945188,44901.104299729835,45164.035253957,30129.335764493433,40868.89868827546,51535.94655273859
2023-07-14,11118.43300523989,66536.85703945188,44903.12152576685,45379.84054940311,31618.51756816724,43020.814445557095,52690.59146833929
2023-07-17,10168.100323546525,66536.85703945188,44898.471360461575,44783.6542446492,30885.16170201129,39162.55914646363,45453.44016263297
2023-07-18,10064.33038324855,66536.85703945188,44828.677371065336,44596.55581650759,29974.145976176165,35708.17346522294,46176.33625410315
2023-07-19,8400.634052416164,66536.85703945188,44836.45693754528,44962.07275269515,29847.3113109385,35197.965011850094,40187.48779303757
2023-07-20,-9788.730834935057,66536.85703945188,44786.866892792,44617.338592712935,29407.04769564207,33958.816575128636,39378.695879157116
2023-07-21,-15426.217205040615,66536.85703945188,44787.19022215836,44950.82514627138,28665.350939562257,32085.81735094663,37852.68718142789
2023-07-24,-5394.22375999502,66536.85703945188,44757.36900088503,43948.49313185234,27908.852405940637,30581.6435375091,35966.506971062176
2023-07-25,2663.873764728253,66536.85703945188,44747.799408968465,44393.82899601209,27085.481425155347,29190.31588198095,33958.42562593673
2023-07-26,1094.456790604575,66536.85703945188,44745.973037875854,44860.919370905285,26675.161960427537,29382.97423383404,39629.448998531305
2023-07-27,-1682.0306071977705,66536.85703945188,44794.75155891293,45597.26282357848,31478.85137324049,43209.13992981661,48678.91386611284
2023-07-28,5618.080004778647,66536.85703945188,44812.392022377026,44029.058114490064,32164.095684509302,42939.57944701886,46894.96605598125
2023-07-31,-5862.4099361668195,66536.85703945188,44854.00948069137,44145.71135668037,34749.920614401846,47687.73613831737,61989.45533319044
2023-08-01,-20920.007044354363,66536.85703945188,44866.60065128178,45517.90862395777,35591.25701286319,47149.20070905148,53969.46865051292
2023-08-02,-25117.27131180926,66536.85703945188,44862.343986851345,42855.89938806973,34611.40240158948,42093.69384543728,50157.34651649308
2023-08-03,-2240.135167979598,66536.85703945188,44946.295001373364,44981.81249935985,39844.84445975414,54620.04202571708,71637.82432078851
2023-08-04,-3138.5567452794476,66536.85703945188,44920.799839461666,45417.031838718154,38640.36881214593,47777.09153463795,64132.383760563454
2023-08-07,-6025.7904728968,66536.85703945188,44919.20604844978,44397.00015344509,37469.85287274246,42364.452748814496,50640.889252631234
2023-08-08,-3812.4829199745227,66536.85703945188,44930.787288870946,46332.80043917233,37138.15307032378,40608.39242454645,49277.35251073981
2023-08-09,-18972.738493238383,66536.85703945188,44927.9820529419,45013.893022408905,36105.034742821495,37049.10820297759,44425.250619684935
2023-08-10,-25623.83179947572,66536.85703945188,44927.77978916241,45222.83021309113,35834.80386613875,36795.64315017099,44390.237658612394
2023-08-11,-27346.43903605569,66536.85703945188,44924.10182240466,44381.529709832655,34800.37108455022,34015.87529265176,43516.4721827529
2023-08-14,-21198.52870918278,66536.85703945188,44905.07951217695,45425.88813334409,33871.0541865178,32211.950153723916,38874.8008635596
2023-08-16,-15959.496323664043,66536.85703945188,44903.675659016306,44582.64035309642,33201.71799237394,31702.19746004502,37581.812424860436
2023-08-17,2770.47211340319,66536.85703945188,44990.85955645082,43524.33530771295,38978.0535151147,49650.88845696928,58642.44305626597
2023-08-18,7563.053760264042,66536.85703945188,44989.920410968116,45277.62953250307,37799.26948551726,43984.74341124668,59325.87022075695
2023-08-21,9957.07507562765,66536.85703945188,44992.743817634364,45097.58795617076,36886.50904553373,40265.96515211844,45600.95780519243
2023-08-22,13558.896289223205,66536.85703945188,44994.292833605075,44530.81091255054,36091.42232384512,37677.61641754278,44627.02403708888
2023-08-23,20274.795315550145,66536.85703945188,44993.937208514646,45276.97208497689,35037.309431248505,34810.64536713648,35247.47743132718
2023-08-24,22667.22315980208,66536.85703945188,44993.014684855625,44564.220454657865,34022.28058514764,32635.342580854478,39519.60110777419
2023-08-25,19366.508050667042,66536.85703945188,44989.22584744753,44644.81602879665,33408.634220401735,32252.540051871492,39061.70357294383
2023-08-28,17560.986425890183,66536.85703945188,44976.12796000962,44433.108658836914,32410.915158210788,30621.66503541454,34901.618420895764
2023-08-29,9841.061543865213,66536.85703945188,44987.5673023049,45040.530221840636,32813.38417198946,33873.375200823444,38336.09810274451
2023-08-30,-3456.2783332740596,66536.85703945188,45005.90627672581,44545.63319752731,33451.90760319848,36717.51776977704,44556.89888605027
2023-08-31,-11927.895227815445,66536.85703945188,45001.09290013886,44196.18994565679,32806.139906561475,35032.345758926866,36819.02564182308
2023-09-01,-10284.712684126614,66536.85703945188,45000.31290190952,44971.69417773103,31825.492287657748,32633.260078692456,38900.184581324924
2023-09-05,-5882.6856697434905,66536.85703945188,45002.54836255141,44341.78569444467,31047.148259437625,31316.04802710266,37415.389089696284
2023-09-06,-12658.112542295628,66536.85703945188,45001.593651884745,45138.1413220261,30103.826659613063,29675.96838893284,35975.05753416384
2023-09-07,-11358.592239849662,66536.85703945188,45007.09065785745,45060.08110761332,29924.42060689551,30748.40223931786,32862.889710719624
2023-09-08,3215.1077546704787,66536.85703945188,45013.880698676636,46308.981980870245,29598.578204158486,31066.548036746954,33374.596835491946
2023-09-11,-500.5161307808357,66536.85703945188,45014.23423724668,45273.65235588718,28873.236962772546,30055.246473749885,40508.24880358303
2023-09-12,-6508.163046158511,66536.85703945188,45014.91632208395,45092.717533531024,28077.530088139683,29027.04606295335,36819.80878570121
2023-09-13,-4475.352309450301,66536.85703945188,44948.306850976005,44387.04798266216,28677.999694512742,32419.69216234476,35432.11196758342
2023-09-14,-3420.1384082047034,66536.85703945188,44943.73543665006,44535.23516166774,28241.11244588179,31767.52125704813,41155.26771528744
2023-09-15,-30128.452738088632,66536.85703945188,44963.98363974796,46019.4200803943,30187.04249907876,38048.37094866432,45540.558693595456
2023-09-18,-30162.496565763355,66536.85703945188,44955.30361302161,45435.42310694601,29308.339349307324,34838.104928339264,45886.249806859945
2023-09-19,-33293.33568292772,66536.85703945188,44957.80680462635,44483.98452025494,28940.236839256755,33804.65460548511,41365.9894670494
2023-09-20,-38749.79377668288,66536.85703945188,44964.230818430595,43726.44389827167,28786.143282868896,33590.39015610168,41826.318955160175
2023-09-21,-32816.64032760317,66536.85703945188,44966.86422864815,45330.41240921568,28140.81172709646,31963.365770351687,35687.833635833456
2023-09-22,-34803.78757337601,66536.85703945188,45042.27366061989,44542.85322198509,34626.412712922225,48820.36146760485,60418.33776258836
2023-09-25,-35612.05880187484,66536.85703945188,45042.87979080947,45745.45473761885,33609.25488870515,43290.35945598554,52529.3246031524
2023-09-26,-21421.39886884797,66536.85703945188,45054.20752388468,45009.35440932495,33935.0874122997,42491.39536617695,53231.55030295385
2023-09-27,-12646.923259333438,66536.85703945188,45088.17342910183,44255.39667214906,35519.19728676386,45050.820535889645,54834.03000649572
2023-10-04,-1556.8548578567543,66536.85703945188,45090.77959697,43952.78038540093,34663.72925682448,41226.15303530229,56582.54779522755
2023-10-05,21756.549102488552,66536.85703945188,45192.25083992053,45866.599706303066,41212.37276416768,55967.83489495329,61497.3207335396
2023-10-06,17920.026991919913,66536.85703945188,45184.075018898344,44703.64735882878,40042.774385927485,50031.19284818412,65831.86949210796
2023-10-10,6534.5688078082885,66536.85703945188,45195.48124443366,45935.15157671514,39765.385593750834,47344.09374665325,58664.174334668045
2023-10-11,11234.149879265397,66536.85703945188,45128.691490289035,45033.34781451143,38616.86910349598,42774.265512166705,53910.035477051904
2023-10-12,-10785.155563530612,66536.85703945188,45184.6291321348,44923.64204622788,41580.73145393261,49821.12780609138,55483.519117966505
2023-10-13,-31339.1098012656,66536.85703945188,45188.99762482878,45961.44705832466,40736.608976645635,45843.24063514315,60191.59269393906
2023-10-16,-36173.61926685955,66536.85703945188,45196.01274781951,46583.16107636934,40203.246804665854,43173.82693247722,54835.732025935846
2023-10-17,-34506.74874772224,66536.85703945188,45190.16384177419,45852.09497361253,39422.646656911995,40139.98635369011,48142.09252942124
2023-10-18,-25592.845186687857,66536.85703945188,44894.78842325703,44801.2476317628,38408.62953840989,37350.86212940156,46450.98112136195
2023-10-19,-30231.614470647342,66536.85703945188,44892.22173433991,44412.455853245185,38549.84248628317,38600.60843674465,45707.06843750434
2023-10-20,-31133.27659021888,66536.85703945188,44963.93338433631,44989.23972841357,42550.297679690244,50442.905820068714,58907.0368187865
2023-10-23,-19259.17589455299,66536.85703945188,44932.46288598624,44819.64737141732,43459.912436872146,51366.60610773142,72205.82124482682
2023-10-24,-10439.313802182114,66536.85703945188,44934.2526043652,44683.160293511915,42304.90158394993,46165.219301395795,55327.2012841953
2023-10-25,-31826.944821957593,66536.85703945188,44975.45648283715,45058.31303118488,43722.246825392765,49447.847779322285,57718.887707861424
2023-10-26,-10254.450622092541,66536.85703945188,45023.26878716711,44595.23083583412,45266.99882284484,52443.89410003838,64275.003631395964
2023-10-27,28413.16695996606,66536.85703945188,45109.5505929133,44818.00715775022,48865.20758141469,60460.67355214184,81444.45721887665
2023-10-30,37160.10315126557,66536.85703945188,45109.432956115306,44172.562873557144,47399.06559626026,53348.71771905235,58279.49222952806
2023-10-31,61761.562994608015,66536.85703945188,45112.82139077397,43881.94105984401,46556.83780062244,49234.35521488938,60297.139478116624
2023-11-01,62960.15586904884,66536.85703945188,45127.17786456175,45412.95936691496,46734.48888570696,48992.17091918491,54446.68529058377
2023-11-02,48731.50793855219,66536.85703945188,45142.34344773751,44871.43909115877,46774.00622997408,48425.81706707444,56455.20359313708
2023-11-03,20449.823484776956,66536.85703945188,45277.808483078166,45541.51401748559,53183.49363840808,65990.51703588845,77585.93402184789
2023-11-06,8646.21316893314,66536.85703945188,45292.4146887765,45251.15414595658,53081.697768289785,62217.03607267624,72278.72540927702
2023-11-07,-27531.13457551781,66536.85703945188,45516.644055866076,45323.795775324426,64456.77829608373,89194.018966732,102493.91680784198
2023-11-08,-1421.6998583716154,66536.85703945188,45534.7228992235,44946.20868171769,63382.70595553912,80019.65114797822,100680.5188324778
2023-11-09,12301.788019153297,66536.85703945188,45514.773054142024,45631.25367844654,61796.96226140545,70957.22686290667,81608.67440636164
2023-11-10,21640.054661385428,66536.85703945188,45528.0065446304,45008.884269513095,60480.04105943049,64122.21131789019,74271.86066518402
2023-11-13,18442.951844633513,66536.85703945188,45505.29137357627,44858.60856492739,58688.10583735381,56792.527795665126,66626.15596327915
2023-11-14,32855.172139262155,66536.85703945188,45514.16238876644,44843.28874439429,57365.17241414521,51899.75973429378,66953.5078637406
2023-11-15,17994.94584949429,66536.85703945188,45579.625789910846,47082.01767161901,60066.69545266698,62067.57534341527,71822.16843289229
2023-11-16,9714.512371358182,66536.85703945188,45594.64357289786,46847.74663230689,59259.93945239373,58369.92295734084,70373.81208838041
2023-11-17,4320.013486619307,66536.85703945188,45596.77275875269,45702.24783255722,57570.23232407832,52190.734255686235,64821.55968603211
2023-11-20,9270.030059862112,66536.85703945188,45603.07932679935,44819.16024993852,56194.60290318732,47924.26244614077,54546.70777197251
2023-11-21,6426.793831536127,66536.85703945188,45623.97362221136,45129.43397807073,55596.96048551373,47287.348872294446,54955.68447511628
2023-11-22,6191.072625188634,66536.85703945188,45614.43829431116,45123.277896735075,54033.67622969616,42942.96894367179,51180.098602792394
2023-11-24,9906.97371546638,66536.85703945188,45612.41548875651,45192.5961872844,52389.22304229832,38705.224442677376,46313.52585072822
2023-11-27,11909.62451061545,66536.85703945188,45611.285910342434,46621.724461255624,50895.66192202524,35693.372677675776,38698.94062312275
2023-11-28,11049.49267283949,66536.85703945188,45610.78866942779,46072.17356892745,49345.58563832655,32825.529705790526,41718.5621686019
2023-11-29,140.4212974354651,66536.85703945188,45619.80508075638,47308.54465865918,48419.25685009988,33527.09420954894,41746.65459354781
2023-11-30,-518.7838104137353,66536.85703945188,45619.600210413446,46038.425549803214,47070.93367039015,31845.851955688046,34585.21960688582
2023-12-01,-5218.108635036826,66536.85703945188,45623.428351382616,46319.594275681884,45926.40939302723,31334.605355738182,38671.876441780834
2023-12-04,2512.2931781683124,66536.85703945188,45623.174929795874,45719.77859977179,44532.43022941326,29504.035737684808,34512.37183926203
2023-12-05,6745.736291342072,66536.85703945188,45596.44715514084,45534.08949595597,43195.277918934895,28256.43582119702,31050.952473247402
2023-12-06,15741.81814136583,66536.85703945188,45604.56476190178,45798.49103163423,42372.8488622933,29646.651978225254,36383.41306488143
2023-12-07,15270.824628626122,66536.85703945188,45598.897775380065,45642.487760162345,41164.93324802932,28644.722040256966,36910.301194207546
2023-12-08,25353.55904125099,66536.85703945188,45598.93199567634,46194.60500968566,39919.7175338731,27421.73533665553,32835.4289655287
2023-12-11,19144.11557019473,66536.85703945188,45611.38005796624,45857.59002285942,39776.12130164992,31493.326764294136,35175.171313582
2023-12-12,20576.69135829319,66536.85703945188,45572.595220419935,45454.01765602754,38781.39242066088,30292.590712375324,36702.77874292087
2023-12-13,20884.39401681152,66536.85703945188,45570.34016267345,44959.531231822984,37932.897082050215,30075.237354796205,36925.74502406572
2023-12-14,22602.069491659724,66536.85703945188,45570.889271025815,46266.12675348925,36832.27842220518,28741.869779867127,33701.411297836086
2023-12-15,12954.471825151442,66536.85703945188,45593.97583542278,46528.44073714596,37674.94688143683,35311.500009890515,39928.46624641457
2023-12-18,10689.498585302008,66536.85703945188,45593.819008052385,45347.81279753441,36549.02588528547,32679.9694376108,39618.726625877345
2023-12-19,5705.384941084279,66536.85703945188,45598.31983691767,46106.15321401612,35927.08357699592,32421.892998839146,38032.210558975436
2023-12-20,8157.372282607252,66536.85703945188,45591.58943114111,44822.73064956013,35249.73931678571,31849.586250753353,36113.79044327103
2023-12-21,9926.721093529426,66536.85703945188,45591.32844317039,45700.641621806426,34433.02424385231,30871.654631138153,36779.41657262056
2023-12-22,11371.613212476943,66536.85703945188,45587.703018285356,46565.64534427718,33385.27490563866,29145.713268656727,32459.16873859875
2023-12-26,3207.3396955573426,66536.85703945188,45587.91448956461,44907.06034932832,32408.917902766236,28000.65483886582,29683.225040804555
2023-12-27,-2309.6448460729544,66536.85703945188,45583.09208388709,45509.085855201396,31424.53195510493,26939.65127661166,30499.248441905987
2023-12-28,-6868.425406704565,66536.85703945188,45594.298774683346,45550.271489940846,31639.087842773493,30551.38383780707,37790.437747710035
2024-01-02,-8301.89390395744,66536.85703945188,45594.03030493291,45544.647667822515,31346.977919485173,31213.81067033288,35245.34261231164
2024-01-03,-9136.37789003166,66536.85703945188,45594.155416524365,45462.00823366246,30431.81534245923,29619.716337367063,35232.493573372834
2024-01-04,-3172.804789458342,66536.85703945188,45621.71598895647,45633.934010982506,31861.649103459134,35893.81528507672,43320.96616933499
2024-01-05,5687.188531199609,66536.85703945188,45631.57417110202,46968.07747031625,31778.579594004248,35839.677466798115,46447.55775237448
2024-01-08,-1214.8488696337597,66536.85703945188,45632.410751445015,45831.38679204394,30930.51685525084,33476.50736104585,38450.29517194313
2024-01-09,-14395.365826973926,66536.85703945188,45634.763884563516,44480.09204129934,30343.287261437785,32402.432763624885,37153.71979833521
2024-01-10,-29707.978602515555,66536.85703945188,45634.51939718371,45183.2177398887,29423.029838310224,30481.830740720972,36732.381537444286
2024-01-11,-21994.059552511884,66536.85703945188,45636.95864667989,45706.12604656512,28868.256013543432,30103.913034014528,34588.019704207465
2024-01-12,-17891.681615100293,66536.85703945188,45631.359561660756,46757.16869864966,28249.814617749253,29527.765964054943,34578.30288301429
2024-01-16,-13551.047975310432,66536.85703945188,45630.37395764555,44785.98576550025,28054.227977686838,30365.118348587257,33491.46822795856
2024-01-17,-2336.911453230045,66536.85703945188,45658.231867720286,45843.30841123576,29796.59973383624,36525.85326143501,40322.04200431319
2024-01-18,10015.960410826534,66536.85703945188,45725.87188863208,45868.39983935448,34587.294827378195,48692.74693478238,58324.97041050267
2024-01-19,4477.961504451235,66536.85703945188,45728.42695470464,44756.944244847764,33965.843902827175,44247.499576863556,53181.29326063195
2024-01-22,1653.0514418846678,66536.85703945188,45742.13584962681,46143.20074482797,34154.26120006013,43003.56512603775,51420.90831873453
2024-01-23,2210.4240691387276,66536.85703945188,45739.27579603463,44860.96485612084,33118.209190872345,38726.59879588369,45792.10927058075
2024-01-24,464.89916761732826,66536.85703945188,45735.84817901433,44483.012844355726,32179.378242461433,35598.517839291424,44226.6814367358
2024-01-25,-5174.182714619082,66536.85703945188,45735.886771253856,46469.90856303172,31370.884152136496,33503.29998230927,41794.5034603386
2024-01-26,5114.515800067507,66536.85703945188,45732.25276892866,45081.73766817772,30460.202378018297,31504.549308060134,34830.21568684765
2024-01-29,12245.74475704078,66536.85703945188,45726.027324986695,45736.02359479477,30032.56491904939,31488.83323716349,39869.28192128776
2024-01-30,4476.552429239231,66536.85703945188,45725.95096845517,46404.259189404045,29118.14170527516,29817.69479631892,36603.139210198664
2024-01-31,4717.6982593492485,66536.85703945188,45722.78647061866,44565.462919959464,28231.268295912487,28560.214703719823,33791.97865832802
2024-02-01,19263.56849473375,66536.85703945188,45723.29203115356,45949.278149127786,29303.273715138403,33698.69870156035,43972.57410366264
2024-02-02,15099.564157392786,66536.85703945188,45716.51663842891,45702.22081625144,30632.823389982463,37853.613746063784,45662.10354028488
2024-02-05,6796.613204051789,66536.85703945188,45753.711491862734,45907.64763432858,33070.23604055755,43913.78568051607,49864.75772490875
2024-02-06,17377.485336686474,66536.85703945188,45744.70508102076,46086.18236827739,33506.809018173226,43194.632198969506,51831.298361723486
2024-02-07,20451.621770818183,66536.85703945188,45743.29500811495,46697.3944348537,32486.708238708146,38812.672035470925,46560.79484275573
2024-02-08,14676.005210780688,66536.85703945188,45754.31619764757,46792.080007733086,32514.460989329902,38409.22477820417,46895.29247599491
2024-02-13,12107.397061892836,66536.85703945188,45719.610808707235,45656.8744017294,32118.02829381248,36882.19261377903,40032.55890324659
2024-02-14,7482.110763531781,66536.85703945188,45720.63590135069,45535.06321585658,31391.124104677758,34685.70044106132,41735.47038765904
2024-02-15,12562.338264956843,66536.85703945188,45720.89255924454,44227.7737381947,30665.16324296941,32977.887113833014,38828.302931158236
2024-02-16,10438.223793586054,66536.85703945188,45720.60881604472,45101.16630493339,30015.472720501824,31891.45905094897,37509.23310417627
2024-02-20,6282.495886985725,66536.85703945188,45714.596520032785,45217.715288268526,29109.76205392247,30181.197908216476,36572.0067119815
2024-02-21,-2162.8507924199394,66536.85703945188,45696.671035769155,45654.70237991639,28369.11901774864,29382.913514684387,35863.445171272666
2024-02-22,5228.456629597215,66536.85703945188,45697.569349600206,45635.19856283947,27572.33877553955,28538.94416192412,32332.811920211414
2024-02-23,-2049.7336425317385,66536.85703945188,45715.55152057116,46239.84025884074,28621.04246377017,33756.84807000769,39218.12745910849
2024-02-26,5000.4738819132335,66536.85703945188,45712.67986017998,46184.99864773256,27785.24876208649,31650.004313383237,35167.914025830294
2024-02-27,3338.516817363583,66536.85703945188,45703.5423363376,46166.98340014181,27326.0822986322,31189.64462251801,36066.48875091484
2024-02-28,11905.041119581852,66536.85703945188,45698.46547044966,45139.79998810982,27642.091172999335,33137.73536615513,36980.35313141203
2024-02-29,7484.506631325893,66536.85703945188,45707.88943752859,44389.49928080204,27827.083216374547,34101.41947468519,36619.1483798829
2024-03-04,11180.773218444889,66536.85703945188,45699.27580669797,45213.658196928736,26996.109254830917,31815.80358479858,39810.930735803835
2024-03-05,1288.8824730823153,66536.85703945188,45717.08938301465,45328.871836451064,28164.057465102363,35828.24774770847,37417.789644920194
2024-03-06,14265.171068621077,66536.85703945188,45725.752876769046,46340.006821458766,28116.501476833833,35339.8431035604,40333.431926307116
2024-03-07,12006.02240337603,66536.85703945188,45725.12377888672,44775.47180210355,27427.88230329248,33182.22201623807,44905.64553212041
2024-03-08,9619.864965442704,66536.85703945188,45725.22769210839,45851.141241782156,26657.135297864257,31283.80231148,35180.79893507143
2024-03-11,-3692.417768962509,66536.85703945188,45723.75136011149,45621.33125944624,26457.690077377123,31478.64053765517,35213.357059333925
2024-03-12,5042.839544685911,66536.85703945188,45708.60603549661,45453.91307788426,25746.242242075386,30080.10588576522,33358.13706384166
2024-03-13,-4041.2760292431753,66536.85703945188,45719.64123107394,46742.1437761477,26828.559143944054,34002.40753096603,38326.2196922048
2024-03-14,1689.3544422174698,66536.85703945188,45719.516177103535,45357.352464350675,26011.69615146056,31646.03771925602,35476.06689297011
2024-03-15,12970.516232036598,66536.85703945188,45718.90293795637,45604.74594189576,25246.988254716885,29980.080205816856,33971.70881626949
2024-03-18,22051.320793054667,66536.85703945188,45742.481667670756,46566.7565407594,26961.015742681313,35394.47831666327,40861.0705100232
2024-03-19,15288.538462296832,66536.85703945188,45739.08199506743,46329.42910439861,27621.601899347726,36625.28057574295,44016.805521464776
2024-03-20,18758.26798884078,66536.85703945188,45734.69164662469,45682.16824185805,26836.771941309096,33850.00068861119,38622.15593433699
2024-03-21,14504.648533357375,66536.85703945188,45708.132876557895,45208.493347985626,27065.805459357805,34406.33847238122,40163.52682004099
2024-03-22,3019.2237134525267,66536.85703945188,45669.29104952827,47098.02014808814,29370.512398079332,40197.894448866944,46181.828139461286
2024-03-25,876.0164753356183,66536.85703945188,45663.39223987163,46624.21941289269,28477.03790830847,36363.83211452866,42193.41044202086
2024-03-26,-7017.786040938,66536.85703945188,45652.38539112616,45677.16126723167,27611.238682416686,33482.740122087525,42105.54451296268
2024-03-27,-16065.089892582257,66536.85703945188,45653.254859796856,46441.39116386302,26903.75686053705,31649.92966484039,35275.16235705486
2024-03-28,-15861.067047482295,66536.85703945188,45653.80969726221,45663.13074712304,26163.328823920547,30106.788373427986,37475.0089894557
2024-04-01,-19197.01725013673,66536.85703945188,45643.842441038476,44507.645461070446,25407.292435113166,28836.736404709714,32450.090958902507
2024-04-02,-20987.88207983121,66536.85703945188,45644.52155144767,44497.50589388863,24756.007466865103,28144.9311751205,33421.89195796912
2024-04-03,-13493.932197273136,66536.85703945188,45654.02704405682,46067.01464668964,25906.38981635785,32698.51468736482,34032.34092135638
2024-04-04,-10959.976715782523,66536.85703945188,45653.480219351055,45347.94204257271,26630.548716871454,34789.04086196177,39845.495363343325
2024-04-05,-17036.35799174886,66536.85703945188,45652.24133022618,44636.26381958129,25920.963411044955,32561.23813405349,35901.604124727965
2024-04-08,-20608.483303120287,66536.85703945188,45564.86213117793,44819.03675296945,25768.175346374832,32322.282297478683,36853.11231683636
2024-04-09,-29959.548873637847,66536.85703945188,45565.146775416804,45313.59795810303,25429.5728003752,31644.419709855232,35340.46277069632
2024-04-11,-32053.1621957863,66536.85703945188,45542.78279939686,45834.08040358786,24655.70291883348,29881.79521175568,31040.314095617465
2024-04-12,-17527.998289388466,66536.85703945188,45505.01760217288,45233.13429988285,24556.51130013029,30409.9080814298,31195.38175819859
2024-04-15,-23269.314939115044,66536.85703945188,45508.23257694383,45363.52755675756,24423.95094822283,30604.21895662629,34664.150611122146
2024-04-16,-8271.1245464302,66536.85703945188,45484.68003879924,46129.31836797887,25801.160343303323,34632.3211229427,39552.31103903686
2024-04-17,7379.624393436965,66536.85703945188,45535.18173277738,46405.56512397398,30054.579779600757,44217.973704977165,53599.09382282856
2024-04-18,18812.93637305588,66536.85703945188,45492.67648519468,45618.9587164818,29279.838963412098,39581.95810391257,48395.840418614236
2024-04-19,-462.05805668126686,66536.85703945188,45520.75804405076,44184.89573335502,31176.08507551685,42414.73847156849,51770.035955650295
2024-04-22,16441.44356310033,66536.85703945188,45550.17614895837,46516.085011298994,32810.93865153203,44286.502581557026,54668.8783634576
2024-04-23,17932.84948675975,66536.85703945188,45557.98316293601,44440.04549050048,33023.64347527297,42786.8675791781,52383.9584082868
2024-04-24,10421.53053095218,66536.85703945188,45554.79174854247,44715.98718545231,32185.50046693447,39186.959951601864,47400.74359136028
2024-04-25,3610.9225163742167,66536.85703945188,45578.85727302446,45197.789026548395,33326.23426722598,41144.819895671986,45510.954388251004
2024-04-26,16074.327034443957,66536.85703945188,45602.7169381889,45174.50655818566,34354.87330205415,42527.8354958614,49773.62568557327
2024-04-29,19922.960512630754,66536.85703945188,45603.27753673076,44980.23011622706,34444.53724783285,41413.44713575395,50179.802363311246
2024-04-30,12078.92380721883,66536.85703945188,45622.64596628848,46146.94338706688,35087.6547314827,41960.786122615056,43377.61169243024
2024-05-02,15371.915040432512,66536.85703945188,45627.29994302653,45747.85917533963,34594.94684269438,39561.3561277992,48590.23763117165
2024-05-03,12299.786576499944,66536.85703945188,45595.18262229708,44614.34000120057,33676.89045509128,36499.65817668659,46619.065080463864
2024-05-07,6364.846486942227,66536.85703945188,45370.50021154331,44888.813682454034,32920.97923115005,34463.02854295017,41683.88698343006
2024-05-08,100.1145396687395,66536.85703945188,45401.55622710328,46099.30031813765,34725.35523790578,39654.06458868344,43602.67170157612
2024-05-09,7720.297900794305,66536.85703945188,45392.895529903166,45983.615678992464,33676.30808634688,36252.28455377445,43614.16227481464
2024-05-10,1848.238376879455,66536.85703945188,45282.250422320874,46287.01743046818,32717.331660180662,33714.735966754,39940.72935446078
2024-05-13,1659.9518041885228,66223.96215108459,45175.273395754826,45813.21977607164,31733.188705159584,31546.140168485268,43530.36630100743
2024-05-14,3750.6937836844763,66223.96215108459,45062.42638125233,44990.070970537534,30948.791565704214,30345.49878342633,35592.41665502455
2024-05-16,-2018.2327781892686,66223.96215108459,45064.356246132666,46300.26680910103,30541.720012962236,30468.865906678668,38858.59512853056
2024-05-17,-12880.744921999865,66223.96215108459,44951.30950868859,45324.42265955057,31411.32969517903,34008.386580045764,40183.07841827181
2024-05-20,-8588.063660526663,66223.96215108459,44969.385063062095,44510.80667272835,31923.845476076538,35679.49018243476,42073.826251386534
2024-05-21,-2351.881274369953,66223.96215108459,44937.42935226625,45258.05876149548,30972.032451844472,33131.35342933986,38951.90738324321
2024-05-22,-12814.389543742205,66223.96215108459,44460.99466881937,43783.57877014443,30036.43549006234,31123.423149604445,34823.46301216221
2024-05-23,-17638.889272613804,66223.96215108459,44429.02455317036,44010.65002398876,29168.40780828399,29710.221242199932,33799.87245099707
2024-05-24,-9349.725867776233,66137.71996377344,44110.51952599016,43639.006026712064,28478.76750045078,29055.433029985797,30893.701090038467
2024-05-28,1513.2598316637955,64892.911072795265,43373.466970530084,44330.00131595559,27914.5595530257,28808.069851297085,31818.600222875302
2024-05-29,-3672.3446518919877,61728.01787617734,43367.378583114594,43658.87112534585,27908.654203120386,30172.283147819016,33585.79558534166
2024-05-30,15189.581618562526,59814.83596424698,42817.23478953756,43037.18900320603,30475.672843480315,37326.39593771399,43664.068216080814
2024-05-31,25787.19067040086,59343.425702702494,42816.92618949601,42528.30710009209,30560.119373339217,36849.39630423915,47485.236590151624
2024-06-03,17834.48329027354,56661.15805168638,42196.214258681604,41576.93219502877,30491.791652860502,36025.21097175364,39083.76801738774
2024-06-04,13623.351367679663,53872.529568494974,41353.04246954634,41240.55610374067,31125.219836097687,37181.259062626676,43024.79534895397
2024-06-05,19735.797058349803,52975.0258238249,40957.03155310852,39580.16891547468,30177.723580431182,34214.627778961585,36435.09814634224
2024-06-07,16737.593686043365,49250.61241354958,40638.388541322645,40364.30675288411,30924.016704021957,35971.822994789836,39469.77208691304
2024-06-10,10430.921285303124,49250.61241354958,39396.157242531954,40086.409143467434,30519.116678065828,34745.08783380294,43260.47052371323
2024-06-11,11235.407030286306,49250.61241354958,39093.83099383032,38801.59366091536,29734.256354081375,32780.181707805124,36339.897532106166
2024-06-12,11316.682463469611,49250.61241354958,38985.07320884428,38946.8291589126,29157.991129998944,31709.737782506778,35872.155599230646
2024-06-13,7278.260265061939,49250.61241354958,38997.02600756571,39358.51480408049,29378.37083984411,32901.81996359061,39616.92169544185
2024-06-14,-1423.7311176844462,49250.61241354958,38898.69556865634,39732.815300820315,29148.609999100412,32634.806093007057,40504.30778844422
2024-06-17,-5197.225787910224,49250.61241354958,38836.05291216591,38834.26816541029,28356.93318024655,31000.153484271363,34371.594443005975
2024-06-18,-1496.128611880926,49250.61241354958,38555.254078911275,38817.46304400621,27559.095123984884,29614.72352121825,32508.240200190354
2024-06-20,-4502.859040686616,49250.61241354958,38442.61703187613,38350.350725605655,27091.689897242555,29315.023552373263,34959.81213511345
2024-06-21,-7702.335724331124,49250.61241354958,38442.94879032659,38546.69263566948,26420.397318361072,28808.90837005157,34153.52461454481
2024-06-24,-4448.284264145326,49250.61241354958,38007.844867376734,38367.69938412558,26079.26996904692,29137.550709812742,31862.278014117186
2024-06-25,2525.1548849889164,49250.61241354958,38005.03397681516,37902.347679559476,26274.450994473347,30630.44642459267,33713.695204188894
2024-06-26,-4432.638776635356,49250.61241354958,37994.85004861208,37801.04458325013,25628.468219067323,29581.796816601196,33379.66409508042
2024-06-27,1027.8649596324046,49250.61241354958,37949.18416528338,37073.4278623847,24856.063508100102,28419.129933275326,36812.85487421268
2024-06-28,14148.078476194321,49250.61241354958,37891.699371100534,38025.4232602928,24130.11551269153,27592.20068774601,30993.279441596744
2024-07-01,18130.622731745403,49250.61241354958,37783.27487554266,37651.10308435515,23407.032096657556,26856.016239741093,33010.88309804104
2024-07-02,17777.65807636666,49250.61241354958,37779.55035180035,37899.90519605047,22760.73891735086,26562.826095942994,28995.064307619847
2024-07-03,24818.122095109644,49250.61241354958,37674.93830322038,36614.14592582336,22883.314326555646,28149.488078444778,32426.82378948016
2024-07-05,18476.64867520133,49250.61241354958,37677.33062250955,38794.00268682286,23452.34014632953,30317.934301358167,32936.53636853099
2024-07-08,4633.034374368537,49250.61241354958,37662.57498517911,36574.45101975253,27512.570431487442,39610.746245733324,50264.34396932969
2024-07-09,2233.0028564273316,49250.61241354958,37634.68096296734,36810.5213314498,27022.713353553314,36631.017122199206,41684.92036158598
2024-07-10,448.8786607460421,49250.61241354958,37623.82674839347,37644.969528698326,26231.35494818365,33732.73983294852,38403.70024306599
2024-07-11,-10187.130860263152,49250.61241354958,37618.244191819416,38101.27314134356,25598.717071415856,31904.55952258217,34020.18494503318
2024-07-12,-16252.271115967262,49250.61241354958,37567.5981566132,36822.28937489403,24823.49159594549,30166.64848580698,33383.97550750337
2024-07-15,-17829.07424317626,49250.61241354958,37568.99782061269,37718.96961290418,24163.089219554025,29116.387596209774,32791.46051399715
2024-07-16,-24975.604323934538,49250.61241354958,37546.21690198636,38211.62548536247,23461.192447733203,28199.82043307862,32290.981804085764
2024-07-17,-22771.472080242835,49250.61241354958,37443.07594745225,37748.152443316525,22767.606267038955,27451.346943673827,29696.784968896245
2024-07-18,-21587.150668642687,49250.61241354958,37435.32121384141,38287.77941253218,24503.502515915246,32612.4714265048,36932.637270805484
2024-07-19,-25535.477735291694,49250.61241354958,37429.80153284919,36618.804863938974,25134.58978255064,33760.35239971154,38566.3028586349
2024-07-22,-16290.363127760242,49250.61241354958,37393.986545752785,37675.74624375066,24721.23251118797,32317.177229317793,33763.75866170387
2024-07-23,-3206.959161679262,49250.61241354958,37408.263329512025,37472.701959938364,25217.653420272287,33240.94697063871,33426.368592527884
2024-07-24,-9149.483107094053,49250.61241354958,37392.874260027216,37256.88521871818,24517.63936953395,31229.728307082216,35915.46294044027
2024-07-25,6514.333674523053,49250.61241354958,37412.51214835197,37290.634178142696,25463.287322225933,33397.94715321674,37373.0170631886
2024-07-26,18361.882889342003,49250.61241354958,37453.24889160779,36587.60275300296,28012.734837851098,38490.39983781285,41892.933620800206
2024-07-29,-8457.20009006359,49250.61241354958,37464.49091489286,36794.975395647314,28208.37412760342,37377.32572335903,45349.83326529693
2024-07-30,-75651.59952589056,49250.61241354958,37463.697229168036,37398.279376037666,28739.515330480073,37383.313670883545,41948.3357779664
2024-07-31,-48077.09288244824,49250.61241354958,37461.421051512174,37527.155817810904,28449.930406244497,35616.362446000916,40155.5757611409
2024-08-01,-49589.55756917274,49250.61241354958,37453.44752428226,36795.06332472665,29633.198233255796,37674.54740535783,46819.38234831047
2024-08-02,-48335.27753458023,49250.61241354958,37453.046323558,36572.16376449869,28790.490252280237,34632.12249442198,43653.67569792672
2024-08-05,-15898.196024589608,49250.61241354958,37602.873867261485,37556.891935536056,38524.582933091515,55596.97235891275,62304.96683497201
2024-08-06,50638.46241012034,52975.0258238249,38797.64537257333,39682.20876778409,85389.73462480417,160965.16431464587,182903.7473119407
2024-08-07,30604.917373118304,52975.0258238249,38978.652037063424,40508.222135476295,87850.74459256783,139407.00161012472,163451.1451804865
2024-08-08,30971.5328425756,52975.0258238249,38978.89858930388,38875.36228573694,85638.48936237543,111459.16287972215,140341.99880731397
2024-08-09,39652.094654340704,52975.0258238249,38976.402111742114,38891.67882594086,83101.5134446795,88407.82147848984,101566.41152188925
2024-08-12,25844.620644963226,52975.0258238249,38966.590843467195,39118.03536613588,81914.25557115725,75994.46143009869,94842.42275520318
2024-08-13,25334.692690610536,52975.0258238249,38963.54672423889,40111.03311794255,79820.03751520097,62890.28266369945,83721.80850439682
2024-08-14,21873.24281184681,52975.0258238249,38950.31403085604,39444.24321201817,77484.82192202819,51436.40554423432,61247.5753965938
2024-08-16,9667.637093698111,52975.0258238249,38968.26534736864,38718.92061445485,75706.42353387916,46930.26522017698,61024.67734189257
2024-08-19,1661.3036947632334,52975.0258238249,38970.6232230415,40101.80731651102,74821.95995439237,49587.67745454961,52461.282723222466
2024-08-20,331.60276830173456,52975.0258238249,38965.184527590136,39372.61291308271,72597.13342609651,42214.16628086978,45983.46296509605
2024-08-21,-6549.1011164805295,52975.0258238249,38975.99938317478,38816.06977175284,70767.56437714281,39430.14749943513,48765.97021744629
2024-08-22,-8495.077700444044,52975.0258238249,38973.55001337179,38431.194517041076,68613.87301708676,34821.91178775647,39817.51505271913
2024-08-23,-8789.779546391308,52975.0258238249,38879.969166362534,39621.78123862093,66810.2637230538,34362.82183439459,43884.603688230774
2024-08-26,-5599.97076633348,52975.0258238249,38869.64754941414,39105.487704518135,64918.560193052035,32867.50266568447,39941.88396232228
2024-08-27,-9055.869842962426,52975.0258238249,38582.082348588316,38326.06713137959,63102.119434066175,32143.61991079915,37135.063082435896
2024-08-28,-24463.78909532441,52975.0258238249,38229.85238833921,38638.030508273274,61196.344254159994,30341.59933107286,34735.04191912987
2024-08-29,-24992.943489774112,52975.0258238249,38232.12461578507,37849.598377233364,59409.15694777778,29816.576132285423,32557.8181210238
2024-08-30,-33418.7475545919,52975.0258238249,38242.1262102929,38723.83674139495,57971.411580440414,31648.211729821902,38655.77043205536
2024-09-03,-34814.337359035824,52975.0258238249,38256.28328395112,37954.349206208695,56826.659264739064,34242.74020200322,38739.798997575366
2024-09-04,-29783.489818151684,52975.0258238249,38271.83454409703,39543.7348563874,55811.55617309497,36168.155317337056,46523.50608315049
2024-09-05,-10644.159476149356,52975.0258238249,38368.95562422362,38877.24967095447,58063.89924367933,53088.968002828704,65295.10899366171
2024-09-06,6996.756521502431,52975.0258238249,38372.10595184419,38339.48479623438,56416.4966285587,44841.777383599176,54955.80565860895
2024-09-09,23461.682055458292,52975.0258238249,38425.10414908838,37224.50523061814,57366.60727098245,51594.17295621428,59483.725814265665
2024-09-10,23719.457217718937,52975.0258238249,38431.0797648496,38149.99079945353,56009.428653671894,45181.64071725946,50408.40089421509
2024-09-11,29299.390641916212,52975.0258238249,38417.8646318661,37572.6553147121,54360.734115710795,39181.42298848022,49946.2387031525
2024-09-12,30324.11632987844,52975.0258238249,38406.873891471216,38559.30672695967,52809.81597910047,35471.27030358452,44181.887728638365
2024-09-13,23344.458383912013,52975.0258238249,38478.51982051393,38498.27894545536,54535.82806214337,49157.69297999439,64429.07330585081
2024-09-19,12950.1462873041,52975.0258238249,38447.676737672155,40371.15764161521,53002.74942066788,42316.62983711013,46843.63562676715
2024-09-20,21944.51907194683,52975.0258238249,38375.329637965035,38905.64441043936,51853.281281657095,39564.582043855626,45091.80384217805
2024-09-23,15450.274552518349,52975.0258238249,38370.579490010336,38792.67078984395,50484.413417061,36354.80939824404,48562.02177496099
2024-09-24,3343.804337258132,52975.0258238249,38371.638715543064,37755.85472150889,49165.53986634496,34288.686338412386,37908.01376567549
2024-09-25,-10163.411348170417,52975.0258238249,38389.7599782608,38605.18832242197,48681.8193740849,37097.272691805825,47362.0642691192
2024-09-26,-1535.5264903494813,52975.0258238249,38410.45545952864,38615.729820819266,48156.95807250878,38384.54924274343,43745.423673775134
2024-09-27,-11479.15855408439,52975.0258238249,38474.83382735106,38291.26107893635,50181.37577676457,49764.48252806444,56766.90663503912
2024-09-30,-8410.23987956545,52975.0258238249,38476.72410751344,38455.47411463684,48790.596751007004,42861.86880957927,54464.318426791986
2024-10-02,-77.97246474783022,52975.0258238249,38493.95111516592,37117.541007491716,48519.162969434685,42982.24842799251,47841.23810044822
2024-10-04,5587.005723496861,52975.0258238249,38497.80631775094,38979.70300520511,47608.15750979707,40192.44655547963,53922.616099062754
2024-10-07,8229.822667340184,52975.0258238249,38488.96361122537,39114.02983532821,46180.11966992858,35796.60851891264,41961.42699472784
2024-10-08,5223.287583731908,52975.0258238249,38494.94945988301,38293.20942434515,45137.28112538155,34596.80105663588,42956.456482882735
2024-10-10,1782.1846762807909,52975.0258238249,38478.943385123006,38235.65246136349,43762.89820335864,31999.80132926802,35525.09305083934
2024-10-11,234.0073248501477,52975.0258238249,38476.30804165599,39258.08038987173,42430.055927049805,30347.043330708424,37587.2244252404
2024-10-14,-3790.2766513857555,52975.0258238249,38474.47210199372,38144.52018269815,41137.60720899539,29320.2991211215,31436.6147599751
2024-10-15,-6659.762006309327,52975.0258238249,38467.43460645631,38961.759105484874,40172.47062604449,30195.628191436703,38521.1329027821
2024-10-16,-19016.088817305557,52975.0258238249,38458.19417257797,38597.137988996015,38994.47697517178,29433.60453526956,34062.242098592134
2024-10-17,-13548.462327724932,52975.0258238249,38452.488889376546,38439.2230466909,38032.61073482615,29855.43977833295,34975.16329513186
2024-10-18,-16152.01106367253,52975.0258238249,38447.449724982376,38951.18500308537,36936.3481374001,29247.862761063665,35435.39881502057
2024-10-21,-14909.205817625456,52975.0258238249,38453.040657205485,39546.43215900996,36191.8318079307,30367.031965117287,38475.76335059794
2024-10-22,-8468.650334900318,52975.0258238249,38453.23364784809,38280.14909925712,35107.99497792373,29302.17758428313,32573.509855156062
2024-10-23,4672.732197871622,52975.0258238249,38485.19336420103,38113.877703785794,36750.027373110184,39558.549289874856,51993.574657478086
2024-10-24,-3065.5091783128705,52975.0258238249,38468.59981524563,39095.78100468815,35742.38708053617,35611.5429289626,49529.10738070491
2024-10-25,-5618.571570927526,52975.0258238249,38454.53499210476,38471.005420682835,35081.483852007565,34331.522739038024,43582.15684118251
2024-10-28,-9327.05071957795,52975.0258238249,38439.760731390146,38490.39216237598,34208.271927733134,32603.46275924634,37069.15215504884
2024-10-29,-3059.2930273374095,52975.0258238249,38457.48605533888,38334.88158907931,34459.611886017614,35688.83026802916,42085.56820340696
2024-10-30,-4070.9859629579346,52975.0258238249,38448.55176613949,37408.353819537806,33534.6078355674,33138.46321495011,39289.258525419114
2024-10-31,964.3826304425598,52975.0258238249,38459.55757443343,38720.167894392485,33265.14408197161,33848.26462873125,36476.21783758473
2024-11-01,8452.94996272482,52975.0258238249,38476.366693807664,37823.09617227236,33408.74637955378,35680.9130446928,41466.55846039767
2024-11-04,19495.159048144702,52975.0258238249,38490.27460416388,37757.28065924488,33456.79570148124,36450.99272372414,42966.33633904626
2024-11-05,-2395.025661738574,52975.0258238249,38526.65182231047,38027.12544419785,36780.90232793043,47288.35654464242,54205.68840613076
2024-11-06,-17210.331219634405,52975.0258238249,38449.30772239906,37978.45407773673,35696.33136354409,40623.00268610945,56881.25692972732
2024-11-07,-30964.994085232327,52975.0258238249,38438.77758992427,39057.846124026575,34614.39010641234,35971.212371498645,43953.74396114666
2024-11-08,-35922.938298849476,52975.0258238249,38343.058929751765,38470.95923655025,33570.056857256284,32907.435443254915,38276.70612244696
2024-11-11,-42401.01492305263,52975.0258238249,38337.94926527323,39314.44523355838,33041.428268472155,32760.972049540946,37973.86947976945
2024-11-12,-25734.13968395882,52975.0258238249,38320.825531667644,38209.395478794926,33728.40993281132,36900.41146839474,47913.95026625283
2024-11-13,-11607.703195825177,52975.0258238249,38348.45628688201,38348.812173895014,36984.144106795895,47423.141429171046,58369.06826475734
2024-11-14,2134.7344834602004,52975.0258238249,38414.48210682335,36959.7867289179,40186.52123369381,53946.5385353964,66374.87929046275
2024-11-15,6653.935455436498,52975.0258238249,38413.623175687266,38587.406728905866,39347.37191690656,46421.631102218744,55917.625007238064
2024-11-18,10410.926831639668,52975.0258238249,38407.96672413291,37936.886517562765,38234.615599678764,40224.57738861636,42977.600205622344
2024-11-19,15964.076514471362,52975.0258238249,38431.95148358937,39339.08495051567,38578.60248687775,41286.05090557629,50934.5535757564
2024-11-20,13587.245143537577,52975.0258238249,38416.44685872095,38831.9461324183,37410.33580799032,36413.12689462042,44628.54793064543
2024-11-21,11999.299470786438,52975.0258238249,38384.17707819499,38702.53525632033,36276.19514306591,33175.315953722755,40352.34124247468
2024-11-22,4446.864715058328,52975.0258238249,38380.54534464907,39005.04731216742,35172.08829150988,31055.147108922887,39176.281625265656
2024-11-25,2277.3906309643717,52975.0258238249,38354.815211298286,38825.622060346104,34173.134404083066,30054.717546673786,32877.322004670285
2024-11-26,-2182.3381081872394,52975.0258238249,38422.73224380796,38459.60612362715,37591.55518330766,44909.30022665631,55880.457698862156
2024-11-27,-6541.020708973385,52975.0258238249,38423.89211439663,38156.4837761935,36519.19551223625,39207.439598210505,49911.138563887645
2024-11-29,-9511.026751765461,52975.0258238249,38423.78992033867,38656.23160673844,35506.20325565718,35485.13005233459,42806.07718390117
2024-12-02,-5768.714170806592,52975.0258238249,38442.08112951988,37577.2579957857,35673.404032297025,37197.07445275308,46368.247431847834
2024-12-03,-28133.11600530511,52975.0258238249,38421.043385977064,38323.81927361709,34590.84885750478,33793.05336703608,36942.819485779335
2024-12-04,-19388.459396860977,52975.0258238249,38446.1495326016,38880.749541793855,35645.212324076514,39009.056562885264,50514.56152336628
2024-12-05,-4032.0857866904676,52975.0258238249,38456.532580401145,37971.5872391445,35441.65381623465,38045.842840808495,44410.724169537854
2024-12-06,5466.221835562385,52975.0258238249,38441.655243559275,39236.055589752454,34960.42247687379,36455.629261514696,43211.866741163714
2024-12-09,12897.727668190184,52975.0258238249,38445.64935741715,38570.99176696154,34204.48784095507,34385.39337650003,39771.584084469425
2024-12-10,37886.204397231624,52975.0258238249,38585.299188345234,37991.18920723789,44077.40153076958,63717.28616014568,84221.14645910046
2024-12-11,13987.177717723232,52975.0258238249,38662.21960264313,38894.40782444123,48635.09680727073,68935.06314171769,87731.00556409963
2024-12-12,-716.8616460929848,52975.0258238249,38679.66386615288,38947.97260649451,48585.2474463949,60752.708895313874,80088.52157259407
2024-12-13,-16220.352301820392,52975.0258238249,38586.83457594067,38434.64601698889,47444.16590431317,51708.7949247186,66082.85373817984
2024-12-16,-25645.022529920992,52975.0258238249,38582.41057824631,39362.38927794578,46257.08417485903,44774.10639628589,56171.03882422936
2024-12-17,-19178.171733485484,52975.0258238249,38499.94430633351,38549.29168210465,44935.51097484228,39356.58395593387,48518.944666658266
2024-12-18,-10453.186543934773,52975.0258238249,38503.88932244305,38081.69720341579,44162.91832276308,37807.20799062347,47887.090287031126
2024-12-19,-7611.978363202428,52975.0258238249,38485.016771798306,38315.65120087505,43390.46106617673,36752.825090562466,40757.08352414236
2024-12-20,-6161.130900803279,52975.0258238249,38528.11548607799,39097.24184200375,44366.37491174724,42929.73054036393,52677.15463412325
2024-12-23,2200.8728035674208,52975.0258238249,38517.82712450555,37370.72286242945,43601.335305201486,40100.63359636389,49092.68858043929
2024-12-24,-5386.466872097257,52975.0258238249,38539.71937755943,37648.6599199989,43692.0341512984,41494.25978603961,54479.0101459355
2024-12-26,5597.973091556867,52975.0258238249,38519.64443973013,38024.46181122197,42538.72013307901,37500.47593821065,48801.95461745905
2024-12-27,18431.80007928292,52975.0258238249,38521.351262276774,38854.34252900236,41383.35222267106,34668.70314799518,44424.76004267466
2024-12-30,24571.12461257198,52975.0258238249,38536.83350843327,38343.63690977937,41949.32559900549,39676.826354918936,50123.12705727038
2025-01-02,25981.370031244845,52975.0258238249,38518.5775826615,38919.41386933381,40824.03510727251,36164.60320435185,43695.57264002405
2025-01-03,18062.252641633626,52975.0258238249,38508.698995541614,37668.319878238464,39604.30955786074,33285.36457791768,39805.29748019373
2025-01-06,-2028.6840074371587,52975.0258238249,38557.465385831085,38400.16999620062,42356.939472370344,45941.00294279466,61059.86149525821
2025-01-07,-7587.374505599479,52975.0258238249,38590.94698309966,38424.611195805905,43058.581391231455,46823.650108984046,59351.605451673306
2025-01-08,729.4126871174589,52975.0258238249,38593.67030880113,37738.22175368401,41980.33126073584,41454.90022899417,46771.1614736084
2025-01-10,4069.7789006310886,52975.0258238249,38583.43815638165,37786.58443476316,41048.17819703573,38129.73802499651,44677.75346115445
2025-01-13,13348.41238053903,52975.0258238249,38600.1780205205,39209.47115698406,40740.44566376088,38186.56373848634,45702.83030726515
2025-01-14,22353.92787303301,52975.0258238249,38530.697644193075,38828.28835700054,40246.49721042299,37441.313044117145,43100.52818131563
2025-01-15,23640.309420087295,52975.0258238249,38537.86654973159,39186.87302958577,39458.341185748985,35771.14097171811,49014.257660720185
2025-01-16,13501.292215369369,52975.0258238249,38545.747150644966,38423.36885345137,38751.55213401785,34887.935282865204,45363.420677437505
2025-01-17,9518.912327544336,52975.0258238249,38563.39575057204,38020.7028691465,38773.24570418968,37113.60421161517,44042.581986984194
2025-01-21,3984.728215214936,52975.0258238249,38462.87351875553,38033.52991364853,37720.40802660767,34255.23141343325,41000.33784862359
2025-01-22,-15624.599842719765,52975.0258238249,38428.910143389556,38827.19031955245,36763.635214002265,32658.139887086523,37841.59186760661
2025-01-23,-10621.521586763674,52975.0258238249,38379.49623893708,38626.6502707869,36424.47670988283,34010.990525744935,39586.69907527012
2025-01-24,3667.6250451732026,52975.0258238249,38342.75924372117,38268.46756630416,35952.89184073215,34166.94100401507,45788.68772808534
2025-01-31,6643.664544331398,52975.0258238249,38257.01180977724,38623.29730757222,35147.65903200926,32898.54389522125,41989.878549646455
2025-02-03,5933.611373911363,52975.0258238249,38257.16448980784,38657.01024322907,34304.22653232153,31858.551603393847,37347.48511110934
2025-02-04,26417.71395539372,52975.0258238249,38330.90213762864,39176.26604890644,39457.58447108533,50402.72643774038,63487.964418480675
2025-02-05,16697.248767934892,52975.0258238249,38367.76366720652,37898.76374975847,40694.46219721554,50363.77180442576,58461.03412295347
2025-02-06,4732.650378775694,52975.0258238249,38385.944240213146,38200.44714406866,41086.44212730399,48085.04139601381,55030.06215529289
2025-02-07,7437.115489188253,52975.0258238249,38398.991757183285,38332.53905227952,40689.897737772604,44182.66975476721,53885.81169965275
2025-02-10,15369.693894869624,52975.0258238249,38397.021649564944,38359.49573764377,39746.996505377065,39633.8562506577,52007.02563287365
2025-02-11,19905.33502803947,52975.0258238249,38367.041057588795,37647.25953846953,38842.691041508086,36670.23769306258,46518.40809999338
2025-02-12,25440.548732512598,52975.0258238249,38363.57226034586,37940.66471955073,37688.87334747224,33618.27156919761,42985.74804267391
2025-02-13,22960.410767284317,52975.0258238249,38366.28438408389,38964.61974671772,36735.856140782,32348.1219851841,33640.11707396556
2025-02-14,13028.791822312984,52975.0258238249,38390.87229215455,38484.37913316466,37502.999042680196,37932.65828545842,44135.791986917626
2025-02-18,6883.34485262004,52975.0258238249,38394.95660032844,38727.38372745499,36739.05162704633,35766.954942028104,40767.75282475835
2025-02-19,-3368.7712343935063,52975.0258238249,38404.33856288738,38036.156474058334,37177.77821207604,38604.1542537132,51434.42120022498
2025-02-20,-7687.05615910739,52975.0258238249,38412.225647933745,38746.08074454277,37043.858078992555,38368.54185194526,45933.445570322954
2025-02-21,-8546.119197625265,52975.0258238249,38417.46705089039,38052.631971284514,36580.02332150966,37049.061427032015,40717.66580672021
2025-02-24,-20039.099203924565,52975.0258238249,38381.18882667133,38584.80693266789,35477.33995233549,33818.7166769524,40557.84636257543
2025-02-25,-27845.660090120204,52975.0258238249,38372.983003149006,38679.27181405676,34492.44353010081,32046.027761812817,40343.61576785789
2025-02-26,-18655.895760938976,52975.0258238249,38357.13646994701,38259.48048716647,33528.64623302236,30883.914411865728,34067.44049162706
2025-02-27,-27973.075495517576,52975.0258238249,38345.70714624814,38690.72390172416,32649.175401780794,30362.978670263998,36158.382089865365
2025-02-28,-24309.17200059253,52975.0258238249,38352.29205636506,38144.78886134244,32658.703563019506,33217.26943217657,36809.45652445652
2025-03-04,-17169.109166836213,52975.0258238249,38391.87287753445,38791.913829127436,35278.23304949647,43116.03584185984,58495.9133354383
2025-03-05,-14842.641190685545,52975.0258238249,38416.71573373369,38880.1040624369,36421.977362453035,44687.31173859313,60199.35851278582
2025-03-06,-15266.144409354314,52975.0258238249,38409.27251845189,38178.423209916225,36515.508076506536,42693.60171298204,52096.75216199511
2025-03-07,-13246.719980227586,52975.0258238249,38418.963966525036,39878.87378286406,36487.818145808335,41095.93021263915,49368.110963715444
2025-03-10,-2990.1489673875485,52975.0258238249,38420.56582721967,39057.44807229664,35536.18479214811,36987.98550873037,47077.83157793463
2025-03-11,11299.26804531445,52975.0258238249,38423.54628590915,39166.16115162813,35053.480314236826,35912.32675598945,40988.56495571931
2025-03-12,17248.986335454018,52975.0258238249,38442.347994577074,37953.38966011807,35302.66253509146,37706.75778251557,52516.72676923464
2025-03-13,12957.162667914756,52975.0258238249,38455.975554754164,38907.44792405598,35329.52473927883,38039.61103411517,44712.12118789911
2025-03-14,13984.985393660976,52975.0258238249,38459.22453110489,38018.19475581372,34820.13858914477,36428.49634676346,48715.90314685866
2025-03-17,4951.306319769851,52975.0258238249,38477.83400887147,38435.26042091101,35125.60974462032,38119.869040636695,45327.91240820541
2025-03-18,-2115.629901597619,52975.0258238249,38507.80578270918,38193.610244000425,36025.675107189556,41108.66295841621,49413.463136705155
2025-03-19,-4430.740720218196,52975.0258238249,38507.90888934205,37979.70051973082,34983.796404652065,36641.63499318991,48125.45042947388
2025-03-20,-5895.593700515843,52975.0258238249,38469.34562408727,38041.133850275975,34077.02156927146,34094.912307299914,41130.91044874466
2025-03-21,-9712.349634371902,52975.0258238249,38474.56472107875,38642.44768278644,33407.3467182274,33242.62902005944,39767.25054596157
2025-03-24,-20929.086418009843,52975.0258238249,38458.255071850006,38021.281363507216,32440.128691233083,31526.976989914747,33524.44810607271
2025-03-25,-36245.87890168122,52975.0258238249,38458.627705949686,37923.26766989703,31571.487368349364,30717.30091677974,35537.72349274727
2025-03-26,-19720.855084130024,52975.0258238249,38438.160218726334,36933.76974912768,31002.833171696406,31222.906334368043,41693.161862951114
2025-03-27,-23338.111712758444,52975.0258238249,38415.87403120031,38796.08308401574,30091.94379187658,30164.881734739163,35142.721129883095
2025-03-28,-27898.07478874742,52975.0258238249,38421.17924536528,37702.08712485739,30780.732976550375,34944.63726048259,47199.94051136218
2025-03-31,-30689.589396606687,52975.0258238249,38458.80125988682,38670.40121558298,33909.77731901747,44895.6062045695,52047.348633011694
2025-04-01,-48906.01546985168,52975.0258238249,38516.074050146904,39113.41665726559,36907.2333758671,50677.378660528295,61283.52597791223
2025-04-02,-63409.45950603514,52975.0258238249,38537.512722581145,39463.214776912304,39252.206350507906,52936.806070323015,67675.45424468623
2025-04-03,-49138.53587998332,52975.0258238249,38503.02315899167,40002.79002254912,38189.70849412142,44594.055635400364,58317.168743051705
2025-04-04,-16778.836907514662,52975.0258238249,38545.70279222262,38853.387489296,40186.78306309132,49119.37208347023,66214.30362262783
2025-04-07,5463.886062838697,52975.0258238249,38626.25420651912,38662.31883656054,43641.069490931695,56653.344218654725,73679.0326262844
2025-04-08,47954.29530402833,52975.0258238249,38959.665088998525,38321.84784584958,58213.768167065304,92988.08855371438,125058.06148598136
2025-04-09,53320.10217780368,53872.529568494974,38960.36294198793,38675.58508459722,56489.06738371198,72468.04174742717,91271.5560248769
2025-04-10,29383.958489486224,53872.529568494974,38973.28268413287,39133.34739951076,56784.12031250793,64919.839548629294,80685.01500945722
2025-04-11,15719.78013969385,53872.529568494974,39114.46808467701,39956.63611015402,60719.80278805458,73490.54561063682,85705.22169735428
2025-04-14,4704.8813523321105,53872.529568494974,39092.32201830374,38980.50572396152,59506.9109062395,60824.91212421511,71278.8930568782
2025-04-15,35.49675897921052,53872.529568494974,39128.93023163893,38758.80574222982,59406.067293944645,56989.42685870931,71143.54600091974
2025-04-16,8242.488740729044,53872.529568494974,39131.69526864261,39100.38424897879,57771.16984418113,47415.352587170215,64237.63676176441
2025-04-17,26451.62607713749,53872.529568494974,39129.96975307784,38833.045497668376,58117.178851725745,50903.61069730307,64077.3092298838
2025-04-21,26404.07413331984,53872.529568494974,39127.36207095392,39570.13313581323,56940.26372175513,45601.79474690394,57900.01445046895
2025-04-22,28464.65381086797,53872.529568494974,39101.46816633517,38989.04779522194,55464.482602223565,40441.52571056472,44406.772569490764
2025-04-23,28387.056289490294,53872.529568494974,39089.3862550558,38886.41143141538,54397.79683490514,39251.78974983345,52564.33507542325
2025-04-24,13362.352824463911,53872.529568494974,38976.68936495177,38501.25692876977,54818.19545866186,45913.38056919353,61416.295613334056
2025-04-25,11685.909672889562,53872.529568494974,38870.84301950986,38236.43669723633,53702.91917308466,42356.48932804261,47948.67857844913
2025-04-28,5387.508290341848,53872.529568494974,38863.342295025104,40348.387121546475,52699.305714311246,40457.33749735293,45985.29171975908
2025-04-29,9903.797045135865,53872.529568494974,38858.94700699156,37612.12431729976,51166.57777368561,36263.54535250239,44085.79123314202
2025-04-30,897.7420991283834,53872.529568494974,38871.48777458042,38977.70934366202,50266.43006206652,36790.59955467051,44205.253242598505
2025-05-02,14499.196415051023,53872.529568494974,38869.83902591965,39747.86417979468,48915.39070379863,34508.79909614969,38272.71570975938
2025-05-07,14080.193459319955,53872.529568494974,38875.14639507141,38287.29056650749,47750.347338432985,33874.31787026919,43636.60000246861
2025-05-08,18810.508218517032,53872.529568494974,38874.53754681534,39048.6423104661,46295.82035895003,31665.70418262766,38277.94389527403
2025-05-09,15291.86579523989,53872.529568494974,38872.15770287685,39383.1090156919,44987.477793826445,30872.854304167213,35961.30600160536
2025-05-12,17485.077944774508,53872.529568494974,38856.71762849218,38981.91039497734,43746.60275350703,30536.805145735154,40857.962939503435
2025-05-13,1086.699661138485,53872.529568494974,38893.17381521355,38913.72652749333,44401.250712817484,39315.18590941605,46455.28901333662
2025-05-14,-3677.3766688468654,53872.529568494974,38876.22681553608,38376.717264163846,43341.33464415827,36484.276531888856,44351.967000590994
2025-05-15,-9224.182503150283,53872.529568494974,38884.4037408282,39670.88727464618,42467.4230566261,35411.49647665683,47682.093786926
2025-05-16,-12376.72503126753,53872.529568494974,38865.81697972452,38910.1594793672,41199.41241738076,32757.344178308904,43700.60789782078
2025-05-19,-13632.50351862828,53872.529568494974,38857.40811270172,38979.310788261064,39948.387770243055,30984.966819988305,38620.13235494933
2025-05-20,6729.688585664942,53872.529568494974,38820.77031520941,38569.00413980301,39501.040159514305,33558.877432540685,38837.44124753369
2025-05-21,9138.438071411709,53872.529568494974,38803.018441148044,39708.60911830725,38311.840834618604,31505.187941529002,37346.44683057544
2025-05-22,19144.97002107008,53872.529568494974,38752.47749701379,38597.28965733957,37156.25144003071,30236.515905575736,36605.62882143352
2025-05-23,21381.55805816691,53872.529568494974,38729.862575208695,38482.58300203786,36437.611104726195,31336.751707823005,43253.061164624516
2025-05-27,25392.942538049054,53872.529568494974,38730.69619900925,38950.615443397975,35394.202043241654,30348.029245156995,36345.01893529266
2025-05-28,24074.43792417285,53872.529568494974,38773.37357761809,39857.955375704034,38836.938781075296,46195.62788921919,56322.137795598246
2025-05-29,26107.67016728304,53872.529568494974,38772.369370763125,38430.374651305334,37708.362552864244,39861.98608240716,46456.39624246813
2025-05-30,24553.021798920287,53872.529568494974,38767.84455712509,39321.78177415,38424.15248034673,42241.94467114003,48456.88217170302
2025-06-02,32084.92759535021,53872.529568494974,38769.17944377227,38986.14661739526,37345.797848242095,37439.331726573066,40526.34985107318
2025-06-04,38016.269353700845,53872.529568494974,38770.46644819659,38630.41338043885,36327.303962990976,34446.621769795514,38634.54915321329
2025-06-05,29218.90105815407,53872.529568494974,38777.585512749676,38318.47083334391,38896.43969890728,45295.01292125158,54792.987366643705
2025-06-09,13036.002023389789,53872.529568494974,38767.17655646454,38478.53383569271,37993.23947000264,40190.101190159985,45617.865178562446
2025-06-10,14102.372630944297,53872.529568494974,38787.07355116084,38613.56087160923,38128.28173369126,40528.67864162723,48335.3935268936
2025-06-11,7542.378628273898,53872.529568494974,38788.799715262,38296.10956488535,37618.92545542163,38464.7575086033,47322.26855183512
2025-06-12,2544.2332180839085,53872.529568494974,38812.28448697423,39366.337406057435,37953.72916388968,40154.00199733413,46606.87899407591
2025-06-13,5897.804472852874,53872.529568494974,38816.54045801158,39855.6148521529,37176.691426176076,37214.360263624156,40135.98557988469
2025-06-16,18968.506583616734,53872.529568494974,38870.50349224004,38752.445353811934,39436.494740138056,45833.29290719343,49047.67206773058
2025-06-17,26186.960554302917,53872.529568494974,38894.00361152628,37938.55502932564,39842.27763674197,45107.19541038815,55861.16682730987
2025-06-18,26898.082088051808,53872.529568494974,38883.35655736658,39306.44622681681,38653.313879250905,39203.40606000892,43546.84202963456
2025-06-20,20991.909696993054,53872.529568494974,38886.92615809355,39256.97715534919,37702.6238601331,36073.915167713865,42733.11578947531
2025-06-23,10168.204934923657,53872.529568494974,38904.61604820579,40152.38683945348,37785.84978494008,37959.26143163711,46991.300157017766
2025-06-24,13204.381329311344,53872.529568494974,38890.433488591996,37656.195590355994,36640.55655800623,34430.925222158425,45835.575497614285
2025-06-25,-1399.3205959705947,53872.529568494974,38977.41665647464,39038.82575118377,40964.92915924089,50614.57618941362,59608.17374921098
2025-06-26,-2028.2810372702397,53872.529568494974,38974.84408541535,38758.2597971337,39719.84982552122,42984.18347217923,50497.7905460692
2025-06-27,8713.813647382956,53872.529568494974,38977.23591776809,38408.47178230793,38659.269088314744,38344.68448099568,45745.07607903659
2025-06-30,-67.82004227750063,53872.529568494974,38955.346741122834,40186.106430117434,37718.60916303748,35661.64069457831,47322.99779131615
2025-07-01,2176.027544223335,53872.529568494974,38944.64928038208,38540.30898643486,36848.00868835585,34089.48551163731,40286.70870208309
2025-07-02,7023.031526805822,53872.529568494974,38944.85078568901,39051.72211311779,35770.37226979976,32173.845707219272,38211.52600072256
2025-07-03,14809.317026326933,53872.529568494974,38943.55505809891,39320.87994826306,34704.257815247285,30912.056239240275,38102.734275075
2025-07-07,5023.184849418095,53872.529568494974,38958.72153112457,38874.96231676144,35185.765261715766,35913.57825386905,41631.24573575979
2025-07-08,19078.88969154226,53872.529568494974,39008.07631769298,38883.5311257298,37433.612740494165,44447.92754355147,51976.416038589676
2025-07-09,16534.72097341876,53872.529568494974,39016.72089751143,39906.88438278095,37036.0889886647,41224.418527272486,47120.86045509455
2025-07-10,9312.618370338456,53872.529568494974,39013.64389548588,38806.21521610281,36781.20129336095,39660.081874547745,51715.90372863727
2025-07-11,6106.190471857948,53872.529568494974,39029.332138691694,38576.70965074967,36692.84254797763,39243.34079608433,50507.93736886049
2025-07-14,8883.826779114288,53872.529568494974,39021.198350776926,39223.021951175826,35641.6330772061,35589.60185422466,42913.56049567414
2025-07-15,10232.682485085024,53872.529568494974,39020.446770799754,39215.18286820147,34646.017380176105,33368.20644541025,38250.51305770321
2025-07-16,1985.4568496344418,53872.529568494974,39024.028134413646,40060.268410384095,33844.57988053713,32648.681525509077,38537.21876854545
2025-07-17,5273.131998104009,53872.529568494974,39023.776195198865,39837.98592768577,32836.75494610777,31353.13416086519,36884.94971103778
2025-07-18,895.6085661056492,53872.529568494974,39023.23910216116,39217.14674066347,32160.775508855764,31706.363354443172,35998.006110506554
2025-07-21,929.2712132728058,53872.529568494974,39023.37502716047,39014.841679548335,31210.73287177904,30805.755174477225,35231.06911104187
2025-07-22,-2630.4331168319154,53872.529568494974,39024.1676203253,39043.56683084186,30552.315025098655,31213.56471649405,39311.02793426544
2025-07-23,4911.878884535339,53872.529568494974,39027.93036034434,38472.38176918261,30298.69382915897,32752.24387407933,40186.24422085894
2025-07-24,3012.1319431851216,53872.529568494974,39025.67036456513,38736.97547825186,29523.88011818079,31789.685077134207,35979.794434625874
2025-07-25,2892.6802411591934,53872.529568494974,39002.58583861189,39091.675003042415,28642.69184174556,30725.874350626425,33612.7852677639
2025-07-28,-19562.989822336105,53872.529568494974,39002.41618989766,38823.42889634716,27805.60171161536,30153.402047301443,37578.835339733414
2025-07-29,-9435.256866787991,53872.529568494974,38991.821560986806,39247.826838949106,26960.418773328394,29661.21342948444,37967.9608194961
2025-07-30,-4825.54942287269,53872.529568494974,38980.882093701184,38551.83002532945,26339.21019613426,30021.941701872038,37813.73171013088
2025-07-31,-2076.4424575259186,53872.529568494974,38980.03060436874,39231.368630658144,25542.392159802144,29523.480782135503,38645.12375443451
2025-08-01,1481.772286774385,53872.529568494974,38973.82984106134,39779.76447099861,24792.075721878246,29262.210397016173,33865.52116801683
2025-08-04,23900.466041363827,53872.529568494974,39115.81360155394,38723.17223295561,36305.32705735897,59112.945830624034,69843.22786341664
2025-08-05,14018.259326517202,53872.529568494974,39142.21317599251,38723.42323676477,37381.691390174456,53580.91779550209,64278.85815768137
2025-08-06,6876.217370774346,53872.529568494974,39129.797910602436,38471.694935287705,37371.34720369822,47630.72340276223,52575.34573187314
2025-08-07,10221.097520239211,53872.529568494974,39071.160673742015,40048.64556255772,36457.045839537364,41561.80507401024,50247.768014979345
2025-08-08,7305.002854114043,53872.529568494974,39069.60910030513,39219.09365777954,35505.7527954735,37468.93113963077,51608.71273195587
2025-08-11,-4357.25783077142,53872.529568494974,39031.149970751256,39535.0552763583,34450.8459762457,34715.9586112643,39814.23586338525
2025-08-12,-10404.38775650317,53872.529568494974,39026.86583343506,38915.58888868001,33401.33499496707,32808.92714549295,37362.392368466484
2025-08-13,-15671.796550378785,53872.529568494974,39024.569371004385,39013.7415925029,32383.798775093157,31735.708259900173,39932.01926037358
2025-08-14,-23111.94620772481,53872.529568494974,39037.93552021734,38952.59673854387,32475.49947800463,34717.749768953334,38435.87443629423
2025-08-18,-13849.449477653006,53872.529568494974,39036.519511572864,38957.84655879029,31488.17425501795,32920.89452219759,41028.976281160154
2025-08-19,3313.2496177942453,53872.529568494974,39073.09844876749,38713.10281202116,33381.75325419718,40398.3067493743,49492.276626816834
2025-08-20,9800.533804507002,53872.529568494974,39073.21550825004,39927.63894684391,33270.807502848256,38891.171383328765,43713.88184971504
2025-08-21,16754.43265446115,53872.529568494974,39082.5953333072,40347.85172638589,32945.25347836911,37480.17799672513,48286.616221239354
2025-08-22,18731.203992335042,53872.529568494974,39081.955158527286,39246.71240629985,31963.447787625224,34661.53336698545,38953.500198843074
2025-08-25,6651.207999214571,53872.529568494974,39106.940538857096,39911.96217320482,33036.10835515296,38958.09820942895,44335.04996485081
2025-08-26,-4386.875675090031,53872.529568494974,39115.60681328185,39350.04277691382,33104.18807562749,38593.743940039036,45292.608846529525
2025-08-27,-855.8777463084739,53872.529568494974,39115.658731888085,38713.966187999584,32100.49336128572,35320.619504592534,37110.680956914686
2025-08-28,4615.214677494439,53872.529568494974,39114.4179782554,39297.32341809768,31197.646188948198,33593.01125618186,37821.09648402766
2025-08-29,6174.268380686976,53872.529568494974,39112.92089242008,39394.28111299526,30276.793261759234,32475.237820328843,40686.78331590161
2025-09-02,13905.381547618865,53872.529568494974,39116.31083072072,39925.905803845046,29618.442804459417,32600.50740681609,35979.652172149945
2025-09-03,23470.585710165735,53872.529568494974,39123.24962444084,39133.12415911861,29276.175078854874,33544.9240939092,35417.13199181903
2025-09-04,27529.74904004641,53872.529568494974,39123.02144128898,38998.23901573399,28830.711804664534,33656.8032838448,41953.69283526863
2025-09-05,25615.133391433417,53872.529568494974,39132.146270051206,38504.993389408395,29406.953017683056,36353.82207134891,40381.59079242265
2025-09-08,29636.572604185752,53872.529568494974,39131.648647231064,38915.10090748052,28704.20489712642,34504.791906151615,38595.317464402004
2025-09-09,29103.438272667114,53872.529568494974,39138.251840860146,40900.898177317154,28449.368868952115,34633.82882883805,43199.034615383935
2025-09-10,26678.919088574006,53872.529568494974,39147.078043701295,40183.60781996431,28335.702171291774,35070.12970514077,42513.641005154896
2025-09-11,13372.487425433024,53872.529568494974,39168.49323642178,39691.03706081248,29313.957451067577,38069.35911889284,46290.95170024337
2025-09-12,15371.280899160773,53872.529568494974,39177.49825106817,39545.31011293952,29198.731095026113,37091.4500796281,44624.432211110434
2025-09-15,10437.393166383114,53872.529568494974,39191.84435943126,39885.8457822959,29542.872035168413,37708.306938374175,43646.36698412531
2025-09-16,11952.388679195046,53872.529568494974,39197.31120188726,38194.34826968766,29115.70044939026,36156.24787968724,40540.613947572165
2025-09-17,9249.091175264803,53872.529568494974,39195.21568884375,38116.23028373153,28432.70389367429,34571.05191635227,42931.4592204117
2025-09-18,8883.698985442708,53872.529568494974,39204.48663792451,37528.722750422894,28375.917215156038,35278.281297041874,38985.105959815424
2025-09-19,-2712.1332692852984,53872.529568494974,39221.880725923555,39216.47006468225,29022.122310111445,37402.99569893066,48365.91807335578
2025-09-22,-14392.332069223341,53872.529568494974,39222.12845345077,37906.61263137182,28220.875898910675,35031.52201717155,40911.5568463655
2025-09-23,-11887.140909133932,53872.529568494974,39230.34296550825,38858.11337630595,28281.526930780998,35819.3605626901,42693.70392005416
2025-09-24,-12814.65431876055,53872.529568494974,39230.34291089737,39585.15131372297,27419.994295570283,33976.04214824677,39506.28270026419
2025-09-25,-2216.660767321094,53872.529568494974,39238.0036813074,39630.33696852349,27540.994745930493,35330.65711654438,42240.56303605894
2025-09-26,11826.791576659545,53872.529568494974,39244.07817501048,39383.656704093104,27269.415109856927,35117.38370401547,41072.67081094329
2025-09-29,22316.77968236779,53872.529568494974,39274.99350860837,39408.397807453686,29340.088076524702,40429.01917726887,46098.261986305304
2025-09-30,16674.285607279904,53872.529568494974,39291.49507971539,39793.93503572847,30270.096507753613,40886.95595701697,50136.9831472142
2025-10-01,12631.129485082021,53872.529568494974,39291.72490965883,39888.14683843614,29373.5707178054,36934.73884885425,44702.031620931055
2025-10-02,19906.681985401643,53872.529568494974,39282.393134661244,40925.43968191367,29169.263633734983,36360.98797213926,41862.4001741206
2025-10-10,16133.503405511326,53872.529568494974,39312.16874372743,39486.67276371903,30863.68285784433,40637.78040044195,44375.974854768
2025-10-13,14864.496904179457,53872.529568494974,39305.99480782029,39369.5650978759,29930.39610789313,36758.17596201385,43729.81660499208
2025-10-14,24399.35187961743,53872.529568494974,39306.216842843074,39691.73139867472,29190.005887866166,35028.50138140768,40168.83465921325
2025-10-15,29538.093584376744,53872.529568494974,39314.563456173695,39758.851191082606,29010.636559485756,35477.65626775983,43210.427273968
2025-10-16,21804.39384367579,53872.529568494974,39359.932735721195,39987.56643379468,32153.53713068712,43513.04364728804,49214.97596769065
2025-10-17,12010.935184188416,53872.529568494974,39368.060097917056,39455.438079727355,32075.794752814618,40629.90550204085,48483.09653807029
2025-10-20,24286.90585354505,53872.529568494974,39359.77071942972,38011.6121744074,31113.829679696242,36844.93109393494,42024.15889206291
2025-10-21,27160.638823210425,53872.529568494974,39408.35791840831,39167.676157981405,33827.80248436055,43730.46107419041,48984.088344725176
2025-10-22,25982.962977499526,53872.529568494974,39407.88504028462,40606.59466788016,32797.708567509224,38625.96606643942,44844.40308581098
2025-10-23,23756.943182860236,53872.529568494974,39403.74958462787,38898.55483000743,32309.911793445284,37078.34019277951,48320.01783663453
2025-10-24,22131.62648695055,53872.529568494974,39404.60611584744,39032.80408049427,31710.633784221613,35911.98471520991,40424.4473930224
2025-10-27,15301.640275205857,53872.529568494974,39444.438700278726,39153.33511556441,34065.11512782182,42603.16264245408,52924.184500324336
2025-10-28,11483.342516962952,53872.529568494974,39519.39193730657,38369.016388299766,38087.45607672578,50305.47458963498,58600.504542071845
2025-10-29,7150.914401194745,53872.529568494974,39518.15814512557,39477.85617505767,36951.1466812174,42545.96316162085,57074.92474822651
2025-10-30,-9366.307430760047,53872.529568494974,39517.34417579826,40716.62762850768,35941.77792396989,38287.24533758473,42762.66006297099
2025-10-31,-5076.038403608555,53872.529568494974,39511.19562440559,39275.29785026673,35542.45766725408,37624.85778628501,43185.4891802556
2025-11-03,-19912.08466688686,53872.529568494974,39513.55364770494,38773.756595789346,34972.50018083206,36752.59875733583,43269.66723751579
2025-11-04,-16784.991103473985,53872.529568494974,39552.185709195444,38987.55738031435,36723.640253477504,42470.65699307649,53283.687055090355
2025-11-05,-9238.415464284995,53872.529568494974,39554.60412844021,40076.326556778804,36258.1362659013,39759.462960234385,47622.356762346724
2025-11-06,14094.68388911875,53872.529568494974,39622.1956449203,40058.77127865252,39565.74268598374,48065.45383916068,52544.64257435924
2025-11-07,14864.341267163943,53872.529568494974,39621.974444768355,38790.82379918123,38390.94112775035,41279.808015770366,56618.45115800599
2025-11-10,9121.06255925589,53872.529568494974,39656.98742663181,39600.3795198673,39405.550510060675,43440.43618549737,51506.14330571574
2025-11-11,-972.2118624685868,53872.529568494974,39720.59554252008,39235.15190070024,42271.020760274056,49559.99484856437,68174.01278654531
2025-11-12,-19961.17334556164,53872.529568494974,39721.47760668414,40198.268427942465,41076.38853924925,42426.57668166979,51125.84190652763
2025-11-13,-31926.62998476645,53872.529568494974,39748.88627512225,40434.88979281035,41472.75468011111,42915.69848777348,50117.00958703282
2025-11-14,-24227.80352993024,53872.529568494974,39742.48615373059,40131.46352886852,40213.08990402871,38319.47378997369,42862.662437439925
2025-11-17,-22680.87294460876,53872.529568494974,39793.78667485137,40655.64077686737,43935.54718205386,49785.66294600803,56118.6811336559
2025-11-18,-25211.446389766064,53872.529568494974,39798.98777121684,40687.84531934678,42916.73300838598,43425.36425736423,45392.221015931274
2025-11-19,-4854.432623896671,53872.529568494974,39851.00655610448,39303.13914086152,46804.27311909651,53473.6282796127,64672.85808089106
2025-11-20,12687.836066099106,53872.529568494974,39836.013535414284,40816.16559419274,45526.782307764224,45269.40989987018,50899.49919313193
2025-11-21,14022.83542362454,53872.529568494974,39812.777351034456,39904.69833681855,45100.65422951401,42954.38405161421,50591.394295731625
2025-11-24,27941.218829827,53872.529568494974,39859.59523002967,39918.494079803335,47395.42707294444,49741.89052961101,57175.54085192074
2025-11-25,33530.722587352764,53872.529568494974,39859.77544463802,39470.99362210954,45995.23663004414,42824.82045091606,54188.620733575655
2025-11-26,34793.6960046331,53872.529568494974,39861.91415931179,39499.45253549299,44821.25038701562,39161.27052910312,48376.52086133003
2025-11-28,18560.484358359143,53872.529568494974,39928.20395335995,39851.89677899487,47300.58382840444,48298.25146688244,53149.165707220134
2025-12-01,12952.664079324182,53872.529568494974,39946.38908177672,39833.16134529757,47151.27665789327,45875.483642836945,53159.609331216394
2025-12-02,16136.498297545893,53872.529568494974,39938.031978704996,39694.98978874418,45718.15773059462,40408.812252439755,46443.51497706129
2025-12-03,8667.95917816112,53872.529568494974,39952.754365628425,39680.97887948625,45255.07262544546,40146.871049206304,45531.21612828089
2025-12-04,6815.742689887104,53872.529568494974,39959.663633540236,40324.223743537,44300.71823880022,38333.95947796382,46133.29203333193
2025-12-05,7359.271096458939,53872.529568494974,39958.03566273826,40660.59707507254,42997.88324351179,36023.54182037588,37397.024266517685
2025-12-08,5146.38289521113,53872.529568494974,39958.034101086014,39837.881167045685,41862.22094389461,35155.46091520517,45347.41096332035
2025-12-09,-2037.372640911421,53872.529568494974,39948.96146538482,39598.263535594655,40738.2148909059,34585.19473797037,37950.06176289874
2025-12-10,-13404.988695279773,53872.529568494974,39940.37429218888,39637.36991553575,39499.09548036676,33765.21555812777,41951.58394523394
2025-12-11,-17143.753378070323,53872.529568494974,39942.588349266945,40077.600969596606,38479.59968387022,33934.67668451145,36414.78921814624
2025-12-12,-20023.214085511318,53872.529568494974,39941.82166648386,39865.782829259064,37330.41241930634,33483.78573421066,37508.71498060157
2025-12-15,-13711.48644802828,53872.529568494974,39937.0776694236,39497.58009733122,36206.870505563274,33178.46146934167,42209.00427134966
2025-12-16,1077.0460075317876,53872.529568494974,39940.80353516867,40539.44425397942,35554.98824354272,34334.60354642352,38577.58285340411
2025-12-17,11883.599950598214,53872.529568494974,39982.63524084375,39942.30513632129,37544.31643799984,42097.46220433113,46172.74449716522
2025-12-18,12410.8101399947,53872.529568494974,39982.74872025159,39687.11365001287,36414.50125128703,38054.907251628596,42555.119016122495
2025-12-19,18973.37969379628,53872.529568494974,39983.99305736555,39252.945961779864,35654.781181281876,36660.473426329794,39944.10473910842
2025-12-22,20297.988286413514,53872.529568494974,40000.37115001265,39470.41893823693,35730.57009566245,38079.65868181843,45450.75242029034
2025-12-23,7042.504397384076,,,,,,
