Date,^KS11,^KQ11,IEF,^GSPC
2006-01-03,1394.8699951171875,735.1500244140625,48.76194381713867,1268.800048828125
2006-01-04,1402.1099853515625,740.47998046875,48.84912109375,1273.4599609375
2006-01-05,1395.510009765625,736.6599731445312,48.86076354980469,1273.47998046875
2006-01-06,1412.780029296875,747.0999755859375,48.796836853027344,1285.449951171875
2006-01-09,1408.3299560546875,753.8800048828125,48.820091247558594,1290.1500244140625
2006-01-10,1396.2900390625,744.7100219726562,48.62247085571289,1289.68994140625
2006-01-11,1394.0899658203125,744.1699829101562,48.500431060791016,1294.1800537109375
2006-01-12,1402.5799560546875,742.0700073242188,48.67477798461914,1286.06005859375
2006-01-13,1416.280029296875,746.3400268554688,48.88981246948242,1287.6099853515625
2006-01-17,1389.5799560546875,739.0999755859375,48.94792556762695,1282.9300537109375
2006-01-18,1352.9100341796875,708.0800170898438,48.965396881103516,1277.9300537109375
2006-01-19,1360.6400146484375,705.5700073242188,48.843318939208984,1285.0400390625
2006-01-20,1324.780029296875,665.3099975585938,48.92470169067383,1261.489990234375
2006-01-23,1297.4300537109375,601.3300170898438,48.913063049316406,1263.8199462890625
2006-01-24,1326.8299560546875,618.1799926757812,48.831661224365234,1266.8599853515625
2006-01-25,1342.5899658203125,641.969970703125,48.52949142456055,1264.6800537109375
2006-01-26,1352.75,653.52001953125,48.42488098144531,1273.8299560546875
2006-01-27,1384.56005859375,677.6900024414062,48.45975112915039,1283.719970703125
2006-01-31,1399.8299560546875,690.239990234375,48.42488098144531,1280.0799560546875
2006-02-01,1375.969970703125,661.1900024414062,48.275604248046875,1282.4599609375
2006-02-02,1374.43994140625,664.4400024414062,48.275604248046875,1270.8399658203125
2006-02-03,1333.5,641.2000122070312,48.42136001586914,1264.030029296875
2006-02-06,1341.6400146484375,644.9299926757812,48.35139465332031,1265.02001953125
2006-02-07,1332.280029296875,650.0700073242188,48.293113708496094,1254.780029296875
2006-02-08,1310.989990234375,643.489990234375,48.26392364501953,1265.6500244140625
2006-02-09,1321.6600341796875,649.75,48.31059265136719,1263.780029296875
2006-02-10,1335.22998046875,655.6099853515625,48.170658111572266,1266.989990234375
2006-02-13,1320.7900390625,653.2100219726562,48.170658111572266,1262.8599853515625
2006-02-14,1328.2099609375,653.3499755859375,48.10069274902344,1275.530029296875
2006-02-15,1303.8399658203125,639.9199829101562,48.188194274902344,1280.0
2006-02-16,1314.3199462890625,645.0499877929688,48.164817810058594,1289.3800048828125
2006-02-17,1332.72998046875,649.75,48.32807540893555,1287.239990234375
2006-02-21,1346.489990234375,661.25,48.26979064941406,1283.030029296875
2006-02-22,1340.5799560546875,660.8499755859375,48.450477600097656,1292.6700439453125
2006-02-23,1361.22998046875,668.4600219726562,48.33393859863281,1287.7900390625
2006-02-24,1365.8199462890625,672.9400024414062,48.275604248046875,1289.4300537109375
2006-02-27,1374.8800048828125,682.3300170898438,48.18231201171875,1294.1199951171875
2006-02-28,1371.5899658203125,682.3599853515625,48.37471389770508,1280.6600341796875
2006-03-02,1367.699951171875,679.1900024414062,48.08634948730469,1289.1400146484375
2006-03-03,1328.949951171875,665.0499877929688,47.96936798095703,1287.22998046875
2006-03-06,1344.760009765625,669.5599975585938,47.817283630371094,1278.260009765625
2006-03-07,1316.6700439453125,658.47998046875,47.84068298339844,1275.8800048828125
2006-03-08,1314.050048828125,657.0800170898438,47.86408996582031,1278.469970703125
2006-03-09,1311.2099609375,665.5700073242188,47.91085433959961,1272.22998046875
2006-03-10,1320.0699462890625,668.6599731445312,47.817283630371094,1281.4200439453125
2006-03-13,1338.280029296875,672.3200073242188,47.7763557434082,1284.1300048828125
2006-03-14,1326.300048828125,667.0599975585938,48.0512809753418,1297.47998046875
2006-03-15,1333.97998046875,663.6300048828125,47.9635124206543,1303.02001953125
2006-03-16,1335.97998046875,655.72998046875,48.26770782470703,1305.3299560546875
2006-03-17,1341.1199951171875,652.8900146484375,48.16827392578125,1307.25
2006-03-20,1346.68994140625,655.9099731445312,48.26183319091797,1305.0799560546875
2006-03-21,1336.6500244140625,657.989990234375,48.062965393066406,1297.22998046875
2006-03-22,1309.8299560546875,645.469970703125,48.12138748168945,1305.0400390625
2006-03-23,1312.260009765625,645.25,47.9986457824707,1301.6700439453125
2006-03-24,1321.22998046875,644.5700073242188,48.20918273925781,1302.949951171875
2006-03-27,1330.3399658203125,644.8699951171875,48.10393142700195,1301.6099853515625
2006-03-28,1331.31005859375,637.4099731445312,47.86990737915039,1293.22998046875
2006-03-29,1332.719970703125,640.0499877929688,47.82313537597656,1302.8900146484375
2006-03-30,1338.1400146484375,653.0499877929688,47.682777404785156,1300.25
2006-03-31,1359.5999755859375,665.2100219726562,47.717838287353516,1294.8699951171875
2006-04-03,1379.75,677.280029296875,47.6650505065918,1297.81005859375
2006-04-04,1385.6400146484375,680.3499755859375,47.67091751098633,1305.9300537109375
2006-04-05,1388.77001953125,688.3800048828125,47.782405853271484,1311.56005859375
2006-04-06,1397.0,693.77001953125,47.647491455078125,1309.0400390625
2006-04-07,1402.3599853515625,694.3499755859375,47.430301666259766,1295.5
2006-04-10,1398.2900390625,695.4000244140625,47.48900604248047,1296.6199951171875
2006-04-11,1386.0799560546875,691.9600219726562,47.577064514160156,1286.5699462890625
2006-04-12,1383.5899658203125,690.5999755859375,47.465545654296875,1288.1199951171875
2006-04-13,1405.719970703125,697.3900146484375,47.21327590942383,1289.1199951171875
2006-04-17,1422.6300048828125,702.9600219726562,47.3951416015625,1285.3299560546875
2006-04-18,1427.0,702.8400268554688,47.54767990112305,1307.280029296875
2006-04-19,1437.8399658203125,701.8499755859375,47.41276931762695,1309.9300537109375
2006-04-20,1434.1500244140625,694.1199951171875,47.371673583984375,1311.4599609375
2006-04-21,1451.31005859375,701.489990234375,47.47136688232422,1311.280029296875
2006-04-24,1430.93994140625,695.7000122070312,47.53008270263672,1308.1099853515625
2006-04-25,1431.1500244140625,689.2100219726562,47.23079299926758,1301.739990234375
2006-04-26,1451.219970703125,693.219970703125,47.20733642578125,1305.4100341796875
2006-04-27,1452.530029296875,693.3699951171875,47.336387634277344,1309.719970703125
2006-04-28,1419.72998046875,685.4400024414062,47.4185905456543,1310.6099853515625
2006-05-02,1434.9000244140625,687.8400268554688,47.238380432128906,1313.2099609375
2006-05-03,1435.1700439453125,689.8900146484375,47.173583984375,1308.1199951171875
2006-05-04,1441.02001953125,689.8900146484375,47.144142150878906,1312.25
2006-05-08,1452.22998046875,691.8900146484375,47.279598236083984,1324.6600341796875
2006-05-09,1450.43994140625,686.1199951171875,47.261959075927734,1325.1400146484375
2006-05-10,1451.0899658203125,683.3699951171875,47.2855224609375,1322.8499755859375
2006-05-11,1464.699951171875,689.969970703125,47.20302200317383,1305.9200439453125
2006-05-12,1445.199951171875,686.010009765625,47.02638626098633,1291.239990234375
2006-05-15,1413.97998046875,675.2999877929688,47.12646484375,1294.5
2006-05-16,1382.1099853515625,662.1400146484375,47.303157806396484,1292.0799560546875
2006-05-17,1401.469970703125,671.239990234375,47.167720794677734,1270.3199462890625
2006-05-18,1365.1500244140625,650.9000244140625,47.50341796875,1261.81005859375
2006-05-19,1372.2900390625,658.5599975585938,47.47394943237305,1267.030029296875
2006-05-22,1338.5899658203125,643.7000122070312,47.53874588012695,1262.0699462890625
2006-05-23,1329.8599853515625,640.3400268554688,47.521053314208984,1256.5799560546875
2006-05-24,1333.3800048828125,636.97998046875,47.591739654541016,1258.5699462890625
2006-05-25,1295.760009765625,620.2000122070312,47.51517868041992,1272.8800048828125
2006-05-26,1322.4300537109375,633.9099731445312,47.55640411376953,1280.1600341796875
2006-05-30,1317.699951171875,630.5,47.51517868041992,1259.8699951171875
2006-06-01,1295.0899658203125,612.7999877929688,47.44715118408203,1285.7099609375
2006-06-02,1309.0400390625,612.8400268554688,47.81364440917969,1288.219970703125
2006-06-05,1301.6199951171875,598.7100219726562,47.71908187866211,1265.2900390625
2006-06-07,1266.8399658203125,562.9099731445312,47.69541549682617,1256.1500244140625
2006-06-08,1223.1300048828125,559.4099731445312,47.76046371459961,1257.9300537109375
2006-06-09,1235.6500244140625,578.7100219726562,47.87864303588867,1252.300048828125
2006-06-12,1239.8399658203125,585.6599731445312,47.85498809814453,1237.43994140625
2006-06-13,1203.8599853515625,568.6400146484375,47.92001724243164,1223.68994140625
2006-06-14,1221.72998046875,577.3499755859375,47.600860595703125,1230.0400390625
2006-06-15,1219.4000244140625,575.6799926757812,47.49445343017578,1256.1600341796875
2006-06-16,1262.18994140625,587.0800170898438,47.46489334106445,1251.5400390625
2006-06-19,1251.6700439453125,578.1099853515625,47.41169357299805,1240.1300048828125
2006-06-20,1225.8299560546875,564.780029296875,47.37621307373047,1240.1199951171875
2006-06-21,1227.18994140625,566.3099975585938,47.37028503417969,1252.199951171875
2006-06-22,1238.8299560546875,564.22998046875,47.21659851074219,1245.5999755859375
2006-06-23,1228.6199951171875,559.3699951171875,47.175254821777344,1244.5
2006-06-26,1238.050048828125,560.9199829101562,47.145713806152344,1250.56005859375
2006-06-27,1247.5400390625,566.219970703125,47.26982879638672,1239.199951171875
2006-06-28,1238.7099609375,563.6099853515625,47.116119384765625,1246.0
2006-06-29,1263.02001953125,576.9199829101562,47.31122970581055,1272.8699951171875
2006-06-30,1295.1500244140625,590.6799926757812,47.47673797607422,1270.199951171875
2006-07-03,1294.6099853515625,589.219970703125,47.45415496826172,1280.18994140625
2006-07-05,1279.8499755859375,575.97998046875,47.28205108642578,1270.9100341796875
2006-07-06,1263.9599609375,570.0700073242188,47.43041229248047,1274.0799560546875
2006-07-07,1273.9300537109375,573.0399780273438,47.57881546020508,1265.47998046875
2006-07-10,1299.2900390625,576.3800048828125,47.61436080932617,1267.3399658203125
2006-07-11,1300.43994140625,574.97998046875,47.66780471801758,1272.4300537109375
2006-07-12,1296.68994140625,578.239990234375,47.70934295654297,1258.5999755859375
2006-07-13,1285.02001953125,571.1099853515625,47.81608963012695,1242.280029296875
2006-07-14,1255.1300048828125,559.6599731445312,47.85173034667969,1236.199951171875
2006-07-18,1233.4200439453125,543.969970703125,47.626243591308594,1236.8599853515625
2006-07-19,1233.6500244140625,539.8099975585938,47.92887496948242,1259.81005859375
2006-07-20,1273.300048828125,553.9099731445312,48.029788970947266,1249.1300048828125
2006-07-21,1271.3299560546875,551.6300048828125,48.00006866455078,1240.2900390625
2006-07-24,1263.3499755859375,548.6799926757812,48.00006866455078,1260.9100341796875
2006-07-25,1279.77001953125,552.3400268554688,47.95258712768555,1268.8800048828125
2006-07-26,1279.0799560546875,554.0800170898438,48.071285247802734,1268.4000244140625
2006-07-27,1296.27001953125,555.6500244140625,48.065364837646484,1263.199951171875
2006-07-28,1297.0699462890625,556.6900024414062,48.19591522216797,1278.550048828125
2006-07-31,1297.8199462890625,557.6599731445312,48.273033142089844,1276.6600341796875
2006-08-01,1287.3599853515625,550.2100219726562,48.284385681152344,1270.9200439453125
2006-08-02,1295.1099853515625,551.4400024414062,48.326072692871094,1277.4100341796875
2006-08-03,1292.050048828125,546.1500244140625,48.33796691894531,1280.27001953125
2006-08-04,1304.510009765625,549.75,48.57626724243164,1279.3599853515625
2006-08-07,1289.5400390625,544.8400268554688,48.51077651977539,1275.77001953125
2006-08-08,1311.0999755859375,546.47998046875,48.5167121887207,1271.47998046875
2006-08-09,1314.9300537109375,552.3200073242188,48.49287414550781,1265.949951171875
2006-08-10,1304.31005859375,555.530029296875,48.504756927490234,1271.81005859375
2006-08-11,1292.0999755859375,553.1699829101562,48.349937438964844,1266.739990234375
2006-08-14,1295.1099853515625,549.8599853515625,48.2664909362793,1268.2099609375
2006-08-16,1315.6099853515625,548.0700073242188,48.70136260986328,1295.4300537109375
2006-08-17,1327.780029296875,551.8099975585938,48.689453125,1297.47998046875
2006-08-18,1331.0999755859375,551.9099731445312,48.82052230834961,1302.300048828125
2006-08-21,1321.6700439453125,550.8699951171875,48.880104064941406,1297.52001953125
2006-08-22,1334.9599609375,554.0900268554688,48.89798355102539,1298.8199462890625
2006-08-23,1324.949951171875,554.22998046875,48.850318908691406,1292.989990234375
2006-08-24,1315.72998046875,551.760009765625,48.89798355102539,1296.06005859375
2006-08-25,1329.3499755859375,556.4099731445312,48.963539123535156,1295.0899658203125
2006-08-28,1327.8900146484375,556.280029296875,48.95753860473633,1301.780029296875
2006-08-29,1344.6099853515625,560.7999877929688,48.999229431152344,1304.280029296875
2006-08-30,1341.3499755859375,565.0999755859375,49.0588493347168,1305.3699951171875
2006-08-31,1352.739990234375,572.8300170898438,49.12431716918945,1303.8199462890625
2006-09-01,1356.6700439453125,577.72998046875,49.19728469848633,1311.010009765625
2006-09-05,1361.239990234375,592.8300170898438,49.03585433959961,1313.25
2006-09-06,1357.010009765625,592.5,48.99995040893555,1300.260009765625
2006-09-07,1351.1700439453125,591.6400146484375,49.03585433959961,1294.02001953125
2006-09-08,1354.8900146484375,597.6799926757812,49.08369064331055,1298.9200439453125
2006-09-11,1334.0799560546875,591.9600219726562,48.99397659301758,1299.5400390625
2006-09-12,1328.0400390625,588.6400146484375,49.131526947021484,1313.0
2006-09-13,1333.1300048828125,592.4500122070312,49.17936325073242,1318.0699462890625
2006-09-14,1358.75,600.9500122070312,49.08369064331055,1316.280029296875
2006-09-15,1361.0999755859375,606.219970703125,49.053810119628906,1319.6600341796875
2006-09-18,1374.300048828125,613.3900146484375,48.98200988769531,1321.1800537109375
2006-09-19,1373.949951171875,614.7999877929688,49.27504348754883,1317.6400146484375
2006-09-20,1366.43994140625,613.1300048828125,49.28700637817383,1325.1800537109375
2006-09-21,1366.7900390625,611.969970703125,49.63980484008789,1318.030029296875
2006-09-22,1348.3800048828125,599.4199829101562,49.78932571411133,1314.780029296875
2006-09-25,1355.2099609375,597.2899780273438,49.9567756652832,1326.3699951171875
2006-09-26,1343.969970703125,591.6300048828125,49.83118438720703,1336.3499755859375
2006-09-27,1360.030029296875,595.4600219726562,49.81926727294922,1336.5899658203125
2006-09-28,1371.4300537109375,599.9099731445312,49.7713737487793,1338.8800048828125
2006-09-29,1371.4100341796875,600.4199829101562,49.71757888793945,1335.8499755859375
2006-10-02,1374.219970703125,596.989990234375,49.80519485473633,1331.3199462890625
2006-10-04,1352.0,587.3200073242188,50.027305603027344,1350.199951171875
2006-10-09,1319.4000244140625,539.0999755859375,49.64313507080078,1350.6600341796875
2006-10-10,1328.3699951171875,554.7000122070312,49.34294509887695,1353.4200439453125
2006-10-11,1325.489990234375,555.47998046875,49.28295135498047,1349.949951171875
2006-10-12,1331.780029296875,568.25,49.31298828125,1362.8299560546875
2006-10-13,1348.5999755859375,574.219970703125,49.22893524169922,1365.6199951171875
2006-10-16,1356.719970703125,582.0399780273438,49.31298828125,1369.06005859375
2006-10-17,1351.300048828125,577.030029296875,49.36701202392578,1364.050048828125
2006-10-18,1354.260009765625,578.25,49.355018615722656,1365.800048828125
2006-10-19,1354.06005859375,577.4299926757812,49.31298828125,1366.9599609375
2006-10-20,1364.239990234375,582.6500244140625,49.300941467285156,1368.5999755859375
2006-10-23,1364.949951171875,586.7899780273438,49.16292953491211,1377.02001953125
2006-10-24,1366.5,585.280029296875,49.22893524169922,1377.3800048828125
2006-10-25,1371.4300537109375,587.4299926757812,49.409034729003906,1382.219970703125
2006-10-26,1373.6500244140625,587.27001953125,49.57707977294922,1389.0799560546875
2006-10-27,1369.0899658203125,586.0999755859375,49.73915100097656,1377.3399658203125
2006-10-30,1356.1099853515625,580.0999755859375,49.76319885253906,1377.9300537109375
2006-10-31,1364.550048828125,586.0999755859375,49.985260009765625,1377.93994140625
2006-11-01,1374.3499755859375,594.7000122070312,50.158836364746094,1367.81005859375
2006-11-02,1383.72998046875,595.4000244140625,50.02024459838867,1367.3399658203125
2006-11-03,1383.8800048828125,598.7899780273438,49.64064025878906,1364.300048828125
2006-11-06,1379.18994140625,600.0599975585938,49.68889236450195,1379.780029296875
2006-11-07,1387.43994140625,600.6900024414062,49.85755920410156,1382.8399658203125
2006-11-08,1380.0699462890625,596.6099853515625,49.966041564941406,1385.719970703125
2006-11-09,1399.43994140625,602.7999877929688,49.96000671386719,1378.3299560546875
2006-11-10,1395.72998046875,603.9600219726562,50.06842803955078,1380.9000244140625
2006-11-13,1396.68994140625,604.9000244140625,50.04434585571289,1384.4200439453125
2006-11-14,1407.3699951171875,608.0900268554688,50.146766662597656,1393.219970703125
2006-11-15,1412.5400390625,606.5399780273438,50.00819778442383,1396.5699462890625
2006-11-16,1410.75,609.6400146484375,49.88167953491211,1399.760009765625
2006-11-17,1412.219970703125,610.9299926757812,50.06240463256836,1401.199951171875
2006-11-20,1402.2099609375,608.239990234375,50.09258270263672,1400.5
2006-11-21,1405.9000244140625,607.4299926757812,50.164817810058594,1402.81005859375
2006-11-22,1422.5400390625,614.8699951171875,50.2431640625,1406.0899658203125
2006-11-24,1421.72998046875,616.6799926757812,50.29742431640625,1400.949951171875
2006-11-27,1425.1300048828125,615.780029296875,50.34556579589844,1381.9599609375
2006-11-28,1411.469970703125,612.9299926757812,50.43597412109375,1386.719970703125
2006-11-29,1422.550048828125,617.1900024414062,50.37571716308594,1399.47998046875
2006-11-30,1432.2099609375,622.1699829101562,50.640830993652344,1400.6300048828125
2006-12-01,1434.3599853515625,619.760009765625,50.75815200805664,1396.7099609375
2006-12-04,1426.4599609375,618.1300048828125,50.752052307128906,1409.1199951171875
2006-12-05,1420.5899658203125,619.8699951171875,50.685569763183594,1414.760009765625
2006-12-06,1413.72998046875,614.989990234375,50.606971740722656,1412.9000244140625
2006-12-07,1410.300048828125,614.4299926757812,50.58885192871094,1407.2900390625
2006-12-08,1390.4300537109375,608.3900146484375,50.359004974365234,1409.8399658203125
2006-12-11,1390.72998046875,610.030029296875,50.5162467956543,1413.0400390625
2006-12-12,1376.97998046875,597.4600219726562,50.606971740722656,1411.56005859375
2006-12-13,1383.280029296875,598.3499755859375,50.346920013427734,1413.2099609375
2006-12-14,1418.3800048828125,605.8900146484375,50.26829528808594,1425.489990234375
2006-12-15,1421.8699951171875,612.2899780273438,50.280433654785156,1427.0899658203125
2006-12-18,1433.22998046875,616.5900268554688,50.30460739135742,1422.47998046875
2006-12-19,1427.760009765625,613.4299926757812,50.29254913330078,1425.550048828125
2006-12-20,1442.280029296875,614.27001953125,50.280433654785156,1423.530029296875
2006-12-21,1436.469970703125,608.6900024414062,50.46183776855469,1418.300048828125
2006-12-22,1437.489990234375,601.5999755859375,50.232051849365234,1410.760009765625
2006-12-26,1433.9200439453125,590.1199951171875,50.26829528808594,1416.9000244140625
2006-12-27,1425.0999755859375,592.1799926757812,50.1342887878418,1426.8399658203125
2006-12-28,1434.4599609375,606.1500244140625,50.01911544799805,1424.72998046875
2007-01-03,1409.3499755859375,602.6900024414062,50.14036560058594,1416.5999755859375
2007-01-04,1397.2900390625,603.9400024414062,50.32227325439453,1418.3399658203125
2007-01-05,1385.760009765625,602.3499755859375,50.158546447753906,1409.7099609375
2007-01-08,1370.81005859375,597.8300170898438,50.19495391845703,1412.8399658203125
2007-01-09,1374.3399658203125,601.9500122070312,50.18282699584961,1412.1099853515625
2007-01-10,1355.7900390625,596.780029296875,50.09794235229492,1414.8499755859375
2007-01-11,1365.31005859375,600.9400024414062,49.96448516845703,1423.8199462890625
2007-01-12,1388.3699951171875,608.010009765625,49.861412048339844,1430.72998046875
2007-01-16,1389.7099609375,605.5,49.95842742919922,1431.9000244140625
2007-01-17,1379.47998046875,598.1699829101562,49.861412048339844,1430.6199951171875
2007-01-18,1383.2099609375,597.0499877929688,49.928138732910156,1426.3699951171875
2007-01-19,1360.56005859375,583.6199951171875,49.84925079345703,1430.5
2007-01-22,1363.4100341796875,577.1199951171875,49.94025802612305,1422.949951171875
2007-01-23,1363.0899658203125,571.0399780273438,49.7946891784668,1427.989990234375
2007-01-24,1383.06005859375,580.27001953125,49.800750732421875,1440.1300048828125
2007-01-25,1382.3599853515625,583.5800170898438,49.60670471191406,1423.9000244140625
2007-01-26,1371.3299560546875,583.1500244140625,49.60064697265625,1422.1800537109375
2007-01-29,1363.0999755859375,582.47998046875,49.56428909301758,1420.6199951171875
2007-01-30,1370.719970703125,581.0399780273438,49.61277770996094,1428.8199462890625
2007-01-31,1360.22998046875,576.3699951171875,49.7946891784668,1438.239990234375
2007-02-01,1382.9000244140625,582.4600219726562,49.75879669189453,1445.93994140625
2007-02-02,1413.1400146484375,591.719970703125,49.80140686035156,1448.3900146484375
2007-02-05,1417.949951171875,594.6099853515625,49.856170654296875,1446.989990234375
2007-02-06,1428.5799560546875,596.219970703125,49.99619674682617,1448.0
2007-02-07,1426.2900390625,600.5599975585938,50.10576629638672,1450.02001953125
2007-02-08,1423.5799560546875,601.8200073242188,50.11796188354492,1448.31005859375
2007-02-09,1427.6800537109375,601.8900146484375,49.96576690673828,1438.06005859375
2007-02-12,1414.2900390625,599.1900024414062,49.89877700805664,1433.3699951171875
2007-02-13,1418.43994140625,596.7100219726562,49.86231231689453,1444.260009765625
2007-02-14,1436.0999755859375,602.780029296875,50.14836883544922,1455.300048828125
2007-02-15,1443.6300048828125,604.1699829101562,50.227508544921875,1456.81005859375
2007-02-16,1448.81005859375,605.0700073242188,50.28232955932617,1455.5400390625
2007-02-20,1452.9599609375,607.47998046875,50.34317398071289,1459.6800537109375
2007-02-21,1451.3800048828125,608.1599731445312,50.33708953857422,1457.6300048828125
2007-02-22,1465.4100341796875,610.4099731445312,50.20928955078125,1456.3800048828125
2007-02-23,1469.8800048828125,610.8300170898438,50.410152435302734,1451.18994140625
2007-02-26,1470.030029296875,613.010009765625,50.56842041015625,1449.3699951171875
2007-02-27,1454.5999755859375,611.52001953125,50.9944953918457,1399.0400390625
2007-02-28,1417.3399658203125,600.9299926757812,50.81801223754883,1406.8199462890625
2007-03-05,1376.1500244140625,594.030029296875,51.05926513671875,1374.1199951171875
2007-03-06,1402.9300537109375,601.9600219726562,50.992061614990234,1395.4100341796875
2007-03-07,1410.949951171875,606.1900024414062,51.08371353149414,1391.969970703125
2007-03-08,1423.8900146484375,611.6900024414062,51.07756042480469,1401.8900146484375
2007-03-09,1423.5799560546875,613.4099731445312,50.79048538208008,1402.8399658203125
2007-03-12,1441.3299560546875,619.6199951171875,50.930965423583984,1406.5999755859375
2007-03-13,1436.050048828125,620.4099731445312,51.1569709777832,1377.949951171875
2007-03-14,1407.3699951171875,613.3099975585938,51.08976745605469,1387.1700439453125
2007-03-15,1426.9300537109375,624.7000122070312,51.03479766845703,1392.280029296875
2007-03-16,1427.8800048828125,631.3900146484375,51.02869415283203,1386.949951171875
2007-03-19,1443.3900146484375,643.8900146484375,50.96149826049805,1402.06005859375
2007-03-20,1444.1700439453125,645.3699951171875,51.03479766845703,1410.93994140625
2007-03-21,1442.8499755859375,643.8200073242188,51.10808563232422,1435.0400390625
2007-03-22,1448.530029296875,645.77001953125,50.93710708618164,1434.5400390625
2007-03-23,1447.3800048828125,640.8900146484375,50.85769271850586,1436.1099853515625
2007-03-26,1449.77001953125,640.8800048828125,50.90045928955078,1437.5
2007-03-27,1453.22998046875,641.2000122070312,50.888240814208984,1428.6099853515625
2007-03-28,1439.739990234375,636.8200073242188,50.88213348388672,1417.22998046875
2007-03-29,1450.949951171875,645.3699951171875,50.80881881713867,1422.530029296875
2007-03-30,1452.550048828125,648.989990234375,50.74773406982422,1420.8599853515625
2007-04-02,1459.530029296875,651.780029296875,50.80416488647461,1424.550048828125
2007-04-03,1463.75,655.219970703125,50.761268615722656,1437.77001953125
2007-04-04,1483.4100341796875,660.8099975585938,50.840938568115234,1439.3699951171875
2007-04-05,1482.0400390625,663.97998046875,50.71222686767578,1443.760009765625
2007-04-09,1501.06005859375,670.5399780273438,50.47926330566406,1444.6099853515625
2007-04-10,1499.1600341796875,674.4099731445312,50.583412170410156,1448.3900146484375
2007-04-11,1513.4200439453125,676.7000122070312,50.52212905883789,1438.8699951171875
2007-04-12,1525.6099853515625,681.1900024414062,50.571205139160156,1447.800048828125
2007-04-13,1520.780029296875,685.219970703125,50.48531723022461,1452.8499755859375
2007-04-16,1532.0400390625,697.0900268554688,50.54053497314453,1468.3299560546875
2007-04-17,1528.6600341796875,690.1599731445312,50.75509262084961,1471.47998046875
2007-04-18,1534.5799560546875,689.9500122070312,50.87160110473633,1472.5
2007-04-19,1513.6600341796875,682.8499755859375,50.86547088623047,1470.72998046875
2007-04-20,1533.0799560546875,691.5599975585938,50.81028747558594,1484.3499755859375
2007-04-23,1544.3499755859375,692.010009765625,50.91450119018555,1480.9300537109375
2007-04-24,1556.7099609375,691.5999755859375,51.012630462646484,1480.4100341796875
2007-04-25,1545.550048828125,683.6599731445312,50.98196792602539,1495.4200439453125
2007-04-26,1553.1300048828125,681.9299926757812,50.83480453491211,1494.25
2007-04-27,1542.52001953125,675.52001953125,50.83480453491211,1494.0699462890625
2007-04-30,1542.239990234375,675.8800048828125,51.05556869506836,1482.3699951171875
2007-05-02,1553.300048828125,682.0700073242188,50.99645233154297,1495.9200439453125
2007-05-03,1559.8599853515625,686.530029296875,50.94108963012695,1502.3900146484375
2007-05-04,1567.739990234375,693.4400024414062,51.070343017578125,1505.6199951171875
2007-05-07,1584.4599609375,702.760009765625,51.1134033203125,1509.47998046875
2007-05-08,1582.6500244140625,698.25,51.1134033203125,1507.719970703125
2007-05-09,1593.4200439453125,701.5,50.94718551635742,1512.5799560546875
2007-05-10,1599.6800537109375,704.4400024414062,51.07646179199219,1491.469970703125
2007-05-11,1603.56005859375,707.969970703125,50.97184753417969,1505.8499755859375
2007-05-14,1605.77001953125,703.8300170898438,50.898033142089844,1503.1500244140625
2007-05-15,1589.3699951171875,697.530029296875,50.89183044433594,1501.18994140625
2007-05-16,1600.5999755859375,701.4000244140625,50.86109924316406,1514.1400146484375
2007-05-17,1615.5799560546875,710.6699829101562,50.72568130493164,1512.75
2007-05-18,1612.25,711.0800170898438,50.577972412109375,1522.75
2007-05-21,1628.199951171875,709.22998046875,50.64564895629883,1525.0999755859375
2007-05-22,1642.8800048828125,710.8599853515625,50.50411605834961,1524.1199951171875
2007-05-23,1646.5899658203125,716.8300170898438,50.405643463134766,1522.280029296875
2007-05-25,1644.56005859375,719.5399780273438,50.41793441772461,1515.72998046875
2007-05-29,1661.800048828125,734.8200073242188,50.31328582763672,1518.1099853515625
2007-05-30,1662.719970703125,735.5999755859375,50.36254119873047,1530.22998046875
2007-05-31,1700.9100341796875,747.8699951171875,50.3441162109375,1530.6199951171875
2007-06-01,1716.239990234375,742.6099853515625,50.12717819213867,1536.3399658203125
2007-06-04,1737.5899658203125,745.489990234375,50.207515716552734,1539.1800537109375
2007-06-05,1742.18994140625,750.0800170898438,50.04685592651367,1530.949951171875
2007-06-07,1753.0400390625,761.8400268554688,49.57106399536133,1490.719970703125
2007-06-08,1727.280029296875,760.6300048828125,49.66377258300781,1507.6700439453125
2007-06-11,1716.56005859375,758.6900024414062,49.53396224975586,1509.1199951171875
2007-06-12,1729.8800048828125,763.0499877929688,49.18174743652344,1493.0
2007-06-13,1721.989990234375,765.530029296875,49.3424186706543,1515.6700439453125
2007-06-14,1769.1800537109375,783.02001953125,49.35475158691406,1522.969970703125
2007-06-15,1772.260009765625,800.6099853515625,49.57106399536133,1532.9100341796875
2007-06-18,1806.8800048828125,818.1099853515625,49.54632568359375,1531.050048828125
2007-06-19,1807.8499755859375,819.969970703125,49.78733444213867,1533.699951171875
2007-06-20,1783.7900390625,797.27001953125,49.626705169677734,1512.8399658203125
2007-06-21,1794.239990234375,810.3599853515625,49.564857482910156,1522.18994140625
2007-06-22,1770.97998046875,809.5800170898438,49.713191986083984,1502.56005859375
2007-06-25,1757.72998046875,796.7999877929688,49.873802185058594,1497.739990234375
2007-06-26,1749.550048828125,780.3099975585938,49.886226654052734,1492.8900146484375
2007-06-27,1733.0999755859375,761.030029296875,49.8799934387207,1506.3399658203125
2007-06-28,1751.75,778.5,49.84908676147461,1505.7099609375
2007-06-29,1743.5999755859375,778.6900024414062,50.1086311340332,1503.3499755859375
2007-07-02,1771.3499755859375,784.6099853515625,50.184967041015625,1519.4300537109375
2007-07-03,1805.5,796.7100219726562,50.036109924316406,1524.8699951171875
2007-07-05,1847.7900390625,802.8699951171875,49.75693130493164,1525.4000244140625
2007-07-06,1861.010009765625,811.0599975585938,49.63905334472656,1530.43994140625
2007-07-09,1883.5899658203125,813.5900268554688,49.81899642944336,1531.8499755859375
2007-07-10,1894.530029296875,814.8499755859375,50.160194396972656,1510.1199951171875
2007-07-11,1889.9599609375,820.02001953125,49.9864501953125,1518.760009765625
2007-07-12,1909.75,828.219970703125,49.843772888183594,1547.699951171875
2007-07-13,1962.9300537109375,825.4000244140625,49.95543670654297,1552.5
2007-07-16,1949.510009765625,819.9099731445312,50.15395736694336,1549.52001953125
2007-07-18,1930.699951171875,818.9199829101562,50.22840881347656,1546.1700439453125
2007-07-19,1937.9000244140625,819.3200073242188,50.2221565246582,1553.0799560546875
2007-07-20,1983.5400390625,825.3300170898438,50.4703254699707,1534.0999755859375
2007-07-23,1993.050048828125,818.7899780273438,50.45167541503906,1541.5699462890625
2007-07-24,1992.260009765625,813.469970703125,50.58817672729492,1511.0400390625
2007-07-25,2004.219970703125,819.5999755859375,50.65639114379883,1518.0899658203125
2007-07-26,1963.5400390625,817.280029296875,51.05963134765625,1482.6600341796875
2007-07-27,1883.219970703125,792.0599975585938,51.15889358520508,1458.949951171875
2007-07-30,1906.7099609375,794.1900024414062,51.028594970703125,1473.9100341796875
2007-07-31,1933.27001953125,811.52001953125,51.23953628540039,1455.27001953125
2007-08-01,1856.449951171875,789.4600219726562,51.097557067871094,1465.81005859375
2007-08-02,1853.0699462890625,786.52001953125,51.1348991394043,1472.199951171875
2007-08-03,1876.800048828125,798.8599853515625,51.46498107910156,1433.06005859375
2007-08-06,1855.050048828125,795.8499755859375,51.25949478149414,1467.6700439453125
2007-08-07,1859.8199462890625,800.8300170898438,51.25321960449219,1476.7099609375
2007-08-08,1903.4100341796875,807.9600219726562,50.898223876953125,1497.489990234375
2007-08-09,1908.6800537109375,812.6900024414062,51.18474197387695,1453.0899658203125
2007-08-10,1828.489990234375,788.4099731445312,51.109989166259766,1453.6400146484375
2007-08-13,1849.260009765625,786.2000122070312,51.19095993041992,1452.9200439453125
2007-08-14,1817.8900146484375,766.9199829101562,51.37779998779297,1426.5400390625
2007-08-16,1691.97998046875,689.0700073242188,51.670433044433594,1411.27001953125
2007-08-17,1638.0699462890625,673.47998046875,51.70785903930664,1445.93994140625
2007-08-20,1731.27001953125,721.5900268554688,51.81991958618164,1445.550048828125
2007-08-21,1736.1800537109375,727.8800048828125,52.04411697387695,1447.1199951171875
2007-08-22,1759.5,741.4299926757812,51.8759880065918,1464.0699462890625
2007-08-23,1799.719970703125,756.27001953125,51.89461898803711,1462.5
2007-08-24,1791.3299560546875,754.1599731445312,51.91337585449219,1479.3699951171875
2007-08-27,1803.030029296875,760.6300048828125,52.05659103393555,1466.7900390625
2007-08-28,1829.31005859375,760.4299926757812,52.32435989379883,1432.3599853515625
2007-08-29,1826.18994140625,758.6400146484375,52.12507247924805,1463.760009765625
2007-08-30,1841.699951171875,765.5999755859375,52.3866081237793,1457.6400146484375
2007-08-31,1873.239990234375,775.1300048828125,52.39909362792969,1473.989990234375
2007-09-04,1874.739990234375,775.760009765625,52.301570892333984,1489.4200439453125
2007-09-05,1865.5899658203125,773.5399780273438,52.6266975402832,1472.2900390625
2007-09-06,1888.81005859375,776.9000244140625,52.51409912109375,1478.550048828125
2007-09-07,1884.9000244140625,775.8499755859375,53.07689666748047,1453.550048828125
2007-09-10,1835.8699951171875,760.719970703125,53.195640563964844,1451.699951171875
2007-09-11,1847.3599853515625,767.3200073242188,53.083133697509766,1471.489990234375
2007-09-12,1813.52001953125,757.8300170898438,52.95180892944336,1471.56005859375
2007-09-13,1848.02001953125,767.3900146484375,52.63918685913086,1483.949951171875
2007-09-14,1870.02001953125,783.27001953125,52.707977294921875,1484.25
2007-09-17,1871.6800537109375,784.75,52.73927688598633,1476.6500244140625
2007-09-18,1838.6099853515625,775.4500122070312,52.68293762207031,1519.780029296875
2007-09-19,1902.6500244140625,784.6699829101562,52.495391845703125,1529.030029296875
2007-09-20,1908.969970703125,781.9600219726562,51.90140914916992,1518.75
2007-09-21,1919.260009765625,788.4099731445312,52.16400909423828,1525.75
2007-09-27,1945.280029296875,792.1300048828125,52.42660903930664,1531.3800048828125
2007-09-28,1946.47998046875,794.5599975585938,52.445350646972656,1526.75
2007-10-01,1962.6700439453125,803.1199951171875,52.50812530517578,1547.0400390625
2007-10-02,2014.0899658203125,810.3200073242188,52.6210823059082,1546.6300048828125
2007-10-04,2003.5999755859375,814.719970703125,52.67755889892578,1542.8399658203125
2007-10-05,1996.030029296875,813.510009765625,52.21318817138672,1557.5899658203125
2007-10-08,2012.8199462890625,816.469970703125,52.40143966674805,1552.5799560546875
2007-10-09,2014.1300048828125,812.7999877929688,52.238250732421875,1565.1500244140625
2007-10-10,2041.1199951171875,818.260009765625,52.28849411010742,1562.469970703125
2007-10-11,2058.85009765625,817.280029296875,52.294708251953125,1554.4100341796875
2007-10-12,2026.43994140625,806.6900024414062,52.119014739990234,1561.800048828125
2007-10-15,2035.3900146484375,813.9299926757812,52.16923904418945,1548.7099609375
2007-10-16,2005.760009765625,792.72998046875,52.313602447509766,1538.530029296875
2007-10-17,1983.93994140625,780.219970703125,52.63364028930664,1541.239990234375
2007-10-18,2005.0899658203125,792.2000122070312,52.83444595336914,1540.0799560546875
2007-10-19,1970.0999755859375,786.9299926757812,53.286319732666016,1500.6300048828125
2007-10-22,1903.81005859375,768.9000244140625,53.18589401245117,1506.3299560546875
2007-10-23,1947.97998046875,789.0,53.173343658447266,1519.5899658203125
2007-10-24,1933.3599853515625,781.7899780273438,53.44320297241211,1515.8800048828125
2007-10-25,1976.75,793.7000122070312,53.399295806884766,1514.4000244140625
2007-10-26,2028.06005859375,799.0599975585938,53.26747512817383,1535.280029296875
2007-10-29,2062.919921875,807.3099975585938,53.311344146728516,1540.97998046875
2007-10-30,2052.3701171875,804.989990234375,53.36785888671875,1531.02001953125
2007-10-31,2064.85009765625,810.0700073242188,53.01015853881836,1549.3800048828125
2007-11-01,2063.139892578125,809.5,53.44281005859375,1508.43994140625
2007-11-02,2019.3399658203125,797.6599731445312,53.587738037109375,1509.6500244140625
2007-11-05,2015.760009765625,794.6500244140625,53.52468490600586,1502.1700439453125
2007-11-06,2054.239990234375,800.9199829101562,53.43026351928711,1520.27001953125
2007-11-07,2043.18994140625,794.0800170898438,53.625484466552734,1475.6199951171875
2007-11-08,1979.56005859375,779.6500244140625,53.74513244628906,1474.77001953125
2007-11-09,1990.469970703125,779.0399780273438,54.0662956237793,1453.699951171875
2007-11-12,1923.4200439453125,754.72998046875,54.16075134277344,1439.1800537109375
2007-11-13,1932.8900146484375,756.5900268554688,53.8836784362793,1481.050048828125
2007-11-14,1972.5799560546875,764.1500244140625,53.92145919799805,1470.5799560546875
2007-11-15,1947.739990234375,751.27001953125,54.2237663269043,1451.1500244140625
2007-11-16,1926.199951171875,755.2899780273438,54.2237663269043,1458.739990234375
2007-11-19,1893.469970703125,750.7899780273438,54.614253997802734,1433.27001953125
2007-11-20,1872.239990234375,739.469970703125,54.469364166259766,1439.699951171875
2007-11-21,1806.989990234375,727.3300170898438,54.89763259887695,1416.77001953125
2007-11-23,1772.8800048828125,700.6799926757812,54.733882904052734,1440.699951171875
2007-11-26,1855.3299560546875,721.4099731445312,55.48332977294922,1407.219970703125
2007-11-27,1859.7900390625,725.5499877929688,54.966861724853516,1428.22998046875
2007-11-28,1834.68994140625,723.5399780273438,54.771663665771484,1469.02001953125
2007-11-29,1877.56005859375,734.9199829101562,55.08020782470703,1469.719970703125
2007-11-30,1906.0,741.8400268554688,55.15578842163086,1481.1400146484375
2007-12-03,1902.4300537109375,736.9299926757812,55.37381362915039,1472.4200439453125
2007-12-04,1917.8299560546875,747.530029296875,55.42439270019531,1462.7900390625
2007-12-05,1938.199951171875,749.9500122070312,55.21582794189453,1485.010009765625
2007-12-06,1953.1700439453125,751.5700073242188,54.925201416015625,1507.3399658203125
2007-12-07,1934.3199462890625,747.6500244140625,54.571285247802734,1504.6600341796875
2007-12-10,1906.4200439453125,739.1900024414062,54.44492721557617,1515.9599609375
2007-12-11,1925.0699462890625,734.3300170898438,55.190555572509766,1477.6500244140625
2007-12-12,1927.449951171875,729.52001953125,54.72924041748047,1486.5899658203125
2007-12-13,1915.9000244140625,733.6799926757812,54.32490539550781,1488.4100341796875
2007-12-14,1895.050048828125,725.530029296875,54.166893005371094,1467.949951171875
2007-12-17,1839.8199462890625,702.489990234375,54.48916244506836,1445.9000244140625
2007-12-18,1861.469970703125,709.469970703125,54.59659957885742,1454.97998046875
2007-12-20,1844.3699951171875,700.6900024414062,54.94413375854492,1460.1199951171875
2007-12-21,1878.3199462890625,697.4600219726562,54.54603958129883,1484.4599609375
2007-12-24,1919.469970703125,698.72998046875,54.388057708740234,1496.449951171875
2007-12-26,1906.719970703125,692.02001953125,54.12895965576172,1497.6600341796875
2007-12-27,1908.6199951171875,699.6500244140625,54.492374420166016,1476.27001953125
2007-12-28,1897.1300048828125,704.22998046875,54.929988861083984,1478.489990234375
2008-01-02,1853.449951171875,707.1199951171875,55.57688903808594,1447.1600341796875
2008-01-03,1852.72998046875,714.0,55.691070556640625,1447.1600341796875
2008-01-04,1863.9000244140625,719.25,55.836910247802734,1411.6300048828125
2008-01-07,1831.1400146484375,711.77001953125,55.938411712646484,1416.1800537109375
2008-01-08,1826.22998046875,709.3099975585938,56.05891036987305,1390.18994140625
2008-01-09,1844.469970703125,712.7100219726562,55.970130920410156,1409.1300048828125
2008-01-10,1824.780029296875,713.3599853515625,55.81795120239258,1420.3299560546875
2008-01-11,1782.27001953125,699.239990234375,56.17308044433594,1401.02001953125
2008-01-14,1765.8800048828125,688.5900268554688,56.19843673706055,1416.25
2008-01-15,1746.949951171875,673.25,56.566314697265625,1380.949951171875
2008-01-16,1704.969970703125,651.3599853515625,56.4585075378418,1373.199951171875
2008-01-17,1723.550048828125,651.9099731445312,56.9151725769043,1333.25
2008-01-18,1734.719970703125,666.3200073242188,56.83268737792969,1325.18994140625
2008-01-22,1609.02001953125,614.7999877929688,57.466880798339844,1310.5
2008-01-23,1628.4200439453125,619.97998046875,57.200565338134766,1338.5999755859375
2008-01-24,1663.0,638.97998046875,56.68046951293945,1352.0699462890625
2008-01-25,1692.4100341796875,653.780029296875,57.20686340332031,1330.6099853515625
2008-01-28,1627.18994140625,634.52001953125,56.99755859375,1353.9599609375
2008-01-29,1637.9100341796875,632.6699829101562,56.7692756652832,1362.300048828125
2008-01-30,1589.06005859375,603.1099853515625,56.743900299072266,1355.81005859375
2008-01-31,1624.6800537109375,608.8400268554688,57.035640716552734,1378.550048828125
2008-02-01,1634.530029296875,612.5700073242188,57.22078323364258,1395.4200439453125
2008-02-04,1690.1300048828125,638.3800048828125,56.902652740478516,1380.8199462890625
2008-02-05,1696.5699462890625,642.3499755859375,57.30348205566406,1336.6400146484375
2008-02-11,1640.6700439453125,629.9400024414062,57.163490295410156,1339.1300048828125
2008-02-12,1643.2900390625,636.2899780273438,57.04262161254883,1348.8599853515625
2008-02-13,1631.780029296875,635.8900146484375,56.800819396972656,1367.2099609375
2008-02-14,1697.449951171875,649.530029296875,56.4891357421875,1348.8599853515625
2008-02-15,1694.77001953125,651.5700073242188,56.61000442504883,1349.989990234375
2008-02-19,1720.52001953125,660.75,56.20282745361328,1348.780029296875
2008-02-20,1687.9100341796875,652.760009765625,56.151947021484375,1360.030029296875
2008-02-21,1704.3599853515625,654.4099731445312,56.73088455200195,1342.530029296875
2008-02-22,1686.449951171875,653.1199951171875,56.57182693481445,1353.1099853515625
2008-02-25,1709.1300048828125,653.8300170898438,56.196434020996094,1371.800048828125
2008-02-26,1709.1300048828125,656.4299926757812,56.33646011352539,1381.2900390625
2008-02-27,1720.8900146484375,655.0499877929688,56.47004318237305,1380.02001953125
2008-02-28,1736.1700439453125,659.280029296875,57.131690979003906,1367.6800537109375
2008-02-29,1711.6199951171875,655.9400024414062,57.74245071411133,1330.6300048828125
2008-03-03,1671.72998046875,644.510009765625,57.59563064575195,1331.3399658203125
2008-03-04,1676.1800537109375,645.3900146484375,57.378700256347656,1326.75
2008-03-05,1677.0999755859375,645.4299926757812,57.129817962646484,1333.699951171875
2008-03-06,1697.43994140625,652.5499877929688,57.589317321777344,1304.3399658203125
2008-03-07,1663.969970703125,643.75,57.78713607788086,1293.3699951171875
2008-03-10,1625.1700439453125,622.5999755859375,58.201927185058594,1273.3699951171875
2008-03-11,1641.47998046875,627.1400146484375,57.57012939453125,1320.6500244140625
2008-03-12,1658.8299560546875,631.2899780273438,58.233848571777344,1308.77001953125
2008-03-13,1615.6199951171875,621.8099975585938,57.92753601074219,1315.47998046875
2008-03-14,1600.260009765625,617.7100219726562,58.52739334106445,1288.1400146484375
2008-03-17,1574.43994140625,600.6799926757812,58.82094192504883,1276.5999755859375
2008-03-18,1588.75,600.0999755859375,58.41895294189453,1330.739990234375
2008-03-19,1622.22998046875,612.1300048828125,58.923057556152344,1298.4200439453125
2008-03-20,1623.3900146484375,609.3200073242188,59.05076599121094,1329.510009765625
2008-03-24,1655.300048828125,619.5999755859375,58.01047897338867,1349.8800048828125
2008-03-25,1674.9300537109375,628.219970703125,58.2147216796875,1352.989990234375
2008-03-26,1679.6700439453125,628.3800048828125,58.25940704345703,1341.1300048828125
2008-03-27,1676.239990234375,629.6099853515625,58.18281936645508,1325.760009765625
2008-03-28,1701.8299560546875,636.6699829101562,58.41256332397461,1315.219970703125
2008-03-31,1703.989990234375,644.4500122070312,58.51464080810547,1322.699951171875
2008-04-01,1702.25,643.4600219726562,58.003013610839844,1370.1800537109375
2008-04-02,1742.18994140625,647.9199829101562,57.8109016418457,1367.530029296875
2008-04-03,1763.6300048828125,649.260009765625,57.8109016418457,1369.31005859375
2008-04-04,1766.489990234375,648.489990234375,58.25279235839844,1370.4000244140625
2008-04-07,1773.56005859375,654.0999755859375,57.86854553222656,1372.5400390625
2008-04-08,1754.7099609375,651.8300170898438,57.874916076660156,1365.5400390625
2008-04-10,1764.6400146484375,652.6799926757812,57.99021530151367,1360.550048828125
2008-04-11,1779.7099609375,651.8699951171875,58.23994827270508,1332.8299560546875
2008-04-14,1746.7099609375,641.030029296875,58.09264373779297,1328.3199462890625
2008-04-15,1742.1700439453125,641.8699951171875,57.83009338378906,1334.4300537109375
2008-04-16,1758.56005859375,641.7100219726562,57.43950271606445,1364.7099609375
2008-04-17,1768.6700439453125,641.5999755859375,57.30500793457031,1365.56005859375
2008-04-18,1771.9000244140625,643.75,57.24736785888672,1390.3299560546875
2008-04-21,1800.47998046875,650.0599975585938,57.2537956237793,1388.1700439453125
2008-04-22,1787.489990234375,650.5800170898438,57.29862594604492,1375.93994140625
2008-04-23,1800.7900390625,650.6799926757812,57.24102020263672,1379.9300537109375
2008-04-24,1799.3399658203125,648.7899780273438,56.79273223876953,1388.8199462890625
2008-04-25,1824.6800537109375,654.7000122070312,56.715904235839844,1397.8399658203125
2008-04-28,1823.1700439453125,647.5999755859375,56.8183479309082,1396.3699951171875
2008-04-29,1811.510009765625,644.4000244140625,56.920806884765625,1390.93994140625
2008-04-30,1825.469970703125,647.02001953125,57.10010528564453,1385.5899658203125
2008-05-02,1848.27001953125,655.7999877929688,56.63117980957031,1413.9000244140625
2008-05-06,1859.06005859375,652.9099731445312,56.534854888916016,1418.260009765625
2008-05-07,1854.010009765625,645.6199951171875,56.75970458984375,1392.5699462890625
2008-05-08,1848.0,649.2899780273438,57.12578201293945,1397.6800537109375
2008-05-09,1823.699951171875,653.2899780273438,57.19003677368164,1388.280029296875
2008-05-13,1842.800048828125,655.4400024414062,56.618385314941406,1403.0400390625
2008-05-14,1843.75,652.1400146484375,56.5991096496582,1408.6600341796875
2008-05-15,1885.7099609375,653.5399780273438,56.9138298034668,1423.5699462890625
2008-05-16,1888.8800048828125,652.5599975585938,56.81747817993164,1425.3499755859375
2008-05-19,1885.3699951171875,652.6500244140625,56.9459228515625,1426.6300048828125
2008-05-20,1873.1500244140625,650.0999755859375,57.1193962097168,1413.4000244140625
2008-05-21,1847.510009765625,645.47998046875,56.984493255615234,1390.7099609375
2008-05-22,1835.4200439453125,647.1500244140625,56.61186599731445,1394.3499755859375
2008-05-23,1827.93994140625,649.0,56.862430572509766,1375.9300537109375
2008-05-27,1825.22998046875,644.3800048828125,56.5861930847168,1385.3499755859375
2008-05-28,1805.6400146484375,640.9600219726562,56.162288665771484,1390.8399658203125
2008-05-29,1841.219970703125,646.7999877929688,55.89892578125,1398.260009765625
2008-05-30,1852.02001953125,652.1500244140625,56.08518981933594,1400.3800048828125
2008-06-02,1847.530029296875,651.1099853515625,56.418460845947266,1385.6700439453125
2008-06-03,1819.3900146484375,643.6699829101562,56.71500778198242,1377.6500244140625
2008-06-04,1833.81005859375,645.8499755859375,56.50868225097656,1377.199951171875
2008-06-05,1832.31005859375,644.0900268554688,56.212181091308594,1404.050048828125
2008-06-09,1808.9599609375,637.0,56.295982360839844,1361.760009765625
2008-06-10,1774.3800048828125,626.010009765625,55.96073913574219,1358.43994140625
2008-06-11,1781.6700439453125,628.6699829101562,56.018768310546875,1335.489990234375
2008-06-12,1739.3599853515625,624.2000122070312,55.52887725830078,1339.8699951171875
2008-06-13,1747.3499755859375,622.1500244140625,55.39990234375,1360.030029296875
2008-06-16,1760.8199462890625,621.02001953125,55.406341552734375,1360.1400146484375
2008-06-17,1750.7099609375,612.4099731445312,55.59330749511719,1350.9300537109375
2008-06-18,1774.1300048828125,614.8300170898438,55.89628982543945,1337.81005859375
2008-06-19,1740.719970703125,610.989990234375,55.57401657104492,1342.8299560546875
2008-06-20,1731.0,609.1599731445312,55.83182144165039,1317.9300537109375
2008-06-23,1715.5899658203125,605.7100219726562,55.80606460571289,1318.0
2008-06-24,1710.8399658203125,600.3599853515625,56.10258102416992,1314.2900390625
2008-06-25,1717.7900390625,601.719970703125,56.09616470336914,1321.969970703125
2008-06-26,1717.6600341796875,602.739990234375,56.41201400756836,1283.1500244140625
2008-06-27,1684.449951171875,594.6300048828125,56.689186096191406,1278.3800048828125
2008-06-30,1674.9200439453125,590.1900024414062,56.72785568237305,1280.0
2008-07-01,1666.4599609375,580.77001953125,56.573974609375,1284.9100341796875
2008-07-02,1623.5999755859375,556.7899780273438,56.70975112915039,1261.52001953125
2008-07-03,1606.5400390625,546.489990234375,56.729148864746094,1262.9000244140625
2008-07-07,1579.719970703125,534.1699829101562,56.994380950927734,1252.31005859375
2008-07-08,1533.469970703125,515.9199829101562,57.13665008544922,1273.699951171875
2008-07-09,1519.3800048828125,522.2899780273438,57.408287048339844,1244.68994140625
2008-07-10,1537.4300537109375,531.6099853515625,57.42772674560547,1253.3900146484375
2008-07-11,1567.510009765625,542.9600219726562,56.890865325927734,1239.489990234375
2008-07-14,1558.6199951171875,541.1199951171875,57.19487762451172,1228.300048828125
2008-07-15,1509.3299560546875,523.02001953125,57.40180587768555,1214.9100341796875
2008-07-16,1507.4000244140625,520.8400268554688,56.877933502197266,1245.3599853515625
2008-07-17,1525.56005859375,527.8099975585938,56.60628128051758,1260.3199462890625
2008-07-18,1509.989990234375,522.530029296875,56.412261962890625,1260.6800537109375
2008-07-21,1562.9200439453125,531.25,56.54158401489258,1260.0
2008-07-22,1561.22998046875,529.72998046875,56.34755325317383,1277.0
2008-07-23,1591.760009765625,536.22998046875,56.25699234008789,1282.18994140625
2008-07-24,1626.1400146484375,546.6500244140625,56.74213790893555,1252.5400390625
2008-07-25,1597.9300537109375,543.260009765625,56.412261962890625,1257.760009765625
2008-07-28,1598.2900390625,544.0499877929688,56.735633850097656,1234.3699951171875
2008-07-29,1567.199951171875,535.3599853515625,56.573974609375,1263.199951171875
2008-07-30,1577.699951171875,538.530029296875,56.683860778808594,1284.260009765625
2008-07-31,1594.6700439453125,539.4400024414062,57.13665008544922,1267.3800048828125
2008-08-01,1573.77001953125,535.760009765625,57.16519546508789,1260.31005859375
2008-08-04,1543.050048828125,526.489990234375,57.12626647949219,1249.010009765625
2008-08-05,1535.5400390625,519.0999755859375,56.83421325683594,1284.8800048828125
2008-08-06,1578.7099609375,525.75,56.85369110107422,1289.18994140625
2008-08-07,1564.0,527.1500244140625,57.385860443115234,1266.0699462890625
2008-08-08,1568.719970703125,525.5399780273438,57.35991668701172,1296.3199462890625
2008-08-11,1581.0899658203125,527.1199951171875,57.08080291748047,1305.3199462890625
2008-08-12,1577.1199951171875,526.4600219726562,57.476722717285156,1289.5899658203125
2008-08-13,1562.719970703125,521.719970703125,57.353431701660156,1285.8299560546875
2008-08-14,1572.18994140625,522.8099975585938,57.52863693237305,1292.9300537109375
2008-08-18,1567.7099609375,517.0399780273438,57.88557434082031,1278.5999755859375
2008-08-19,1541.4100341796875,507.80999755859375,57.80122756958008,1266.68994140625
2008-08-20,1540.7099609375,504.8800048828125,57.96994400024414,1274.5400390625
2008-08-21,1512.5899658203125,495.1499938964844,57.846656799316406,1277.719970703125
2008-08-22,1496.9100341796875,483.4700012207031,57.67791748046875,1292.199951171875
2008-08-25,1502.1099853515625,484.3699951171875,58.060813903808594,1266.8399658203125
2008-08-26,1490.25,477.05999755859375,58.08033752441406,1271.510009765625
2008-08-27,1493.9200439453125,474.6600036621094,58.164669036865234,1281.6600341796875
2008-08-28,1474.1500244140625,470.0799865722656,58.08033752441406,1300.6800537109375
2008-08-29,1474.239990234375,470.2799987792969,58.00889205932617,1282.8299560546875
2008-09-02,1407.1400146484375,418.1400146484375,58.32476043701172,1277.5799560546875
2008-09-03,1426.8900146484375,426.3699951171875,58.467987060546875,1274.97998046875
2008-09-04,1426.4300537109375,438.44000244140625,58.76103210449219,1236.8299560546875
2008-09-05,1404.3800048828125,441.95001220703125,58.63078689575195,1242.31005859375
2008-09-08,1476.6500244140625,459.4200134277344,58.63728332519531,1267.7900390625
2008-09-09,1454.5,454.82000732421875,58.904296875,1224.510009765625
2008-09-10,1464.97998046875,451.0,58.75455093383789,1232.0400390625
2008-09-11,1443.239990234375,454.7799987792969,58.65033721923828,1249.050048828125
2008-09-12,1477.9200439453125,466.9100036621094,58.35728454589844,1251.699951171875
2008-09-16,1387.75,429.2900085449219,59.307979583740234,1213.5999755859375
2008-09-17,1425.260009765625,444.92999267578125,59.84196853637695,1156.3900146484375
2008-09-18,1392.4200439453125,433.760009765625,59.13872146606445,1206.510009765625
2008-09-19,1455.780029296875,446.4599914550781,58.08382797241211,1255.0799560546875
2008-09-22,1460.3399658203125,441.1300048828125,57.96009826660156,1207.0899658203125
2008-09-23,1481.3699951171875,445.7200012207031,57.96009826660156,1188.219970703125
2008-09-24,1495.97998046875,448.79998779296875,58.10982894897461,1185.8699951171875
2008-09-25,1501.6300048828125,451.0299987792969,57.93406295776367,1209.1800537109375
2008-09-26,1476.3299560546875,448.3399963378906,57.894962310791016,1213.27001953125
2008-09-29,1456.3599853515625,446.04998779296875,58.70241165161133,1106.4200439453125
2008-09-30,1448.06005859375,440.7699890136719,57.927528381347656,1166.3599853515625
2008-10-01,1439.6700439453125,440.95001220703125,58.33592987060547,1161.06005859375
2008-10-02,1419.6500244140625,432.1000061035156,58.6625862121582,1114.280029296875
2008-10-06,1358.75,406.3900146484375,59.36174392700195,1056.8900146484375
2008-10-07,1366.0999755859375,401.95001220703125,59.3160285949707,996.22998046875
2008-10-08,1286.68994140625,371.4700012207031,58.55805206298828,984.9400024414062
2008-10-09,1294.8900146484375,369.8399963378906,57.969940185546875,909.9199829101562
2008-10-10,1241.469970703125,350.2799987792969,57.290428161621094,899.219970703125
2008-10-13,1288.530029296875,368.1700134277344,56.898399353027344,1003.3499755859375
2008-10-14,1367.68994140625,396.32000732421875,56.630550384521484,998.010009765625
2008-10-15,1340.280029296875,390.2799987792969,57.094417572021484,907.8400268554688
2008-10-16,1213.780029296875,354.42999267578125,57.10755157470703,946.4299926757812
2008-10-17,1180.6700439453125,352.17999267578125,57.46684646606445,940.5499877929688
2008-10-20,1207.6300048828125,353.0899963378906,57.52566146850586,985.4000244140625
2008-10-21,1196.0999755859375,350.9700012207031,58.133392333984375,955.0499877929688
2008-10-22,1134.5899658203125,335.5299987792969,58.577674865722656,896.780029296875
2008-10-23,1049.7099609375,308.95001220703125,58.65612030029297,908.1099853515625
2008-10-24,938.75,276.67999267578125,58.407752990722656,876.77001953125
2008-10-27,946.4500122070312,261.19000244140625,58.37510681152344,848.9199829101562
2008-10-28,999.1599731445312,272.42999267578125,57.904659271240234,940.510009765625
2008-10-29,968.969970703125,265.5899963378906,57.98958206176758,930.0900268554688
2008-10-30,1084.719970703125,296.04998779296875,57.545265197753906,954.0900268554688
2008-10-31,1113.06005859375,308.0299987792969,57.42768478393555,968.75
2008-11-03,1129.0799560546875,325.55999755859375,57.519466400146484,966.2999877929688
2008-11-04,1153.3499755859375,335.489990234375,58.20805740356445,1005.75
2008-11-05,1181.5,340.8500061035156,58.51625061035156,952.77001953125
2008-11-06,1092.219970703125,311.9599914550781,58.33924102783203,904.8800048828125
2008-11-07,1134.489990234375,325.5400085449219,58.12934875488281,930.989990234375
2008-11-10,1152.4599609375,332.1700134277344,58.18836212158203,919.2100219726562
2008-11-11,1128.72998046875,325.739990234375,58.40480422973633,898.9500122070312
2008-11-12,1123.8599853515625,323.239990234375,58.76545333862305,852.2999877929688
2008-11-13,1088.43994140625,311.54998779296875,58.33924102783203,911.2899780273438
2008-11-14,1088.260009765625,317.45001220703125,58.91636276245117,873.2899780273438
2008-11-17,1078.3199462890625,314.9800109863281,59.16550827026367,850.75
2008-11-18,1036.1600341796875,305.260009765625,59.62455749511719,859.1199951171875
2008-11-19,1016.8200073242188,297.4100036621094,60.26725769042969,806.5800170898438
2008-11-20,948.6900024414062,273.05999755859375,61.4804801940918,752.4400024414062
2008-11-21,1003.72998046875,290.1199951171875,60.91649627685547,800.030029296875
2008-11-24,970.1400146484375,284.5,60.34598922729492,851.8099975585938
2008-11-25,983.3200073242188,287.3900146484375,61.382102966308594,857.3900146484375
2008-11-26,1029.780029296875,295.510009765625,61.755916595458984,887.6799926757812
2008-11-28,1076.0699462890625,307.4800109863281,61.88044357299805,896.239990234375
2008-12-01,1058.6199951171875,308.20001220703125,62.71806335449219,816.2100219726562
2008-12-02,1023.2000122070312,299.5799865722656,63.04704666137695,848.8099975585938
2008-12-03,1022.6699829101562,301.44000244140625,63.14577865600586,870.739990234375
2008-12-04,1006.5399780273438,298.9200134277344,63.54056930541992,845.219970703125
2008-12-05,1028.1300048828125,302.1600036621094,62.86940002441406,876.0700073242188
2008-12-08,1105.050048828125,316.7099914550781,62.63257598876953,909.7000122070312
2008-12-09,1105.8399658203125,318.25,63.1655387878418,888.6699829101562
2008-12-10,1145.8699951171875,324.1499938964844,63.106300354003906,899.239990234375
2008-12-11,1154.4300537109375,328.489990234375,63.487892150878906,873.5900268554688
2008-12-12,1103.8199462890625,320.07000732421875,63.66558074951172,879.72998046875
2008-12-15,1158.18994140625,335.1499938964844,63.80374526977539,868.5700073242188
2008-12-16,1161.56005859375,337.8500061035156,64.8170166015625,913.1799926757812
2008-12-17,1169.75,338.8299865722656,65.25786590576172,904.4199829101562
2008-12-18,1175.9100341796875,340.29998779296875,65.69867706298828,885.280029296875
2008-12-19,1180.969970703125,342.45001220703125,65.4815902709961,887.8800048828125
2008-12-22,1179.6099853515625,346.0400085449219,65.3105239868164,871.6300048828125
2008-12-23,1144.31005859375,338.760009765625,65.27761840820312,863.1599731445312
2008-12-24,1128.510009765625,333.7300109863281,65.21184539794922,868.1500244140625
2008-12-26,1117.8599853515625,332.260009765625,65.56053161621094,872.7999877929688
2008-12-29,1117.5899658203125,329.17999267578125,65.70518493652344,869.4199829101562
2008-12-30,1124.469970703125,332.04998779296875,65.79763793945312,890.6400146484375
2009-01-02,1157.4000244140625,339.760009765625,64.13995361328125,931.7999877929688
2009-01-05,1173.5699462890625,342.7699890136719,64.02767944335938,927.4500122070312
2009-01-06,1194.280029296875,348.4100036621094,63.988128662109375,934.7000122070312
2009-01-07,1228.1700439453125,356.1300048828125,64.00128936767578,906.6500244140625
2009-01-08,1205.699951171875,356.5199890136719,64.1729965209961,909.72998046875
2009-01-09,1180.9599609375,358.4800109863281,64.47013854980469,890.3499755859375
2009-01-12,1156.75,351.3500061035156,64.873046875,870.260009765625
2009-01-13,1167.7099609375,355.1300048828125,64.91924285888672,871.7899780273438
2009-01-14,1182.6800537109375,364.6300048828125,65.28253173828125,842.6199951171875
2009-01-15,1111.3399658203125,343.3500061035156,65.22966766357422,843.739990234375
2009-01-16,1135.199951171875,354.6000061035156,64.62870025634766,850.1199951171875
2009-01-20,1126.81005859375,358.19000244140625,64.52964782714844,805.219970703125
2009-01-21,1103.6099853515625,352.42999267578125,63.955074310302734,840.239990234375
2009-01-22,1116.22998046875,358.5799865722656,63.532405853271484,827.5
2009-01-23,1093.4000244140625,352.8299865722656,63.545616149902344,831.9500122070312
2009-01-28,1157.97998046875,361.67999267578125,63.393672943115234,874.0900268554688
2009-01-29,1166.56005859375,363.9800109863281,62.568180084228516,845.1400146484375
2009-01-30,1162.1099853515625,364.8999938964844,62.541725158691406,825.8800048828125
2009-02-02,1146.949951171875,365.7699890136719,63.04904556274414,825.4400024414062
2009-02-03,1163.199951171875,372.2799987792969,62.5059700012207,838.510009765625
2009-02-04,1195.3699951171875,378.8800048828125,62.188072204589844,832.22998046875
2009-02-05,1177.8800048828125,373.489990234375,62.33378982543945,845.8499755859375
2009-02-06,1210.260009765625,378.7900085449219,61.95633316040039,868.5999755859375
2009-02-09,1202.68994140625,376.8299865722656,61.83045959472656,869.8900146484375
2009-02-10,1198.8699951171875,380.260009765625,62.65834426879883,827.1599731445312
2009-02-11,1190.1800537109375,383.4100036621094,63.14177703857422,833.739990234375
2009-02-12,1179.8399658203125,385.9200134277344,63.1219367980957,835.1900024414062
2009-02-13,1192.43994140625,395.69000244140625,62.62519836425781,826.8400268554688
2009-02-17,1127.18994140625,383.1700134277344,63.67824935913086,789.1699829101562
2009-02-18,1113.18994140625,390.07000732421875,63.21461868286133,788.4199829101562
2009-02-19,1107.0999755859375,384.6700134277344,62.86359405517578,778.9400024414062
2009-02-20,1065.949951171875,367.1400146484375,63.04243087768555,770.0499877929688
2009-02-23,1099.550048828125,375.57000732421875,63.1020622253418,743.3300170898438
2009-02-24,1063.8800048828125,370.1099853515625,62.86359405517578,773.1400146484375
2009-02-25,1067.0799560546875,362.0799865722656,62.2940673828125,764.9000244140625
2009-02-26,1054.7900390625,358.6499938964844,62.135128021240234,752.8300170898438
2009-02-27,1063.030029296875,363.2099914550781,62.08213806152344,735.0900268554688
2009-03-02,1018.8099975585938,349.7099914550781,62.70499038696289,700.8200073242188
2009-03-03,1025.5699462890625,347.760009765625,62.62530517578125,696.3300170898438
2009-03-04,1059.260009765625,359.8999938964844,62.30659103393555,712.8699951171875
2009-03-05,1058.1800537109375,362.1600036621094,63.03702163696289,682.5499877929688
2009-03-06,1055.030029296875,365.17999267578125,62.738224029541016,683.3800048828125
2009-03-09,1071.72998046875,378.7300109863281,62.76478958129883,676.530029296875
2009-03-10,1092.199951171875,377.9200134277344,62.30659103393555,719.5999755859375
2009-03-11,1127.510009765625,385.69000244140625,62.75149154663086,721.3599853515625
2009-03-12,1128.3900146484375,386.5899963378906,62.930755615234375,750.739990234375
2009-03-13,1126.030029296875,389.2699890136719,62.88432693481445,756.5499877929688
2009-03-16,1125.4599609375,387.7699890136719,62.52571487426758,753.8900146484375
2009-03-17,1163.8800048828125,394.6600036621094,62.406192779541016,778.1199951171875
2009-03-18,1169.949951171875,398.6000061035156,64.54441833496094,794.3499755859375
2009-03-19,1161.81005859375,393.94000244140625,64.32522583007812,784.0399780273438
2009-03-20,1170.93994140625,400.7099914550781,64.32522583007812,768.5399780273438
2009-03-23,1199.5,409.2300109863281,64.10613250732422,822.9199829101562
2009-03-24,1221.699951171875,412.3900146484375,64.01313781738281,806.1199951171875
2009-03-25,1229.02001953125,419.2900085449219,63.62796401977539,813.8800048828125
2009-03-26,1243.800048828125,427.2699890136719,63.79403305053711,832.8599853515625
2009-03-27,1237.510009765625,421.239990234375,63.75417709350586,815.9400024414062
2009-03-30,1197.4599609375,412.010009765625,64.02641296386719,787.530029296875
2009-03-31,1206.260009765625,421.44000244140625,64.13935089111328,797.8699951171875
2009-04-01,1233.3599853515625,430.9700012207031,64.29647064208984,811.0800170898438
2009-04-02,1276.969970703125,439.8399963378906,63.87693405151367,834.3800048828125
2009-04-03,1283.75,439.1600036621094,63.14444351196289,842.5
2009-04-06,1297.8499755859375,447.94000244140625,62.99789047241211,835.47998046875
2009-04-07,1300.0999755859375,458.57000732421875,63.157772064208984,815.5499877929688
2009-04-08,1262.0699462890625,460.8299865722656,63.4707145690918,825.1599731445312
2009-04-09,1316.3499755859375,481.45001220703125,63.0977668762207,856.5599975585938
2009-04-13,1338.260009765625,507.2300109863281,63.4707145690918,858.72998046875
2009-04-14,1342.6300048828125,508.67999267578125,63.797054290771484,841.5
2009-04-15,1333.0899658203125,502.20001220703125,63.85694885253906,852.0599975585938
2009-04-16,1336.719970703125,497.5199890136719,63.6038703918457,865.2999877929688
2009-04-17,1329.0,483.79998779296875,63.091121673583984,869.5999755859375
2009-04-20,1336.3900146484375,491.94000244140625,63.530670166015625,832.3900146484375
2009-04-21,1336.81005859375,497.19000244140625,63.28424835205078,850.0800170898438
2009-04-22,1356.02001953125,509.8999938964844,63.131065368652344,843.5499877929688
2009-04-23,1368.800048828125,514.0900268554688,63.11780548095703,851.9199829101562
2009-04-24,1354.0999755859375,507.5,62.87136459350586,866.22998046875
2009-04-27,1339.8299560546875,505.9700012207031,63.131065368652344,857.510009765625
2009-04-28,1300.239990234375,479.3699951171875,62.82481002807617,855.1599731445312
2009-04-29,1338.4200439453125,494.4700012207031,62.48512649536133,873.6400146484375
2009-04-30,1369.3599853515625,500.9800109863281,62.37861251831055,872.8099975585938
2009-05-04,1397.9200439453125,507.010009765625,62.23829650878906,907.239990234375
2009-05-06,1393.449951171875,510.0199890136719,62.251651763916016,919.530029296875
2009-05-07,1401.0799560546875,513.9500122070312,61.730709075927734,907.3900146484375
2009-05-08,1412.1300048828125,517.8300170898438,61.804141998291016,929.22998046875
2009-05-11,1415.1600341796875,523.9099731445312,62.3852653503418,909.239990234375
2009-05-12,1403.510009765625,526.1799926757812,62.345191955566406,908.3499755859375
2009-05-13,1414.52001953125,535.9500122070312,62.63242721557617,883.9199829101562
2009-05-14,1380.949951171875,536.780029296875,62.639076232910156,893.0700073242188
2009-05-15,1391.72998046875,543.5399780273438,62.4854736328125,882.8800048828125
2009-05-18,1386.6800537109375,545.010009765625,62.11809158325195,909.7100219726562
2009-05-19,1428.2099609375,553.77001953125,62.03123092651367,908.1300048828125
2009-05-20,1435.699951171875,562.5700073242188,62.22494125366211,903.469970703125
2009-05-21,1421.6500244140625,559.1500244140625,61.54364776611328,888.3300170898438
2009-05-22,1403.75,554.0900268554688,61.18294143676758,887.0
2009-05-26,1372.0400390625,536.5399780273438,60.775489807128906,910.3300170898438
2009-05-27,1362.02001953125,524.3300170898438,60.08754348754883,893.0599975585938
2009-05-28,1392.1700439453125,521.1099853515625,60.4014778137207,906.8300170898438
2009-05-29,1395.8900146484375,528.7999877929688,61.082801818847656,919.1400146484375
2009-06-01,1415.0999755859375,539.5599975585938,60.08592987060547,942.8699951171875
2009-06-02,1412.8499755859375,538.6900024414062,60.28688430786133,944.739990234375
2009-06-03,1414.8900146484375,541.25,60.65533447265625,931.760009765625
2009-06-04,1378.1400146484375,528.0,59.951934814453125,942.4600219726562
2009-06-05,1394.7099609375,529.1099853515625,59.355751037597656,940.0900268554688
2009-06-08,1393.300048828125,529.1099853515625,59.05420684814453,939.1400146484375
2009-06-09,1371.8399658203125,517.9600219726562,59.30881118774414,942.4299926757812
2009-06-10,1414.8800048828125,520.3599853515625,58.9537467956543,939.1500244140625
2009-06-11,1419.3900146484375,520.5999755859375,59.355751037597656,944.8900146484375
2009-06-12,1428.5899658203125,524.260009765625,59.670597076416016,946.2100219726562
2009-06-15,1412.4200439453125,519.6300048828125,59.938533782958984,923.719970703125
2009-06-16,1399.1500244140625,520.9299926757812,60.27351379394531,911.969970703125
2009-06-17,1391.1700439453125,517.3699951171875,60.11270523071289,910.7100219726562
2009-06-18,1375.760009765625,513.219970703125,59.382511138916016,918.3699951171875
2009-06-19,1383.3399658203125,510.2699890136719,59.65718078613281,921.22998046875
2009-06-22,1399.7099609375,513.1300048828125,59.97874069213867,893.0399780273438
2009-06-23,1360.5400390625,498.0299987792969,60.173057556152344,895.0999755859375
2009-06-24,1363.7900390625,495.0,59.945289611816406,900.9400024414062
2009-06-25,1392.72998046875,504.0299987792969,60.69553756713867,920.260009765625
2009-06-26,1394.530029296875,503.3399963378906,60.77592849731445,918.9000244140625
2009-06-29,1388.449951171875,491.6400146484375,60.9031982421875,927.22998046875
2009-06-30,1390.0699462890625,485.1499938964844,60.742427825927734,919.3200073242188
2009-07-01,1411.6600341796875,491.1700134277344,60.70347595214844,923.3300170898438
2009-07-02,1411.47998046875,496.0,60.90502166748047,896.4199829101562
2009-07-06,1428.93994140625,505.4200134277344,60.9453239440918,898.719970703125
2009-07-07,1434.199951171875,508.760009765625,61.18722152709961,881.030029296875
2009-07-08,1431.02001953125,505.69000244140625,61.89259338378906,879.5599975585938
2009-07-09,1430.8900146484375,502.79998779296875,61.529788970947266,882.6799926757812
2009-07-10,1428.6199951171875,495.2699890136719,61.912742614746094,879.1300048828125
2009-07-13,1378.1199951171875,476.04998779296875,61.69103240966797,901.0499877929688
2009-07-14,1385.56005859375,476.25,61.281219482421875,905.8400268554688
2009-07-15,1420.8599853515625,486.6700134277344,60.488548278808594,932.6799926757812
2009-07-16,1432.219970703125,482.2799987792969,60.85127639770508,940.739990234375
2009-07-17,1440.0999755859375,485.8699951171875,60.441497802734375,940.3800048828125
2009-07-20,1478.510009765625,493.6199951171875,60.663204193115234,951.1300048828125
2009-07-21,1488.989990234375,495.9100036621094,61.34175491333008,954.5800170898438
2009-07-22,1494.0400390625,497.7699890136719,60.97892379760742,954.0700073242188
2009-07-23,1496.489990234375,497.8900146484375,60.38774108886719,976.2899780273438
2009-07-24,1502.5899658203125,500.0199890136719,60.515350341796875,979.260009765625
2009-07-27,1524.050048828125,504.6499938964844,60.23323440551758,982.1799926757812
2009-07-28,1526.030029296875,504.1600036621094,60.35414505004883,979.6199951171875
2009-07-29,1524.3199462890625,501.57000732421875,60.39445114135742,975.1500244140625
2009-07-30,1534.739990234375,502.8999938964844,60.636295318603516,986.75
2009-07-31,1557.2900390625,504.3500061035156,61.24762725830078,987.47998046875
2009-08-03,1564.97998046875,510.55999755859375,60.59678649902344,1002.6300048828125
2009-08-04,1566.3699951171875,508.7200012207031,60.42164611816406,1005.6500244140625
2009-08-05,1559.469970703125,508.989990234375,60.07802963256836,1002.719970703125
2009-08-06,1565.0400390625,509.260009765625,60.07802963256836,997.0800170898438
2009-08-07,1576.0,512.7000122070312,59.680484771728516,1010.47998046875
2009-08-10,1576.1099853515625,516.7000122070312,60.06455612182617,1007.0999755859375
2009-08-11,1579.2099609375,519.52001953125,60.48229217529297,994.3499755859375
2009-08-12,1565.3499755859375,522.6199951171875,60.31386184692383,1005.8099975585938
2009-08-13,1564.6400146484375,531.7100219726562,60.78545379638672,1012.72998046875
2009-08-14,1591.4100341796875,531.1199951171875,60.97413635253906,1004.0900268554688
2009-08-17,1547.06005859375,517.8300170898438,61.391849517822266,979.72998046875
2009-08-18,1550.239990234375,511.5299987792969,61.176177978515625,989.6699829101562
2009-08-19,1545.9599609375,510.20001220703125,61.4052848815918,996.4600219726562
2009-08-20,1576.3900146484375,516.77001953125,61.567047119140625,1007.3699951171875
2009-08-21,1580.97998046875,512.1400146484375,60.94039535522461,1026.1300048828125
2009-08-24,1612.219970703125,511.3599853515625,61.31770324707031,1025.5699462890625
2009-08-25,1601.3800048828125,510.69000244140625,61.47939682006836,1028.0
2009-08-26,1614.1199951171875,516.9600219726562,61.56028366088867,1028.1199951171875
2009-08-27,1599.3299560546875,513.5999755859375,61.391849517822266,1030.97998046875
2009-08-28,1607.93994140625,520.1900024414062,61.5333251953125,1028.9300537109375
2009-08-31,1591.8499755859375,514.7000122070312,61.7152214050293,1020.6199951171875
2009-09-01,1623.06005859375,516.27001953125,61.875362396240234,998.0399780273438
2009-09-02,1613.1600341796875,517.72998046875,62.213172912597656,994.75
2009-09-03,1613.530029296875,516.9500122070312,61.99028015136719,1003.239990234375
2009-09-04,1608.9000244140625,518.8200073242188,61.618656158447266,1016.4000244140625
2009-09-08,1619.68994140625,526.8499755859375,61.47673416137695,1025.3900146484375
2009-09-09,1607.77001953125,520.2000122070312,61.530792236328125,1033.3699951171875
2009-09-10,1644.6800537109375,525.010009765625,61.99028015136719,1044.1400146484375
2009-09-11,1651.699951171875,528.260009765625,62.172645568847656,1042.72998046875
2009-09-14,1634.9100341796875,526.8800048828125,61.80780029296875,1049.3399658203125
2009-09-15,1653.4000244140625,531.5800170898438,61.67941665649414,1052.6300048828125
2009-09-16,1683.3299560546875,531.5599975585938,61.63214111328125,1068.760009765625
2009-09-17,1695.469970703125,528.1300048828125,61.93614959716797,1065.489990234375
2009-09-18,1699.7099609375,531.530029296875,61.60508346557617,1068.300048828125
2009-09-21,1695.5,533.0999755859375,61.56455993652344,1064.6600341796875
2009-09-22,1718.8800048828125,536.969970703125,61.72672653198242,1071.6600341796875
2009-09-23,1711.469970703125,528.97998046875,61.86187744140625,1060.8699951171875
2009-09-24,1693.8800048828125,518.77001953125,62.03079605102539,1050.780029296875
2009-09-25,1691.47998046875,516.52001953125,62.28070068359375,1044.3800048828125
2009-09-28,1675.550048828125,511.6099853515625,62.38885498046875,1062.97998046875
2009-09-29,1690.050048828125,512.2000122070312,62.36182403564453,1060.6099853515625
2009-09-30,1673.1400146484375,505.94000244140625,62.40910339355469,1057.0799560546875
2009-10-01,1644.6300048828125,502.54998779296875,62.87863540649414,1029.8499755859375
2009-10-05,1606.9000244140625,497.8299865722656,62.84477615356445,1040.4599609375
2009-10-06,1598.43994140625,494.4200134277344,62.64154052734375,1054.719970703125
2009-10-07,1598.0,491.3699951171875,63.041236877441406,1057.5799560546875
2009-10-08,1615.4599609375,496.9599914550781,62.81088638305664,1065.47998046875
2009-10-09,1646.7900390625,506.2900085449219,62.207908630371094,1071.489990234375
2009-10-12,1639.81005859375,510.2099914550781,62.39082717895508,1076.18994140625
2009-10-13,1628.9300537109375,508.3699951171875,62.533111572265625,1073.18994140625
2009-10-14,1649.0899658203125,512.0399780273438,62.10624694824219,1092.02001953125
2009-10-15,1658.989990234375,510.4599914550781,61.903018951416016,1096.56005859375
2009-10-16,1640.3599853515625,508.260009765625,62.187599182128906,1087.6800537109375
2009-10-19,1649.0699462890625,508.95001220703125,62.28242111206055,1097.9100341796875
2009-10-20,1659.1500244140625,509.760009765625,62.424713134765625,1091.06005859375
2009-10-21,1653.8599853515625,508.6199951171875,62.28242111206055,1081.4000244140625
2009-10-22,1630.3299560546875,503.7799987792969,62.099510192871094,1092.9100341796875
2009-10-23,1640.1700439453125,503.9100036621094,61.79460525512695,1079.5999755859375
2009-10-26,1657.1099853515625,504.7699890136719,61.442291259765625,1066.949951171875
2009-10-27,1649.530029296875,502.29998779296875,61.970767974853516,1063.4100341796875
2009-10-28,1609.7099609375,488.82000732421875,62.16051483154297,1042.6300048828125
2009-10-29,1585.8499755859375,482.3399963378906,61.862388610839844,1066.1099853515625
2009-10-30,1580.68994140625,486.4599914550781,62.323097229003906,1036.18994140625
2009-11-02,1559.0899658203125,479.25,62.15913391113281,1042.8800048828125
2009-11-03,1549.9200439453125,478.760009765625,62.015628814697266,1045.4100341796875
2009-11-04,1579.9300537109375,483.8699951171875,61.844791412353516,1046.5
2009-11-05,1552.239990234375,479.4599914550781,61.85845184326172,1066.6300048828125
2009-11-06,1572.4599609375,482.70001220703125,62.04298400878906,1069.300048828125
2009-11-09,1576.7900390625,484.45001220703125,62.07028579711914,1093.0799560546875
2009-11-10,1582.300048828125,482.94000244140625,62.11807632446289,1093.010009765625
2009-11-11,1594.8199462890625,485.6199951171875,62.295753479003906,1098.510009765625
2009-11-12,1572.72998046875,484.6300048828125,62.31620407104492,1087.239990234375
2009-11-13,1571.989990234375,481.57000732421875,62.364105224609375,1093.47998046875
2009-11-16,1592.469970703125,475.739990234375,62.698856353759766,1109.300048828125
2009-11-17,1585.97998046875,471.95001220703125,62.83549880981445,1110.3199462890625
2009-11-18,1603.969970703125,472.5400085449219,62.6783447265625,1109.800048828125
2009-11-19,1620.5400390625,475.7699890136719,62.75351333618164,1094.9000244140625
2009-11-20,1620.5999755859375,479.42999267578125,62.74665451049805,1091.3800048828125
2009-11-23,1619.050048828125,479.79998779296875,62.6578483581543,1106.239990234375
2009-11-24,1606.4200439453125,475.3900146484375,62.978973388671875,1105.6500244140625
2009-11-25,1611.8800048828125,476.55999755859375,63.19080352783203,1110.6300048828125
2009-11-27,1524.5,451.6700134277344,63.477752685546875,1091.489990234375
2009-11-30,1555.5999755859375,464.32000732421875,63.580162048339844,1095.6300048828125
2009-12-01,1569.719970703125,469.0400085449219,63.22959518432617,1108.8599853515625
2009-12-02,1591.6300048828125,475.9700012207031,63.0994987487793,1109.239990234375
2009-12-03,1615.0,480.5199890136719,62.805084228515625,1099.9200439453125
2009-12-04,1624.760009765625,483.6300048828125,62.33940887451172,1105.97998046875
2009-12-07,1632.6500244140625,487.0400085449219,62.510643005371094,1103.25
2009-12-08,1627.780029296875,485.94000244140625,62.72977066040039,1091.93994140625
2009-12-09,1634.1700439453125,486.7799987792969,62.60647964477539,1095.949951171875
2009-12-10,1652.72998046875,489.45001220703125,62.39421081542969,1102.3499755859375
2009-12-11,1656.9000244140625,495.2099914550781,62.086090087890625,1106.4100341796875
2009-12-14,1664.77001953125,501.8500061035156,62.086090087890625,1114.1099853515625
2009-12-15,1665.8499755859375,503.30999755859375,61.88746643066406,1107.9300537109375
2009-12-16,1664.239990234375,507.010009765625,61.88746643066406,1109.1800537109375
2009-12-17,1647.8399658203125,510.1000061035156,62.43531036376953,1096.0799560546875
2009-12-18,1647.0400390625,513.780029296875,62.12720489501953,1102.469970703125
2009-12-21,1644.22998046875,518.0900268554688,61.49033737182617,1114.050048828125
2009-12-22,1655.5400390625,512.780029296875,61.21642303466797,1118.02001953125
2009-12-23,1661.3499755859375,508.44000244140625,61.18905258178711,1120.5899658203125
2009-12-24,1682.3399658203125,511.19000244140625,60.96993637084961,1126.47998046875
2009-12-28,1685.5899658203125,506.07000732421875,60.805580139160156,1127.780029296875
2009-12-29,1672.47998046875,505.6099853515625,60.96607971191406,1126.199951171875
2009-12-30,1682.77001953125,513.5700073242188,61.07589340209961,1126.4200439453125
2010-01-04,1696.1400146484375,528.0900268554688,60.93183135986328,1132.989990234375
2010-01-05,1690.6199951171875,533.0900268554688,61.19932556152344,1136.52001953125
2010-01-06,1705.3199462890625,539.1199951171875,60.95237731933594,1137.1400146484375
2010-01-07,1683.449951171875,535.52001953125,60.95237731933594,1141.68994140625
2010-01-08,1695.260009765625,538.9600219726562,61.027870178222656,1144.97998046875
2010-01-11,1694.1199951171875,540.4000244140625,61.06907272338867,1146.97998046875
2010-01-12,1698.6400146484375,538.1099853515625,61.50809860229492,1136.219970703125
2010-01-13,1671.4100341796875,534.4600219726562,61.21309280395508,1145.6800537109375
2010-01-14,1685.77001953125,542.3300170898438,61.501190185546875,1148.4599609375
2010-01-15,1701.800048828125,549.969970703125,61.77565002441406,1136.030029296875
2010-01-19,1710.219970703125,549.1400146484375,61.66585159301758,1150.22998046875
2010-01-20,1714.3800048828125,544.1199951171875,61.878562927246094,1138.0400390625
2010-01-21,1722.010009765625,549.030029296875,62.10494613647461,1116.47998046875
2010-01-22,1684.3499755859375,546.6599731445312,62.1598014831543,1091.760009765625
2010-01-25,1670.199951171875,534.219970703125,62.02257537841797,1096.780029296875
2010-01-26,1637.3399658203125,522.0700073242188,62.146060943603516,1092.1700439453125
2010-01-27,1625.47998046875,516.4299926757812,62.001983642578125,1097.5
2010-01-28,1642.4300537109375,517.4000244140625,61.98140335083008,1084.530029296875
2010-01-29,1602.4300537109375,496.57000732421875,62.221527099609375,1073.8699951171875
2010-02-01,1606.43994140625,502.0,62.00819396972656,1089.18994140625
2010-02-02,1595.81005859375,504.69000244140625,62.11139678955078,1103.3199462890625
2010-02-03,1615.02001953125,515.3200073242188,61.81543731689453,1097.280029296875
2010-02-04,1616.4200439453125,516.22998046875,62.32475662231445,1063.1099853515625
2010-02-05,1567.1199951171875,497.3699951171875,62.52439880371094,1066.18994140625
2010-02-08,1552.7900390625,487.4100036621094,62.46928405761719,1056.739990234375
2010-02-09,1570.489990234375,491.20001220703125,62.13209533691406,1070.52001953125
2010-02-10,1570.1199951171875,491.2799987792969,61.95998001098633,1068.1300048828125
2010-02-11,1597.81005859375,498.010009765625,61.884281158447266,1078.469970703125
2010-02-12,1593.6600341796875,503.8800048828125,62.02884292602539,1075.510009765625
2010-02-16,1601.050048828125,508.95001220703125,62.166481018066406,1094.8699951171875
2010-02-17,1627.4300537109375,515.1599731445312,61.83610153198242,1099.510009765625
2010-02-18,1621.18994140625,513.3300170898438,61.61583709716797,1106.75
2010-02-19,1593.9000244140625,504.3900146484375,61.650272369384766,1109.1700439453125
2010-02-22,1627.0999755859375,512.25,61.602073669433594,1108.010009765625
2010-02-23,1628.9000244140625,513.9000244140625,62.07012176513672,1094.5999755859375
2010-02-24,1612.8299560546875,514.0399780273438,62.10456085205078,1105.239990234375
2010-02-25,1587.510009765625,504.6300048828125,62.331661224365234,1102.93994140625
2010-02-26,1594.5799560546875,507.0299987792969,62.42799377441406,1104.489990234375
2010-03-02,1615.1199951171875,507.9599914550781,62.52737808227539,1118.31005859375
2010-03-03,1622.43994140625,509.6300048828125,62.46526336669922,1118.7900390625
2010-03-04,1618.199951171875,507.5899963378906,62.57573318481445,1122.969970703125
2010-03-05,1634.5699462890625,511.2799987792969,62.27894973754883,1138.699951171875
2010-03-08,1660.0400390625,517.6300048828125,62.113311767578125,1138.5
2010-03-09,1660.8299560546875,518.1199951171875,62.272037506103516,1140.449951171875
2010-03-10,1662.239990234375,518.6699829101562,62.168495178222656,1145.6099853515625
2010-03-11,1656.6199951171875,517.5700073242188,62.113311767578125,1150.239990234375
2010-03-12,1662.739990234375,519.4400024414062,62.20996856689453,1149.989990234375
2010-03-15,1649.5,517.75,62.20996856689453,1150.510009765625
2010-03-16,1648.010009765625,520.8800048828125,62.45146179199219,1159.4599609375
2010-03-17,1682.8599853515625,522.97998046875,62.52737808227539,1166.2099609375
2010-03-18,1675.1700439453125,524.3099975585938,62.361793518066406,1165.8299560546875
2010-03-19,1686.1099853515625,527.5800170898438,62.27894973754883,1159.9000244140625
2010-03-22,1672.6700439453125,527.0700073242188,62.485992431640625,1165.81005859375
2010-03-23,1681.8199462890625,526.4199829101562,62.35483932495117,1174.1700439453125
2010-03-24,1681.010009765625,519.7999877929688,61.73374557495117,1167.719970703125
2010-03-25,1688.3900146484375,520.239990234375,61.50601577758789,1165.72998046875
2010-03-26,1697.719970703125,524.6599731445312,61.65087127685547,1166.5899658203125
2010-03-29,1691.989990234375,518.0599975585938,61.56120300292969,1173.219970703125
2010-03-30,1700.18994140625,518.0499877929688,61.623321533203125,1173.27001953125
2010-03-31,1692.8499755859375,515.739990234375,61.768226623535156,1169.4300537109375
2010-04-01,1719.1700439453125,519.1900024414062,61.64017868041992,1178.0999755859375
2010-04-05,1724.989990234375,505.1300048828125,61.08647918701172,1187.43994140625
2010-04-06,1726.0899658203125,506.3900146484375,61.26641845703125,1189.43994140625
2010-04-07,1726.5999755859375,510.8999938964844,61.6470832824707,1182.449951171875
2010-04-08,1733.780029296875,513.2899780273438,61.57790756225586,1186.43994140625
2010-04-09,1724.469970703125,512.1500244140625,61.6470832824707,1194.3699951171875
2010-04-12,1710.300048828125,507.6700134277344,61.813209533691406,1196.47998046875
2010-04-13,1710.5899658203125,506.5299987792969,61.93084716796875,1197.300048828125
2010-04-14,1735.3299560546875,509.69000244140625,61.76476287841797,1210.6500244140625
2010-04-15,1743.9100341796875,508.6099853515625,61.86861801147461,1211.6700439453125
2010-04-16,1734.489990234375,508.4200134277344,62.242279052734375,1192.1300048828125
2010-04-19,1705.300048828125,502.70001220703125,62.0900764465332,1197.52001953125
2010-04-20,1718.030029296875,510.5,62.117759704589844,1207.1700439453125
2010-04-21,1747.5799560546875,515.989990234375,62.31846237182617,1205.93994140625
2010-04-22,1739.52001953125,516.469970703125,62.1731071472168,1208.6700439453125
2010-04-23,1737.030029296875,516.510009765625,62.00014877319336,1217.280029296875
2010-04-26,1752.199951171875,517.6799926757812,62.041656494140625,1212.050048828125
2010-04-27,1749.550048828125,519.239990234375,62.62299346923828,1183.7099609375
2010-04-28,1733.9100341796875,517.8499755859375,62.3046760559082,1191.3599853515625
2010-04-29,1728.4200439453125,519.2100219726562,62.40843963623047,1206.780029296875
2010-04-30,1741.56005859375,523.75,62.78915023803711,1186.68994140625
2010-05-03,1721.2099609375,519.780029296875,62.62462615966797,1202.260009765625
2010-05-04,1718.75,518.989990234375,63.04804611206055,1173.5999755859375
2010-05-06,1684.7099609375,509.2300109863281,63.985252380371094,1128.1500244140625
2010-05-07,1647.5,499.7099914550781,63.81167221069336,1110.8800048828125
2010-05-10,1677.6300048828125,512.1599731445312,63.32572937011719,1159.72998046875
2010-05-11,1670.239990234375,512.219970703125,63.40212631225586,1155.7900390625
2010-05-12,1663.030029296875,512.1300048828125,63.242462158203125,1171.6700439453125
2010-05-13,1694.5799560546875,522.5399780273438,63.41596984863281,1157.43994140625
2010-05-14,1695.6300048828125,524.97998046875,63.8255615234375,1135.6800537109375
2010-05-17,1651.510009765625,510.25,63.68672180175781,1136.93994140625
2010-05-18,1643.239990234375,504.5199890136719,64.1518783569336,1120.800048828125
2010-05-19,1630.0799560546875,500.45001220703125,64.20735931396484,1115.050048828125
2010-05-20,1600.1800537109375,481.05999755859375,64.83216094970703,1071.5899658203125
2010-05-24,1604.9300537109375,476.3299865722656,64.86689758300781,1073.6500244140625
2010-05-25,1560.8299560546875,449.9599914550781,65.08902740478516,1074.030029296875
2010-05-26,1582.1199951171875,463.0,64.9571304321289,1067.949951171875
2010-05-27,1607.5,473.32000732421875,64.33926391601562,1103.06005859375
2010-05-28,1622.780029296875,479.0299987792969,64.63079833984375,1089.4100341796875
2010-06-01,1630.4000244140625,488.7900085449219,64.71439361572266,1070.7099609375
2010-06-03,1661.8399658203125,495.739990234375,64.2549057006836,1102.8299560546875
2010-06-04,1664.1300048828125,493.7099914550781,65.14602661132812,1064.8800048828125
2010-06-07,1637.969970703125,483.1199951171875,65.41049194335938,1050.469970703125
2010-06-08,1651.47998046875,490.3399963378906,65.20863342285156,1062.0
2010-06-09,1647.219970703125,487.0,65.21565246582031,1055.68994140625
2010-06-10,1651.699951171875,491.6300048828125,64.60994720458984,1086.8399658203125
2010-06-11,1675.3399658203125,491.25,65.02068328857422,1091.5999755859375
2010-06-14,1690.5999755859375,492.70001220703125,64.9649887084961,1089.6300048828125
2010-06-15,1690.030029296875,495.0799865722656,64.76309204101562,1115.22998046875
2010-06-16,1705.3299560546875,495.9599914550781,64.94410705566406,1114.6099853515625
2010-06-17,1707.9200439453125,495.17999267578125,65.25044250488281,1116.0400390625
2010-06-18,1711.949951171875,495.2300109863281,65.1181640625,1117.510009765625
2010-06-21,1739.6800537109375,498.3599853515625,65.06942749023438,1113.199951171875
2010-06-22,1731.47998046875,496.6499938964844,65.45925903320312,1095.31005859375
2010-06-23,1725.8199462890625,494.95001220703125,65.702880859375,1092.0400390625
2010-06-24,1739.8699951171875,499.1400146484375,65.64720153808594,1073.68994140625
2010-06-25,1729.8399658203125,498.1199951171875,65.75162506103516,1076.760009765625
2010-06-28,1732.030029296875,498.75,66.21809387207031,1074.5699462890625
2010-06-29,1707.760009765625,487.5400085449219,66.50350952148438,1041.239990234375
2010-06-30,1698.2900390625,489.9800109863281,66.60098266601562,1030.7099609375
2010-07-01,1686.239990234375,489.5899963378906,66.5716781616211,1027.3699951171875
2010-07-02,1671.8199462890625,485.69000244140625,66.4529800415039,1022.5800170898438
2010-07-06,1684.93994140625,487.4100036621094,66.61356353759766,1028.06005859375
2010-07-07,1675.6500244140625,486.4100036621094,66.40409088134766,1060.27001953125
2010-07-08,1698.6400146484375,488.9599914550781,66.24362182617188,1070.25
2010-07-09,1723.010009765625,492.1499938964844,66.069091796875,1077.9599609375
2010-07-12,1734.050048828125,496.70001220703125,66.18085479736328,1078.75
2010-07-13,1735.0799560546875,497.7900085449219,65.85277557373047,1095.3399658203125
2010-07-14,1758.010009765625,499.9700012207031,66.18085479736328,1095.1700439453125
2010-07-15,1751.2900390625,501.7300109863281,66.52277374267578,1096.47998046875
2010-07-16,1738.449951171875,498.8800048828125,66.9066390991211,1064.8800048828125
2010-07-19,1731.949951171875,498.489990234375,66.73217010498047,1071.25
2010-07-20,1736.77001953125,499.7200012207031,66.80198669433594,1083.47998046875
2010-07-21,1748.780029296875,496.7300109863281,67.22769165039062,1069.5899658203125
2010-07-22,1735.530029296875,484.7200012207031,66.85784149169922,1093.6700439453125
2010-07-23,1758.06005859375,483.69000244140625,66.64141082763672,1102.6600341796875
2010-07-26,1769.0699462890625,488.1400146484375,66.62049102783203,1115.010009765625
2010-07-27,1768.31005859375,487.739990234375,66.39015197753906,1113.8399658203125
2010-07-28,1773.469970703125,486.75,66.67633819580078,1106.1300048828125
2010-07-29,1770.8800048828125,482.55999755859375,66.81590270996094,1101.530029296875
2010-07-30,1759.3299560546875,481.45001220703125,67.20680236816406,1101.5999755859375
2010-08-02,1782.27001953125,481.9800109863281,66.99900817871094,1125.8599853515625
2010-08-03,1790.5999755859375,481.94000244140625,67.31385040283203,1120.4599609375
2010-08-04,1789.260009765625,479.5899963378906,67.03398132324219,1127.239990234375
2010-08-05,1783.8599853515625,476.4700012207031,67.35582733154297,1125.81005859375
2010-08-06,1783.8299560546875,478.4700012207031,67.7967529296875,1121.6400146484375
2010-08-09,1790.1700439453125,483.8699951171875,67.78279876708984,1127.7900390625
2010-08-10,1781.1300048828125,482.1600036621094,68.12562561035156,1121.06005859375
2010-08-11,1758.18994140625,475.1400146484375,68.51054382324219,1089.469970703125
2010-08-12,1721.75,470.9800109863281,68.33555603027344,1083.6099853515625
2010-08-13,1746.239990234375,477.1700134277344,68.62944030761719,1079.25
2010-08-16,1743.31005859375,476.0799865722656,69.12633514404297,1079.3800048828125
2010-08-17,1755.030029296875,477.6499938964844,68.77645111083984,1092.5400390625
2010-08-18,1761.989990234375,478.3299865722656,68.70648956298828,1094.1600341796875
2010-08-19,1779.6400146484375,480.7699890136719,69.01437377929688,1075.6300048828125
2010-08-20,1775.5400390625,480.3800048828125,68.79047393798828,1071.68994140625
2010-08-23,1767.7099609375,477.1400146484375,68.88143157958984,1067.3599853515625
2010-08-24,1760.530029296875,474.9700012207031,69.42725372314453,1051.8699951171875
2010-08-25,1734.7900390625,467.80999755859375,69.11235809326172,1055.3299560546875
2010-08-26,1729.760009765625,464.5299987792969,69.42725372314453,1047.219970703125
2010-08-27,1729.56005859375,461.5199890136719,68.62944030761719,1064.5899658203125
2010-08-30,1760.1300048828125,466.0899963378906,69.15434265136719,1048.9200439453125
2010-08-31,1742.75,464.7099914550781,69.4622573852539,1049.3299560546875
2010-09-01,1764.68994140625,469.75,68.96208190917969,1080.2900390625
2010-09-02,1775.72998046875,473.0,68.67445373535156,1090.0999755859375
2010-09-03,1780.02001953125,478.29998779296875,68.28157043457031,1104.510009765625
2010-09-07,1787.739990234375,480.20001220703125,68.82173156738281,1091.8399658203125
2010-09-08,1779.219970703125,478.6000061035156,68.63236236572266,1098.8699951171875
2010-09-09,1784.3599853515625,481.8599853515625,68.09212493896484,1104.1800537109375
2010-09-10,1802.5799560546875,484.4800109863281,67.8957290649414,1109.550048828125
2010-09-13,1818.8599853515625,483.489990234375,68.21845245361328,1121.9000244140625
2010-09-14,1815.25,481.7900085449219,68.56218719482422,1121.0999755859375
2010-09-15,1823.8800048828125,481.2799987792969,68.3236312866211,1125.0699462890625
2010-09-16,1811.8499755859375,480.6199951171875,68.08511352539062,1124.6600341796875
2010-09-17,1827.3499755859375,483.25,68.23947143554688,1125.5899658203125
2010-09-20,1832.6300048828125,483.8299865722656,68.44990539550781,1142.7099609375
2010-09-24,1846.5999755859375,485.1499938964844,68.94804382324219,1148.6700439453125
2010-09-27,1860.8299560546875,486.2900085449219,69.48123931884766,1142.1600341796875
2010-09-28,1855.969970703125,487.739990234375,69.71275329589844,1147.699951171875
2010-09-29,1866.449951171875,489.6099853515625,69.5443115234375,1144.72998046875
2010-09-30,1872.81005859375,492.75,69.46019744873047,1141.199951171875
2010-10-01,1876.72998046875,495.05999755859375,69.4974365234375,1146.239990234375
2010-10-04,1879.2900390625,493.7799987792969,69.74356842041016,1137.030029296875
2010-10-05,1878.93994140625,493.54998779296875,69.75759887695312,1160.75
2010-10-06,1903.949951171875,497.3299865722656,70.20770263671875,1159.969970703125
2010-10-07,1900.8499755859375,496.1400146484375,70.2779769897461,1158.06005859375
2010-10-08,1897.0699462890625,497.0799865722656,70.30609893798828,1165.1500244140625
2010-10-11,1889.9100341796875,496.79998779296875,70.3764419555664,1165.3199462890625
2010-10-12,1868.0400390625,494.0799865722656,70.17250061035156,1169.77001953125
2010-10-13,1876.1500244140625,499.1199951171875,70.17250061035156,1178.0999755859375
2010-10-14,1899.760009765625,504.5899963378906,69.77168273925781,1173.81005859375
2010-10-15,1902.2900390625,509.5899963378906,69.46929931640625,1176.18994140625
2010-10-18,1875.4200439453125,516.1900024414062,69.79981994628906,1184.7099609375
2010-10-19,1857.3199462890625,514.5900268554688,70.03887176513672,1165.9000244140625
2010-10-20,1870.43994140625,520.2100219726562,69.9967269897461,1178.1700439453125
2010-10-21,1874.68994140625,522.6599731445312,69.60993194580078,1180.260009765625
2010-10-22,1897.31005859375,523.1199951171875,69.63105773925781,1183.0799560546875
2010-10-25,1915.7099609375,525.8599853515625,69.60993194580078,1185.6199951171875
2010-10-26,1919.4100341796875,526.6400146484375,69.14580535888672,1185.6400146484375
2010-10-27,1909.5400390625,528.5900268554688,68.7450180053711,1182.449951171875
2010-10-28,1907.8699951171875,527.3599853515625,69.14580535888672,1183.780029296875
2010-10-29,1882.949951171875,526.4500122070312,69.45520782470703,1183.260009765625
2010-11-01,1914.739990234375,527.97998046875,69.33895874023438,1184.3800048828125
2010-11-02,1918.0400390625,523.9299926757812,69.57157135009766,1193.5699462890625
2010-11-03,1935.969970703125,525.8900146484375,69.79710388183594,1197.9599609375
2010-11-04,1942.5,531.530029296875,70.36101531982422,1221.06005859375
2010-11-05,1938.9599609375,528.6599731445312,70.06489562988281,1225.8499755859375
2010-11-08,1942.4100341796875,528.469970703125,70.08609008789062,1223.25
2010-11-09,1947.4599609375,526.9299926757812,69.49401092529297,1213.4000244140625
2010-11-10,1967.8499755859375,528.27001953125,69.75482177734375,1218.7099609375
2010-11-11,1914.72998046875,524.0499877929688,69.67726135253906,1213.5400390625
2010-11-12,1913.1199951171875,509.3500061035156,69.09925079345703,1199.2099609375
2010-11-15,1913.81005859375,504.8299865722656,68.2111587524414,1197.75
2010-11-16,1899.1300048828125,503.0400085449219,68.71865844726562,1178.3399658203125
2010-11-17,1897.1099853515625,505.739990234375,68.52124786376953,1178.5899658203125
2010-11-18,1927.8599853515625,514.1300048828125,68.35918426513672,1196.68994140625
2010-11-19,1940.9599609375,517.0399780273438,68.5001220703125,1199.72998046875
2010-11-22,1944.3399658203125,515.97998046875,68.86666870117188,1197.8399658203125
2010-11-23,1928.93994140625,511.5799865722656,69.00765991210938,1180.72998046875
2010-11-24,1925.97998046875,505.32000732421875,68.26748657226562,1198.3499755859375
2010-11-26,1901.800048828125,493.55999755859375,68.56353759765625,1189.4000244140625
2010-11-29,1895.5400390625,494.3299865722656,68.71157836914062,1187.760009765625
2010-11-30,1904.6300048828125,498.3900146484375,68.83141326904297,1180.550048828125
2010-12-01,1929.3199462890625,502.4800109863281,67.92623138427734,1206.0699462890625
2010-12-02,1950.260009765625,505.94000244140625,67.7566909790039,1221.530029296875
2010-12-03,1957.260009765625,502.1300048828125,67.76371765136719,1224.7099609375
2010-12-06,1953.6400146484375,502.5400085449219,68.18769073486328,1223.1199951171875
2010-12-07,1962.52001953125,504.489990234375,67.05716705322266,1223.75
2010-12-08,1955.719970703125,502.79998779296875,66.4847412109375,1228.280029296875
2010-12-09,1988.9599609375,506.45001220703125,66.62609100341797,1233.0
2010-12-10,1986.1400146484375,509.20001220703125,66.0607681274414,1240.4000244140625
2010-12-13,1996.5899658203125,513.4099731445312,66.27278900146484,1240.4599609375
2010-12-14,2009.050048828125,515.0,65.5732650756836,1241.5899658203125
2010-12-15,2017.47998046875,514.6900024414062,65.30475616455078,1235.22998046875
2010-12-16,2009.239990234375,511.7099914550781,65.69337463378906,1242.8699951171875
2010-12-17,2026.300048828125,510.739990234375,66.25860595703125,1243.9100341796875
2010-12-20,2020.280029296875,497.95001220703125,66.25157928466797,1247.0799560546875
2010-12-21,2037.0899658203125,506.6700134277344,66.39291381835938,1254.5999755859375
2010-12-22,2038.1099853515625,505.010009765625,66.20922088623047,1258.8399658203125
2010-12-23,2037.530029296875,502.3900146484375,65.97599792480469,1256.77001953125
2010-12-27,2022.18994140625,496.67999267578125,66.23041534423828,1257.5400390625
2010-12-28,2033.3199462890625,494.95001220703125,65.53462219238281,1258.510009765625
2010-12-29,2043.489990234375,502.30999755859375,66.271484375,1259.780029296875
2010-12-30,2051.0,510.69000244140625,66.13690948486328,1257.8800048828125
2011-01-03,2070.080078125,518.0499877929688,66.26437377929688,1271.8699951171875
2011-01-04,2085.139892578125,521.3499755859375,66.42024993896484,1270.199951171875
2011-01-05,2082.550048828125,523.8099975585938,65.70471954345703,1276.56005859375
2011-01-06,2077.610107421875,527.6400146484375,66.04476165771484,1273.8499755859375
2011-01-07,2086.199951171875,530.8400268554688,66.48397827148438,1271.5
2011-01-10,2080.81005859375,533.97998046875,66.71073150634766,1269.75
2011-01-11,2088.320068359375,533.6699829101562,66.44861602783203,1274.47998046875
2011-01-12,2094.949951171875,535.4299926757812,66.25729370117188,1285.9599609375
2011-01-13,2089.47998046875,534.27001953125,66.70364379882812,1283.760009765625
2011-01-14,2108.169921875,535.2000122070312,66.51945495605469,1293.239990234375
2011-01-18,2096.47998046875,529.02001953125,66.35647583007812,1295.02001953125
2011-01-19,2115.68994140625,532.969970703125,66.52655792236328,1281.9200439453125
2011-01-20,2106.659912109375,533.3599853515625,66.00931549072266,1280.260009765625
2011-01-21,2069.919921875,525.75,66.22896575927734,1283.3499755859375
2011-01-24,2082.159912109375,527.0900268554688,66.23604583740234,1290.8399658203125
2011-01-25,2086.669921875,522.9600219726562,66.56904602050781,1291.1800537109375
2011-01-26,2110.4599609375,524.7100219726562,66.16520690917969,1296.6300048828125
2011-01-27,2115.010009765625,528.6300048828125,66.41316223144531,1299.5400390625
2011-01-28,2107.8701171875,527.4600219726562,66.71785736083984,1276.3399658203125
2011-01-31,2069.72998046875,521.3800048828125,66.4556884765625,1286.1199951171875
2011-02-01,2072.030029296875,524.5,66.14672088623047,1307.5899658203125
2011-02-07,2081.739990234375,531.0900268554688,65.18069458007812,1319.050048828125
2011-02-08,2069.699951171875,531.469970703125,64.73332214355469,1324.5699462890625
2011-02-09,2045.5799560546875,525.739990234375,65.10267639160156,1320.8800048828125
2011-02-10,2008.5,522.7000122070312,64.88958740234375,1321.8699951171875
2011-02-11,1977.18994140625,517.72998046875,65.18782806396484,1329.1500244140625
2011-02-14,2014.5899658203125,520.3499755859375,65.20915985107422,1332.3199462890625
2011-02-15,2010.52001953125,520.8800048828125,65.35832214355469,1328.010009765625
2011-02-16,1989.1099853515625,520.0800170898438,65.26600646972656,1336.3199462890625
2011-02-17,1977.219970703125,511.0799865722656,65.50751495361328,1340.4300537109375
2011-02-18,2013.1400146484375,518.5499877929688,65.4933090209961,1343.010009765625
2011-02-22,1969.9200439453125,512.0599975585938,66.12542724609375,1315.43994140625
2011-02-23,1961.6300048828125,507.1600036621094,65.96208190917969,1307.4000244140625
2011-02-24,1949.8800048828125,501.1099853515625,66.13251495361328,1306.0999755859375
2011-02-25,1963.4300537109375,509.3299865722656,66.34559631347656,1319.8800048828125
2011-02-28,1939.300048828125,504.4599914550781,66.31717681884766,1327.219970703125
2011-03-02,1928.239990234375,503.4599914550781,66.0438232421875,1308.43994140625
2011-03-03,1970.6600341796875,510.94000244140625,65.59529876708984,1330.969970703125
2011-03-04,2004.6800537109375,518.7899780273438,66.065185546875,1321.1500244140625
2011-03-07,1980.27001953125,518.77001953125,65.90140533447266,1310.1300048828125
2011-03-08,1996.3199462890625,524.989990234375,65.74483489990234,1321.8199462890625
2011-03-09,2001.469970703125,522.7000122070312,66.12922668457031,1320.02001953125
2011-03-10,1981.5799560546875,522.1699829101562,66.69168853759766,1295.1099853515625
2011-03-11,1955.5400390625,518.5499877929688,66.53502655029297,1304.280029296875
2011-03-14,1971.22998046875,502.9800109863281,66.68452453613281,1296.3900146484375
2011-03-15,1923.9200439453125,489.44000244140625,66.92658996582031,1281.8699951171875
2011-03-16,1957.969970703125,492.3599853515625,67.49612426757812,1256.8800048828125
2011-03-17,1959.030029296875,487.80999755859375,67.2896728515625,1273.719970703125
2011-03-18,1981.1300048828125,494.7900085449219,67.2469253540039,1279.2099609375
2011-03-21,2003.4200439453125,506.5299987792969,66.89806365966797,1298.3800048828125
2011-03-22,2013.6600341796875,507.79998779296875,66.93370819091797,1293.77001953125
2011-03-23,2012.1800537109375,510.1700134277344,66.84822082519531,1297.5400390625
2011-03-24,2036.780029296875,513.7000122070312,66.50657653808594,1309.6600341796875
2011-03-25,2054.0400390625,514.5700073242188,66.3285903930664,1313.800048828125
2011-03-28,2056.389892578125,512.739990234375,66.34990692138672,1310.18994140625
2011-03-29,2072.1298828125,514.1900024414062,66.15773010253906,1319.43994140625
2011-03-30,2091.3798828125,520.2100219726562,66.3855209350586,1328.260009765625
2011-03-31,2106.699951171875,525.4199829101562,66.21469116210938,1325.8299560546875
2011-04-01,2121.010009765625,532.0599975585938,66.35601043701172,1332.4100341796875
2011-04-04,2115.8701171875,534.9000244140625,66.50591278076172,1332.8699951171875
2011-04-05,2130.429931640625,537.6599731445312,66.17041778564453,1332.6300048828125
2011-04-06,2126.7099609375,533.97998046875,65.8849105834961,1335.5400390625
2011-04-07,2122.139892578125,534.969970703125,65.89202117919922,1333.510009765625
2011-04-08,2127.969970703125,534.2000122070312,65.69928741455078,1328.1700439453125
2011-04-11,2122.389892578125,533.1099853515625,65.78498840332031,1324.4599609375
2011-04-12,2089.39990234375,525.1099853515625,66.15615844726562,1314.1600341796875
2011-04-13,2121.919921875,528.7000122070312,66.41310119628906,1314.4100341796875
2011-04-14,2141.06005859375,531.469970703125,66.19181060791016,1314.52001953125
2011-04-15,2140.5,534.5800170898438,66.67726135253906,1319.6800537109375
2011-04-18,2137.719970703125,528.52001953125,66.84141540527344,1305.1400146484375
2011-04-19,2122.679931640625,526.6199951171875,66.92703247070312,1312.6199951171875
2011-04-20,2169.909912109375,532.25,66.66294860839844,1330.3599853515625
2011-04-21,2198.5400390625,529.5800170898438,66.7129135131836,1337.3800048828125
2011-04-25,2216.0,528.5999755859375,66.94843292236328,1335.25
2011-04-26,2206.300048828125,521.6799926757812,67.23401641845703,1347.239990234375
2011-04-27,2206.699951171875,518.3900146484375,67.04132080078125,1355.6600341796875
2011-04-28,2208.35009765625,514.6699829101562,67.29828643798828,1360.47998046875
2011-04-29,2192.360107421875,511.0,67.43384552001953,1363.6099853515625
2011-05-02,2228.9599609375,516.760009765625,67.41310119628906,1361.219970703125
2011-05-03,2200.72998046875,512.510009765625,67.59199523925781,1356.6199951171875
2011-05-04,2180.639892578125,510.5299987792969,67.76376342773438,1347.3199462890625
2011-05-06,2147.449951171875,506.4200134277344,68.13594818115234,1340.199951171875
2011-05-09,2139.169921875,504.3699951171875,68.23612213134766,1346.2900390625
2011-05-11,2166.6298828125,505.17999267578125,68.15018463134766,1342.0799560546875
2011-05-12,2122.64990234375,504.4599914550781,67.99993133544922,1348.6500244140625
2011-05-13,2120.080078125,507.2799987792969,68.26468658447266,1337.77001953125
2011-05-16,2104.179931640625,506.07000732421875,68.42926788330078,1329.469970703125
2011-05-17,2102.409912109375,501.7200012207031,68.62967681884766,1328.97998046875
2011-05-18,2135.780029296875,498.94000244140625,68.23612213134766,1340.6800537109375
2011-05-19,2095.510009765625,487.0299987792969,68.30770111083984,1343.5999755859375
2011-05-20,2111.5,486.239990234375,68.47222137451172,1333.27001953125
2011-05-23,2055.7099609375,472.94000244140625,68.56525421142578,1317.3699951171875
2011-05-24,2061.760009765625,474.32000732421875,68.63688659667969,1316.280029296875
2011-05-25,2035.8699951171875,471.2300109863281,68.64400482177734,1320.469970703125
2011-05-26,2091.909912109375,479.9599914550781,69.02327728271484,1325.68994140625
2011-05-27,2100.239990234375,483.2200012207031,69.01615905761719,1331.0999755859375
2011-05-31,2142.469970703125,484.5400085449219,69.12349700927734,1345.199951171875
2011-06-01,2141.340087890625,483.2300109863281,69.69314575195312,1314.550048828125
2011-06-02,2114.199951171875,477.8299865722656,69.27703094482422,1312.93994140625
2011-06-03,2113.469970703125,476.1000061035156,69.54966735839844,1300.1600341796875
2011-06-07,2099.7099609375,472.79998779296875,69.63579559326172,1284.93994140625
2011-06-08,2083.35009765625,469.1499938964844,69.78649139404297,1279.56005859375
2011-06-09,2071.419921875,473.4700012207031,69.50659942626953,1289.0
2011-06-10,2046.6700439453125,466.9100036621094,69.72904205322266,1270.97998046875
2011-06-13,2048.739990234375,458.1499938964844,69.57836151123047,1271.8299560546875
2011-06-14,2076.830078125,462.2900085449219,69.02584075927734,1287.8699951171875
2011-06-15,2086.530029296875,464.8299865722656,69.77202606201172,1265.4200439453125
2011-06-16,2046.6300048828125,460.5400085449219,69.96576690673828,1267.6400146484375
2011-06-17,2031.9300537109375,459.3299865722656,69.91554260253906,1271.5
2011-06-20,2019.6500244140625,457.2300109863281,69.8079833984375,1278.3599853515625
2011-06-21,2048.169921875,459.57000732421875,69.71460723876953,1295.52001953125
2011-06-22,2063.89990234375,463.7699890136719,69.68594360351562,1287.1400146484375
2011-06-23,2055.860107421875,464.6199951171875,70.05187225341797,1283.5
2011-06-24,2090.81005859375,473.6600036621094,70.34605407714844,1268.449951171875
2011-06-27,2070.2900390625,475.42999267578125,70.07335662841797,1280.0999755859375
2011-06-28,2062.909912109375,474.6499938964844,69.42762756347656,1296.6700439453125
2011-06-29,2094.419921875,476.57000732421875,69.01151275634766,1307.4100341796875
2011-06-30,2100.68994140625,479.54998779296875,68.77479553222656,1320.6400146484375
2011-07-01,2125.739990234375,484.1099853515625,68.60286712646484,1339.6700439453125
2011-07-05,2161.75,492.3699951171875,69.03443908691406,1337.8800048828125
2011-07-06,2171.18994140625,492.94000244140625,69.15666961669922,1339.219970703125
2011-07-07,2180.590087890625,495.5199890136719,68.89061737060547,1353.219970703125
2011-07-08,2180.35009765625,496.82000732421875,69.62408447265625,1343.800048828125
2011-07-11,2157.159912109375,498.3699951171875,70.15630340576172,1319.489990234375
2011-07-12,2109.72998046875,490.6300048828125,70.2570571899414,1313.6400146484375
2011-07-13,2129.639892578125,494.9700012207031,70.37207794189453,1317.719970703125
2011-07-14,2130.070068359375,497.17999267578125,69.96935272216797,1308.8699951171875
2011-07-15,2145.199951171875,507.0,70.2570571899414,1316.1400146484375
2011-07-18,2130.47998046875,517.9299926757812,70.21387481689453,1305.43994140625
2011-07-19,2130.2099609375,524.47998046875,70.4800033569336,1326.72998046875
2011-07-20,2154.949951171875,526.6099853515625,70.13478088378906,1325.8399658203125
2011-07-21,2145.0400390625,524.5399780273438,69.74644470214844,1343.800048828125
2011-07-22,2171.22998046875,531.239990234375,70.01252746582031,1345.02001953125
2011-07-25,2150.47998046875,529.9000244140625,69.78958129882812,1337.4300537109375
2011-07-26,2168.699951171875,535.8499755859375,70.08440399169922,1331.93994140625
2011-07-27,2174.31005859375,538.1199951171875,69.96935272216797,1304.8900146484375
2011-07-28,2155.85009765625,538.5399780273438,70.10599517822266,1300.6700439453125
2011-07-29,2133.2099609375,536.0499877929688,70.95466613769531,1292.280029296875
2011-08-01,2172.31005859375,544.3900146484375,71.21276092529297,1286.93994140625
2011-08-02,2121.27001953125,538.0599975585938,71.86874389648438,1254.050048828125
2011-08-03,2066.260009765625,531.9099731445312,71.92646789550781,1260.3399658203125
2011-08-04,2018.469970703125,522.0700073242188,72.87809753417969,1200.0699462890625
2011-08-05,1943.75,495.54998779296875,72.03462219238281,1199.3800048828125
2011-08-08,1869.449951171875,462.69000244140625,73.18083953857422,1119.4599609375
2011-08-09,1801.3499755859375,432.8800048828125,73.60620880126953,1172.530029296875
2011-08-10,1806.239990234375,453.54998779296875,74.57946014404297,1120.760009765625
2011-08-11,1817.43994140625,469.239990234375,73.48363494873047,1172.6400146484375
2011-08-12,1793.31005859375,474.1499938964844,73.99549102783203,1178.81005859375
2011-08-16,1879.8699951171875,496.2300109863281,74.06037139892578,1192.760009765625
2011-08-17,1892.6700439453125,506.44000244140625,74.57946014404297,1193.8900146484375
2011-08-18,1860.5799560546875,507.79998779296875,74.96875762939453,1140.6500244140625
2011-08-19,1744.8800048828125,474.6499938964844,75.04804229736328,1123.530029296875
2011-08-22,1710.699951171875,465.8999938964844,74.9111099243164,1123.8199462890625
2011-08-23,1776.6800537109375,479.75,74.60826110839844,1162.3499755859375
2011-08-24,1754.780029296875,474.2900085449219,73.80803680419922,1177.5999755859375
2011-08-25,1764.5799560546875,471.5,74.26221466064453,1159.27001953125
2011-08-26,1778.949951171875,473.30999755859375,74.50019836425781,1176.800048828125
2011-08-29,1829.5,483.2699890136719,74.00994873046875,1210.0799560546875
2011-08-30,1843.8199462890625,488.489990234375,74.52180480957031,1212.9200439453125
2011-08-31,1880.1099853515625,493.44000244140625,74.25502014160156,1218.8900146484375
2011-09-01,1880.699951171875,490.2200012207031,74.84680938720703,1204.4200439453125
2011-09-02,1867.75,494.4700012207031,75.53314971923828,1173.969970703125
2011-09-06,1766.7099609375,465.3500061035156,75.63433074951172,1165.239990234375
2011-09-07,1833.4599609375,479.1700134277344,75.2297592163086,1198.6199951171875
2011-09-08,1846.6400146484375,475.29998779296875,75.5982437133789,1185.9000244140625
2011-09-09,1812.9300537109375,470.94000244140625,75.96670532226562,1154.22998046875
2011-09-14,1749.1600341796875,452.29998779296875,75.55484008789062,1188.6800537109375
2011-09-15,1774.0799560546875,454.95001220703125,74.99130249023438,1209.1099853515625
2011-09-16,1840.0999755859375,467.8399963378906,75.13578796386719,1216.010009765625
2011-09-19,1820.93994140625,462.8399963378906,75.74995422363281,1204.0899658203125
2011-09-20,1837.969970703125,470.1099853515625,75.85108184814453,1202.0899658203125
2011-09-21,1854.280029296875,477.510009765625,76.17620849609375,1166.760009765625
2011-09-22,1800.550048828125,471.4100036621094,76.88431549072266,1129.56005859375
2011-09-23,1697.43994140625,446.510009765625,76.24849700927734,1136.4300537109375
2011-09-26,1652.7099609375,409.54998779296875,75.9305648803711,1162.949951171875
2011-09-27,1735.7099609375,433.4100036621094,75.42478942871094,1175.3800048828125
2011-09-28,1723.0899658203125,434.20001220703125,75.43923950195312,1151.06005859375
2011-09-29,1769.2900390625,443.260009765625,75.43923950195312,1160.4000244140625
2011-09-30,1769.6500244140625,449.6600036621094,75.91613006591797,1131.4200439453125
2011-10-05,1666.52001953125,421.17999267578125,75.90960693359375,1144.030029296875
2011-10-06,1710.3199462890625,431.17999267578125,75.38113403320312,1164.969970703125
2011-10-07,1759.77001953125,442.6400146484375,74.9901351928711,1155.4599609375
2011-10-10,1766.43994140625,453.9100036621094,74.20099639892578,1194.8900146484375
2011-10-11,1795.02001953125,459.05999755859375,74.44713592529297,1195.5400390625
2011-10-12,1809.5,467.6499938964844,74.19371795654297,1207.25
2011-10-13,1823.0999755859375,473.55999755859375,74.49060821533203,1203.6600341796875
2011-10-14,1835.4000244140625,473.8900146484375,74.12137603759766,1224.5799560546875
2011-10-17,1865.1800537109375,485.3800048828125,74.60649108886719,1200.8599853515625
2011-10-18,1838.9000244140625,483.42999267578125,74.52681732177734,1225.3800048828125
2011-10-19,1855.9200439453125,488.1700134277344,74.64264678955078,1209.8800048828125
2011-10-20,1805.0899658203125,469.9800109863281,74.49060821533203,1215.3900146484375
2011-10-21,1838.3800048828125,481.2200012207031,74.35301208496094,1238.25
2011-10-24,1898.3199462890625,493.0299987792969,74.3168716430664,1254.18994140625
2011-10-25,1888.6500244140625,492.69000244140625,74.95397186279297,1229.050048828125
2011-10-26,1894.31005859375,497.510009765625,74.40371704101562,1242.0
2011-10-27,1922.0400390625,497.0400085449219,73.5059814453125,1284.5899658203125
2011-10-28,1929.47998046875,490.5899963378906,73.94763946533203,1285.0899658203125
2011-10-31,1909.030029296875,490.69000244140625,74.93950653076172,1253.300048828125
2011-11-01,1909.6300048828125,492.3599853515625,75.83828735351562,1218.280029296875
2011-11-02,1898.010009765625,493.489990234375,75.65695190429688,1237.9000244140625
2011-11-03,1869.9599609375,487.9100036621094,75.301513671875,1261.1500244140625
2011-11-04,1928.4100341796875,502.79998779296875,75.5263442993164,1253.22998046875
2011-11-07,1919.0999755859375,509.7699890136719,75.61343383789062,1261.1199951171875
2011-11-08,1903.1400146484375,507.1099853515625,75.27246856689453,1275.9200439453125
2011-11-09,1907.530029296875,509.4100036621094,75.9398193359375,1229.0999755859375
2011-11-10,1813.25,488.7699890136719,75.56997680664062,1239.699951171875
2011-11-11,1863.449951171875,500.0799865722656,75.2216796875,1263.8499755859375
2011-11-14,1902.81005859375,510.0899963378906,75.6932373046875,1251.780029296875
2011-11-15,1886.1199951171875,508.3299865722656,75.59162902832031,1257.81005859375
2011-11-16,1856.0699462890625,497.5799865722656,75.86727142333984,1236.9100341796875
2011-11-17,1876.6700439453125,506.5400085449219,76.0196533203125,1216.1300048828125
2011-11-18,1839.1700439453125,503.0899963378906,75.73676300048828,1215.6500244140625
2011-11-21,1820.030029296875,498.3599853515625,75.94713592529297,1192.97998046875
2011-11-22,1826.280029296875,505.69000244140625,76.17926025390625,1188.0400390625
2011-11-23,1783.0999755859375,490.489990234375,76.44041442871094,1161.7900390625
2011-11-25,1776.4000244140625,479.54998779296875,75.95439147949219,1158.6700439453125
2011-11-28,1815.280029296875,486.3599853515625,75.96163177490234,1192.550048828125
2011-11-29,1856.52001953125,492.7300109863281,75.81651306152344,1195.18994140625
2011-11-30,1847.510009765625,492.80999755859375,75.37398529052734,1246.9599609375
2011-12-01,1916.1800537109375,496.3299865722656,75.35221099853516,1244.5799560546875
2011-12-02,1916.0400390625,498.3299865722656,75.68651580810547,1244.280029296875
2011-12-05,1922.9000244140625,505.82000732421875,75.64293670654297,1257.0799560546875
2011-12-06,1902.8199462890625,502.5899963378906,75.44668579101562,1258.469970703125
2011-12-07,1919.4200439453125,505.67999267578125,75.78834533691406,1261.010009765625
2011-12-08,1912.3900146484375,508.6499938964844,76.173583984375,1234.3499755859375
2011-12-09,1874.75,507.6000061035156,75.65023040771484,1255.18994140625
2011-12-12,1899.760009765625,515.219970703125,75.91188049316406,1236.469970703125
2011-12-13,1864.06005859375,511.29998779296875,76.2607650756836,1225.72998046875
2011-12-14,1857.75,508.3800048828125,76.58059692382812,1211.8199462890625
2011-12-15,1819.1099853515625,497.760009765625,76.51516723632812,1215.75
2011-12-16,1839.9599609375,504.5799865722656,76.8858642578125,1219.6600341796875
2011-12-19,1776.9300537109375,477.6099853515625,77.1475830078125,1205.3499755859375
2011-12-20,1793.06005859375,489.6099853515625,76.44975280761719,1241.300048828125
2011-12-21,1848.4100341796875,500.6400146484375,76.20259094238281,1243.719970703125
2011-12-22,1847.489990234375,501.5400085449219,76.297119140625,1254.0
2011-12-23,1867.219970703125,502.3599853515625,75.98458862304688,1265.3299560546875
2011-12-27,1842.02001953125,491.6400146484375,76.0275650024414,1265.4300537109375
2011-12-28,1825.1199951171875,495.2200012207031,76.50814819335938,1249.6400146484375
2011-12-29,1825.739990234375,500.17999267578125,76.60277557373047,1263.02001953125
2012-01-03,1875.4100341796875,513.8300170898438,76.38432312011719,1277.06005859375
2012-01-04,1866.219970703125,516.2999877929688,76.14398193359375,1277.300048828125
2012-01-05,1863.739990234375,521.9600219726562,76.15859985351562,1281.06005859375
2012-01-06,1843.1400146484375,518.9400024414062,76.45713806152344,1277.81005859375
2012-01-09,1826.489990234375,520.280029296875,76.47169494628906,1280.699951171875
2012-01-10,1853.219970703125,525.739990234375,76.3187484741211,1292.0799560546875
2012-01-11,1845.550048828125,518.5800170898438,76.76296997070312,1292.47998046875
2012-01-12,1864.5699462890625,520.3400268554688,76.60277557373047,1295.5
2012-01-13,1875.6800537109375,523.1300048828125,76.94501495361328,1289.0899658203125
2012-01-17,1892.739990234375,519.5800170898438,77.01785278320312,1293.6700439453125
2012-01-18,1892.3900146484375,513.2000122070312,76.77754974365234,1308.0400390625
2012-01-19,1914.969970703125,515.7000122070312,76.3187484741211,1314.5
2012-01-20,1949.8900146484375,512.1699829101562,76.056640625,1315.3800048828125
2012-01-25,1952.22998046875,511.4700012207031,76.3405990600586,1326.06005859375
2012-01-26,1957.1800537109375,516.4500122070312,76.74840545654297,1318.4300537109375
2012-01-27,1964.8299560546875,515.8099975585938,76.98138427734375,1316.3299560546875
2012-01-30,1940.550048828125,510.3299865722656,77.24358367919922,1313.010009765625
2012-01-31,1955.7900390625,513.989990234375,77.53482055664062,1312.4100341796875
2012-02-01,1959.239990234375,519.25,77.26566314697266,1324.0899658203125
2012-02-02,1984.300048828125,522.0800170898438,77.37507629394531,1325.5400390625
2012-02-03,1972.3399658203125,522.5900268554688,76.7623062133789,1344.9000244140625
2012-02-06,1973.1300048828125,517.0999755859375,76.97386169433594,1344.3299560546875
2012-02-07,1981.5899658203125,519.0700073242188,76.477783203125,1347.050048828125
2012-02-08,2003.72998046875,520.9500122070312,76.51429748535156,1349.9599609375
2012-02-09,2014.6199951171875,524.27001953125,76.33922576904297,1351.949951171875
2012-02-10,1993.7099609375,528.6699829101562,76.76959991455078,1342.6400146484375
2012-02-13,2005.739990234375,533.1900024414062,76.71855163574219,1351.77001953125
2012-02-14,2002.6400146484375,535.3599853515625,76.87902069091797,1350.5
2012-02-15,2025.3199462890625,537.8599853515625,76.93739318847656,1343.22998046875
2012-02-16,1997.449951171875,535.2999877929688,76.58724212646484,1358.0400390625
2012-02-17,2023.469970703125,540.1400146484375,76.50700378417969,1361.22998046875
2012-02-21,2024.239990234375,543.0599975585938,76.22978210449219,1362.2099609375
2012-02-22,2028.6500244140625,544.2000122070312,76.52884674072266,1357.6600341796875
2012-02-23,2007.800048828125,541.1300048828125,76.63835906982422,1363.4599609375
2012-02-24,2019.8900146484375,544.1400146484375,76.69664001464844,1365.739990234375
2012-02-27,1991.1600341796875,538.3400268554688,76.95197296142578,1367.5899658203125
2012-02-28,2003.68994140625,540.3499755859375,76.98844909667969,1372.1800537109375
2012-02-29,2030.25,542.2999877929688,76.68209838867188,1365.6800537109375
2012-03-02,2034.6300048828125,543.969970703125,76.74051666259766,1369.6300048828125
2012-03-05,2016.06005859375,539.739990234375,76.58708953857422,1364.3299560546875
2012-03-06,2000.3599853515625,533.6199951171875,76.90860748291016,1343.3599853515625
2012-03-07,1982.1500244140625,532.47998046875,76.7624740600586,1352.6300048828125
2012-03-08,2000.760009765625,535.760009765625,76.53594970703125,1365.9100341796875
2012-03-09,2018.300048828125,539.5499877929688,76.47746276855469,1370.8699951171875
2012-03-12,2002.5,536.1099853515625,76.45562744140625,1371.0899658203125
2012-03-13,2025.0400390625,538.4600219726562,75.90754699707031,1395.949951171875
2012-03-14,2045.0799560546875,538.8599853515625,75.03812408447266,1394.280029296875
2012-03-15,2043.760009765625,538.3099975585938,75.0161361694336,1402.5999755859375
2012-03-16,2034.43994140625,539.780029296875,74.9942855834961,1404.1700439453125
2012-03-19,2047.0,539.8300170898438,74.53400421142578,1409.75
2012-03-20,2042.1500244140625,535.5499877929688,74.57048034667969,1405.52001953125
2012-03-21,2027.22998046875,533.9299926757812,74.95050048828125,1402.8900146484375
2012-03-22,2026.1199951171875,527.9000244140625,75.04539489746094,1392.780029296875
2012-03-23,2026.8299560546875,527.469970703125,75.32305145263672,1397.1099853515625
2012-03-26,2019.18994140625,523.3900146484375,75.23544311523438,1416.510009765625
2012-03-27,2039.760009765625,521.739990234375,75.65189361572266,1412.52001953125
2012-03-28,2031.739990234375,519.5599975585938,75.5202865600586,1405.5400390625
2012-03-29,2014.4100341796875,514.2100219726562,75.83451080322266,1403.280029296875
2012-03-30,2014.0400390625,519.5599975585938,75.46186828613281,1408.469970703125
2012-04-02,2029.2900390625,521.7999877929688,75.64269256591797,1419.0400390625
2012-04-03,2049.280029296875,515.8300170898438,75.08637237548828,1413.3800048828125
2012-04-04,2018.6099853515625,502.9700012207031,75.46698760986328,1398.9599609375
2012-04-05,2028.77001953125,503.3399963378906,75.8036880493164,1398.0799560546875
2012-04-09,1997.0799560546875,486.79998779296875,76.5794677734375,1382.199951171875
2012-04-10,1994.4100341796875,484.7699890136719,76.93814849853516,1358.5899658203125
2012-04-12,1986.6300048828125,485.7099914550781,76.48432922363281,1387.5699462890625
2012-04-13,2008.9100341796875,499.4599914550781,76.94548797607422,1370.260009765625
2012-04-16,1992.6300048828125,501.0899963378906,76.92349243164062,1369.5699462890625
2012-04-17,1985.300048828125,500.3800048828125,76.843017578125,1390.780029296875
2012-04-18,2004.530029296875,503.6300048828125,76.99668884277344,1385.1400146484375
2012-04-19,1999.8599853515625,501.9200134277344,77.08451843261719,1376.9200439453125
2012-04-20,1974.6500244140625,497.55999755859375,77.09185028076172,1378.530029296875
2012-04-23,1972.6300048828125,495.0199890136719,77.24556732177734,1366.93994140625
2012-04-24,1963.4200439453125,487.6199951171875,77.04794311523438,1371.969970703125
2012-04-25,1961.97998046875,483.4800109863281,76.95276641845703,1390.68994140625
2012-04-26,1964.0400390625,476.6199951171875,77.20896911621094,1399.97998046875
2012-04-27,1975.3499755859375,479.0799865722656,77.2894287109375,1403.3599853515625
2012-04-30,1981.989990234375,478.8900146484375,77.35533142089844,1397.9100341796875
2012-05-02,1999.0699462890625,485.5400085449219,77.36119079589844,1402.31005859375
2012-05-03,1995.1099853515625,487.44000244140625,77.35381317138672,1391.5699462890625
2012-05-04,1989.1500244140625,490.5299987792969,77.66177368164062,1369.0999755859375
2012-05-07,1956.43994140625,487.010009765625,77.6397476196289,1369.5799560546875
2012-05-08,1967.010009765625,494.6000061035156,77.81570434570312,1363.719970703125
2012-05-09,1950.2900390625,491.55999755859375,77.88166809082031,1354.5799560546875
2012-05-10,1944.9300537109375,494.2699890136719,77.77173614501953,1357.989990234375
2012-05-11,1917.1300048828125,493.6600036621094,78.02830505371094,1353.3900146484375
2012-05-14,1913.72998046875,488.5299987792969,78.37284851074219,1338.3499755859375
2012-05-15,1898.9599609375,480.5,78.39488983154297,1330.6600341796875
2012-05-16,1840.530029296875,465.010009765625,78.45348358154297,1324.800048828125
2012-05-17,1845.239990234375,468.1300048828125,78.74671173095703,1304.8599853515625
2012-05-18,1782.4599609375,448.67999267578125,78.69535064697266,1295.219970703125
2012-05-21,1799.1300048828125,448.8900146484375,78.49014282226562,1315.989990234375
2012-05-22,1828.68994140625,461.45001220703125,78.32152557373047,1316.6300048828125
2012-05-23,1808.6199951171875,455.8999938964844,78.52676391601562,1318.8599853515625
2012-05-24,1814.469970703125,455.7200012207031,78.35822296142578,1320.6800537109375
2012-05-25,1824.1700439453125,462.3999938964844,78.58537292480469,1317.8199462890625
2012-05-29,1849.9100341796875,470.0199890136719,78.51947784423828,1332.4200439453125
2012-05-30,1844.8599853515625,469.6199951171875,79.2671890258789,1313.3199462890625
2012-05-31,1843.469970703125,471.94000244140625,79.57508087158203,1310.3299560546875
2012-06-01,1834.510009765625,472.1300048828125,80.2586669921875,1278.0400390625
2012-06-04,1783.1300048828125,450.8399963378906,79.79608917236328,1278.1800537109375
2012-06-05,1801.8499755859375,456.67999267578125,79.53176879882812,1285.5
2012-06-07,1847.949951171875,466.17999267578125,79.20133972167969,1314.989990234375
2012-06-08,1835.6400146484375,461.989990234375,79.26007843017578,1325.6600341796875
2012-06-11,1867.0400390625,469.5899963378906,79.4729995727539,1308.9300537109375
2012-06-12,1854.739990234375,471.9700012207031,79.04715728759766,1324.1800537109375
2012-06-13,1859.3199462890625,470.9599914550781,79.46570587158203,1314.8800048828125
2012-06-14,1871.47998046875,472.0299987792969,79.25275421142578,1329.0999755859375
2012-06-15,1858.1600341796875,467.75,79.61983489990234,1342.8399658203125
2012-06-18,1891.7099609375,475.260009765625,79.59786987304688,1344.780029296875
2012-06-19,1891.77001953125,478.3599853515625,79.3261489868164,1357.97998046875
2012-06-20,1904.1199951171875,484.54998779296875,79.16461181640625,1355.68994140625
2012-06-21,1889.1500244140625,485.17999267578125,79.33355712890625,1325.510009765625
2012-06-22,1847.3900146484375,485.19000244140625,78.98846435546875,1335.02001953125
2012-06-25,1825.3800048828125,484.44000244140625,79.42162322998047,1313.719970703125
2012-06-26,1817.81005859375,484.3399963378906,79.24539947509766,1319.989990234375
2012-06-27,1817.6500244140625,483.0299987792969,79.35553741455078,1331.8499755859375
2012-06-28,1819.1800537109375,485.9100036621094,79.6125259399414,1329.0400390625
2012-06-29,1854.010009765625,489.1600036621094,79.24539947509766,1362.1600341796875
2012-07-02,1851.6500244140625,490.42999267578125,79.613037109375,1365.510009765625
2012-07-03,1867.8199462890625,493.9100036621094,79.41452026367188,1374.02001953125
2012-07-05,1875.489990234375,497.3399963378906,79.6277847290039,1367.5799560546875
2012-07-06,1858.199951171875,497.2099914550781,79.90718078613281,1354.6800537109375
2012-07-09,1836.1300048828125,495.2300109863281,80.12783813476562,1352.4599609375
2012-07-10,1829.449951171875,492.3399963378906,80.16455841064453,1341.469970703125
2012-07-11,1826.3900146484375,491.92999267578125,80.09101867675781,1341.449951171875
2012-07-12,1785.3900146484375,486.3800048828125,80.27486419677734,1334.760009765625
2012-07-13,1812.8900146484375,484.32000732421875,80.20867156982422,1356.780029296875
2012-07-16,1817.7900390625,483.5,80.38514709472656,1353.6400146484375
2012-07-17,1821.9599609375,480.6099853515625,80.17924499511719,1363.6700439453125
2012-07-18,1794.9100341796875,472.8800048828125,80.26017761230469,1372.780029296875
2012-07-19,1822.9599609375,478.67999267578125,80.1424789428711,1376.510009765625
2012-07-20,1822.9300537109375,481.8299865722656,80.45870971679688,1362.6600341796875
2012-07-23,1789.43994140625,472.239990234375,80.591064453125,1350.52001953125
2012-07-24,1793.9300537109375,468.2799987792969,80.74549102783203,1338.31005859375
2012-07-25,1769.31005859375,454.7200012207031,80.78951263427734,1337.8900146484375
2012-07-26,1782.469970703125,457.8599853515625,80.5395736694336,1360.02001953125
2012-07-27,1829.1600341796875,464.7200012207031,79.95866394042969,1385.969970703125
2012-07-30,1843.7900390625,465.4599914550781,80.21601104736328,1385.300048828125
2012-07-31,1881.989990234375,467.6099853515625,80.35570526123047,1379.3199462890625
2012-08-01,1879.9300537109375,468.5299987792969,80.06263732910156,1375.3199462890625
2012-08-02,1869.4000244140625,466.6300048828125,80.25407409667969,1365.0
2012-08-03,1848.6800537109375,465.2799987792969,79.8343505859375,1390.989990234375
2012-08-06,1885.8800048828125,469.6099853515625,79.88587951660156,1394.22998046875
2012-08-07,1886.800048828125,471.6000061035156,79.46614074707031,1401.3499755859375
2012-08-08,1903.22998046875,471.4200134277344,79.35569763183594,1402.219970703125
2012-08-09,1940.5899658203125,474.04998779296875,79.29679870605469,1402.800048828125
2012-08-10,1946.4000244140625,475.510009765625,79.52506256103516,1405.8699951171875
2012-08-13,1932.43994140625,478.3999938964844,79.47351837158203,1404.1099853515625
2012-08-14,1956.9599609375,480.739990234375,79.08324432373047,1403.9300537109375
2012-08-16,1957.9100341796875,485.32000732421875,78.49407196044922,1415.510009765625
2012-08-17,1946.5400390625,487.260009765625,78.58980560302734,1418.1600341796875
2012-08-20,1946.31005859375,490.1300048828125,78.63400268554688,1418.1300048828125
2012-08-21,1943.219970703125,491.7200012207031,78.70027160644531,1413.1700439453125
2012-08-22,1935.18994140625,492.8900146484375,79.31155395507812,1413.489990234375
2012-08-23,1942.5400390625,499.3399963378906,79.45142364501953,1402.0799560546875
2012-08-24,1919.81005859375,497.510009765625,79.41458892822266,1411.1300048828125
2012-08-27,1917.8699951171875,493.8299865722656,79.62081909179688,1410.43994140625
2012-08-28,1916.3299560546875,499.5299987792969,79.65026092529297,1409.300048828125
2012-08-29,1928.5400390625,505.32000732421875,79.59870147705078,1410.489990234375
2012-08-30,1906.3800048828125,505.6400146484375,79.74597930908203,1399.47998046875
2012-08-31,1905.1199951171875,508.3500061035156,80.261474609375,1406.5799560546875
2012-09-04,1907.1300048828125,507.4100036621094,80.07787322998047,1404.93994140625
2012-09-05,1874.030029296875,505.3900146484375,80.04835510253906,1403.43994140625
2012-09-06,1881.239990234375,506.7200012207031,79.50261688232422,1432.1199951171875
2012-09-07,1929.5799560546875,510.8699951171875,79.60590362548828,1437.9200439453125
2012-09-10,1924.699951171875,512.1099853515625,79.64279174804688,1429.0799560546875
2012-09-11,1920.0,514.4199829101562,79.49527740478516,1433.56005859375
2012-09-12,1950.030029296875,517.52001953125,79.10445404052734,1436.56005859375
2012-09-13,1950.68994140625,520.47998046875,79.33307647705078,1459.989990234375
2012-09-14,2007.5799560546875,519.1400146484375,78.58824157714844,1465.77001953125
2012-09-17,2002.3499755859375,519.0,78.75045013427734,1461.18994140625
2012-09-18,2004.9599609375,523.52001953125,78.94954681396484,1459.3199462890625
2012-09-19,2007.8800048828125,528.0599975585938,79.13394927978516,1461.050048828125
2012-09-20,1990.3299560546875,528.0599975585938,79.17813873291016,1460.260009765625
2012-09-21,2002.3699951171875,531.489990234375,79.3477783203125,1460.1500244140625
2012-09-24,2003.43994140625,532.280029296875,79.52479553222656,1456.8900146484375
2012-09-25,1991.4100341796875,522.9600219726562,79.81977844238281,1441.5899658203125
2012-09-26,1980.43994140625,520.7100219726562,80.15156555175781,1433.3199462890625
2012-09-27,1988.699951171875,518.2899780273438,79.98198699951172,1447.1500244140625
2012-09-28,1996.2099609375,523.780029296875,79.98198699951172,1440.6700439453125
2012-10-02,1996.030029296875,527.5599975585938,80.07877349853516,1445.75
2012-10-04,1992.6800537109375,531.4400024414062,79.84241485595703,1461.4000244140625
2012-10-05,1995.1700439453125,535.8200073242188,79.48067474365234,1460.9300537109375
2012-10-08,1981.8900146484375,537.7899780273438,79.73909759521484,1455.8800048828125
2012-10-09,1979.0400390625,540.4299926757812,79.5766372680664,1441.47998046875
2012-10-10,1948.219970703125,533.8599853515625,79.76860809326172,1432.56005859375
2012-10-11,1933.0899658203125,534.9500122070312,79.84241485595703,1432.8399658203125
2012-10-12,1933.260009765625,539.8599853515625,79.8498306274414,1428.5899658203125
2012-10-15,1925.5899658203125,529.3300170898438,79.8719711303711,1440.1300048828125
2012-10-16,1941.5400390625,530.22998046875,79.49537658691406,1454.9200439453125
2012-10-17,1955.1500244140625,528.219970703125,78.99331665039062,1460.9100341796875
2012-10-18,1959.1199951171875,514.1599731445312,78.85296630859375,1457.3399658203125
2012-10-19,1943.8399658203125,518.8099975585938,79.18525695800781,1433.18994140625
2012-10-22,1941.5899658203125,523.0,78.91939544677734,1433.8199462890625
2012-10-23,1926.81005859375,524.1500244140625,79.29602813720703,1413.1099853515625
2012-10-24,1913.9599609375,524.3499755859375,79.12622833251953,1408.75
2012-10-25,1924.5,518.25,78.8382568359375,1412.969970703125
2012-10-26,1891.4300537109375,505.5,79.3403091430664,1411.93994140625
2012-10-31,1912.06005859375,508.30999755859375,79.66522979736328,1412.1600341796875
2012-11-01,1898.43994140625,508.8299865722656,79.50627136230469,1427.5899658203125
2012-11-02,1918.719970703125,513.3699951171875,79.5727767944336,1414.199951171875
2012-11-05,1908.219970703125,515.1400146484375,79.76502227783203,1417.260009765625
2012-11-06,1928.1700439453125,517.530029296875,79.40274810791016,1428.3900146484375
2012-11-07,1937.550048828125,518.4500122070312,80.06816864013672,1394.530029296875
2012-11-08,1914.4100341796875,519.0399780273438,80.42308044433594,1377.510009765625
2012-11-09,1904.4100341796875,519.9000244140625,80.43049621582031,1379.8499755859375
2012-11-12,1900.8699951171875,521.4299926757812,80.48224639892578,1380.030029296875
2012-11-13,1889.699951171875,513.7999877929688,80.57831573486328,1374.530029296875
2012-11-14,1894.0400390625,503.239990234375,80.6005630493164,1355.489990234375
2012-11-15,1870.719970703125,493.8399963378906,80.5635986328125,1353.3299560546875
2012-11-16,1860.8299560546875,482.989990234375,80.61531829833984,1359.8800048828125
2012-11-19,1878.0999755859375,493.1400146484375,80.45264434814453,1386.8900146484375
2012-11-20,1890.1800537109375,496.6600036621094,80.1198959350586,1387.81005859375
2012-11-21,1884.0400390625,492.19000244140625,80.00164031982422,1391.030029296875
2012-11-23,1911.3299560546875,498.82000732421875,79.95732879638672,1409.1500244140625
2012-11-26,1908.510009765625,496.239990234375,80.09036254882812,1406.2900390625
2012-11-27,1925.199951171875,493.6300048828125,80.27522277832031,1398.93994140625
2012-11-28,1912.780029296875,494.4800109863281,80.37870025634766,1409.9300537109375
2012-11-29,1934.8499755859375,496.7300109863281,80.46005249023438,1415.949951171875
2012-11-30,1932.9000244140625,499.3699951171875,80.44524383544922,1416.1800537109375
2012-12-03,1940.02001953125,498.9700012207031,80.4134292602539,1409.4599609375
2012-12-04,1935.1800537109375,502.7099914550781,80.55406188964844,1407.050048828125
2012-12-05,1947.0400390625,496.5,80.62077331542969,1409.280029296875
2012-12-06,1949.6199951171875,488.0299987792969,80.6651382446289,1413.93994140625
2012-12-07,1957.449951171875,489.2200012207031,80.4356918334961,1418.0699462890625
2012-12-10,1957.4200439453125,489.5899963378906,80.5096664428711,1418.550048828125
2012-12-11,1964.6199951171875,481.5899963378906,80.35424041748047,1427.8399658203125
2012-12-12,1975.43994140625,485.3299865722656,80.01368713378906,1428.47998046875
2012-12-13,2002.77001953125,490.1499938964844,79.85819244384766,1419.449951171875
2012-12-14,1995.0400390625,491.6499938964844,80.03589630126953,1413.5799560546875
2012-12-17,1983.0699462890625,485.4800109863281,79.61388397216797,1430.3599853515625
2012-12-18,1993.0899658203125,483.19000244140625,79.3029556274414,1446.7900390625
2012-12-20,1999.5,479.2099914550781,79.46583557128906,1443.68994140625
2012-12-21,1980.4200439453125,478.05999755859375,79.68054962158203,1430.1500244140625
2012-12-24,1981.8199462890625,483.760009765625,79.59912109375,1426.6600341796875
2012-12-26,1982.25,482.760009765625,79.762939453125,1419.8299560546875
2012-12-27,1987.3499755859375,492.0799865722656,79.92604064941406,1418.0999755859375
2012-12-28,1997.050048828125,496.32000732421875,80.11137390136719,1402.4300537109375
2013-01-02,2031.0999755859375,501.6099853515625,79.3255386352539,1462.4200439453125
2013-01-03,2019.4100341796875,499.07000732421875,78.91781616210938,1459.3699951171875
2013-01-04,2011.93994140625,504.8399963378906,78.95488739013672,1466.469970703125
2013-01-07,2011.25,508.7200012207031,78.99933624267578,1461.8900146484375
2013-01-08,1997.93994140625,509.010009765625,79.19206237792969,1457.1500244140625
2013-01-09,1991.81005859375,511.94000244140625,79.23651885986328,1461.02001953125
2013-01-10,2006.800048828125,514.47998046875,79.00675201416016,1472.1199951171875
2013-01-11,1996.6700439453125,515.4199829101562,79.25884246826172,1472.050048828125
2013-01-14,2007.0400390625,513.4400024414062,79.22914123535156,1470.6800537109375
2013-01-15,1983.739990234375,508.0199890136719,79.421875,1472.3399658203125
2013-01-16,1977.449951171875,507.67999267578125,79.52566528320312,1472.6300048828125
2013-01-17,1974.27001953125,506.3500061035156,79.16242218017578,1480.93994140625
2013-01-18,1987.8499755859375,512.239990234375,79.38483428955078,1485.97998046875
2013-01-22,1996.52001953125,516.5900268554688,79.45155334472656,1492.56005859375
2013-01-23,1980.4100341796875,513.260009765625,79.48863983154297,1494.81005859375
2013-01-24,1964.47998046875,508.6300048828125,79.35517883300781,1494.8199462890625
2013-01-25,1946.68994140625,506.8299865722656,78.82877349853516,1502.9599609375
2013-01-28,1939.7099609375,504.20001220703125,78.66574096679688,1500.1800537109375
2013-01-29,1955.9599609375,505.3500061035156,78.547119140625,1507.8399658203125
2013-01-30,1964.4300537109375,502.79998779296875,78.5915756225586,1501.9599609375
2013-01-31,1961.93994140625,503.6700134277344,78.65831756591797,1498.1099853515625
2013-02-01,1957.7900390625,503.30999755859375,78.39106750488281,1513.1700439453125
2013-02-04,1953.2099609375,501.32000732421875,78.84387969970703,1495.7099609375
2013-02-05,1938.1800537109375,498.1600036621094,78.561767578125,1511.2900390625
2013-02-06,1936.18994140625,502.55999755859375,78.7993392944336,1512.1199951171875
2013-02-07,1931.77001953125,501.7799987792969,78.83645629882812,1509.3900146484375
2013-02-08,1950.9000244140625,504.94000244140625,78.89582824707031,1517.9300537109375
2013-02-12,1945.7900390625,503.7200012207031,78.73251342773438,1519.4300537109375
2013-02-13,1976.0699462890625,507.989990234375,78.4578857421875,1520.3299560546875
2013-02-14,1979.6099853515625,512.530029296875,78.79193115234375,1521.3800048828125
2013-02-15,1981.1800537109375,514.5800170898438,78.71771240234375,1519.7900390625
2013-02-19,1985.8299560546875,522.489990234375,78.59149932861328,1530.93994140625
2013-02-20,2024.6400146484375,525.6900024414062,78.7622299194336,1511.949951171875
2013-02-21,2015.219970703125,524.4400024414062,78.91815185546875,1502.4200439453125
2013-02-22,2018.8900146484375,528.3599853515625,79.01461029052734,1515.5999755859375
2013-02-25,2009.52001953125,527.27001953125,79.62334442138672,1487.8499755859375
2013-02-26,2000.010009765625,528.5599975585938,79.47489166259766,1496.93994140625
2013-02-27,2004.0400390625,533.3599853515625,79.43775177001953,1515.989990234375
2013-02-28,2026.489990234375,535.8699951171875,79.54911804199219,1514.6800537109375
2013-03-04,2013.1500244140625,537.3800048828125,79.56175231933594,1525.199951171875
2013-03-05,2016.6099853515625,543.9600219726562,79.48001098632812,1539.7900390625
2013-03-06,2020.739990234375,544.3599853515625,79.22732543945312,1541.4599609375
2013-03-07,2004.4000244140625,541.2999877929688,78.92259216308594,1544.260009765625
2013-03-08,2006.010009765625,543.0999755859375,78.5212631225586,1551.1800537109375
2013-03-11,2003.3499755859375,540.4400024414062,78.55840301513672,1556.219970703125
2013-03-12,1993.3399658203125,543.8800048828125,78.77393341064453,1552.47998046875
2013-03-13,1999.72998046875,549.72998046875,78.70702362060547,1554.52001953125
2013-03-14,2002.1300048828125,553.5800170898438,78.72933959960938,1563.22998046875
2013-03-15,1986.5,554.8099975585938,79.00434112548828,1560.699951171875
2013-03-18,1968.1800537109375,541.0900268554688,79.26443481445312,1552.0999755859375
2013-03-19,1978.56005859375,550.010009765625,79.5097427368164,1548.3399658203125
2013-03-20,1959.4100341796875,546.260009765625,79.20503234863281,1558.7099609375
2013-03-21,1950.8199462890625,544.5599975585938,79.41312408447266,1545.800048828125
2013-03-22,1948.7099609375,551.25,79.44283294677734,1556.8900146484375
2013-03-25,1977.6700439453125,549.5599975585938,79.5023193359375,1551.68994140625
2013-03-26,1983.699951171875,549.9000244140625,79.58403778076172,1563.77001953125
2013-03-27,1993.43994140625,548.719970703125,79.92591094970703,1562.8499755859375
2013-03-28,1993.52001953125,552.6400146484375,79.77725982666016,1569.18994140625
2013-04-01,1995.989990234375,553.969970703125,79.98936462402344,1562.1700439453125
2013-04-02,1986.1500244140625,552.8300170898438,79.83308410644531,1570.25
2013-04-03,1983.219970703125,557.9600219726562,80.16798400878906,1553.68994140625
2013-04-04,1959.449951171875,555.22998046875,80.4880142211914,1559.97998046875
2013-04-05,1927.22998046875,547.510009765625,80.74102020263672,1553.280029296875
2013-04-08,1918.68994140625,528.780029296875,80.4805908203125,1563.0699462890625
2013-04-09,1920.739990234375,528.1500244140625,80.51033020019531,1568.6099853515625
2013-04-10,1935.5799560546875,534.8400268554688,80.17546081542969,1587.72998046875
2013-04-11,1949.800048828125,544.2999877929688,80.26471710205078,1593.3699951171875
2013-04-12,1924.22998046875,547.1900024414062,80.7113037109375,1588.8499755859375
2013-04-15,1920.449951171875,553.989990234375,80.88987731933594,1552.3599853515625
2013-04-16,1922.2099609375,558.9500122070312,80.6591796875,1574.5699462890625
2013-04-17,1923.8399658203125,558.5399780273438,80.8080062866211,1552.010009765625
2013-04-18,1900.06005859375,551.0999755859375,80.8526840209961,1541.6099853515625
2013-04-19,1906.75,541.4600219726562,80.8080062866211,1555.25
2013-04-22,1926.31005859375,547.0999755859375,80.8526840209961,1562.5
2013-04-23,1918.6300048828125,554.3699951171875,80.80058288574219,1578.780029296875
2013-04-24,1935.31005859375,563.8099975585938,80.8377914428711,1578.7900390625
2013-04-25,1951.5999755859375,559.4000244140625,80.7485122680664,1585.1600341796875
2013-04-26,1944.56005859375,565.3499755859375,81.03873443603516,1582.239990234375
2013-04-29,1940.699951171875,568.3599853515625,81.00902557373047,1593.6099853515625
2013-04-30,1963.949951171875,563.8699951171875,80.99411010742188,1597.5699462890625
2013-05-02,1957.2099609375,560.47998046875,81.25863647460938,1597.5899658203125
2013-05-03,1965.7099609375,565.3300170898438,80.56562042236328,1614.4200439453125
2013-05-06,1961.47998046875,567.1300048828125,80.46128845214844,1617.5
2013-05-07,1954.3499755859375,573.6799926757812,80.34955596923828,1625.9599609375
2013-05-08,1956.449951171875,576.7000122070312,80.4464111328125,1632.68994140625
2013-05-09,1979.449951171875,573.3499755859375,80.43152618408203,1626.6700439453125
2013-05-10,1944.75,569.7000122070312,79.97694396972656,1633.699951171875
2013-05-13,1948.699951171875,565.719970703125,79.83533477783203,1633.77001953125
2013-05-14,1968.8299560546875,560.469970703125,79.51493835449219,1650.3399658203125
2013-05-15,1971.260009765625,565.6500244140625,79.72359466552734,1658.780029296875
2013-05-16,1986.81005859375,566.0599975585938,80.10362243652344,1650.469970703125
2013-05-20,1982.4300537109375,567.3200073242188,79.61181640625,1666.2900390625
2013-05-21,1981.0899658203125,572.6900024414062,79.8204574584961,1669.1600341796875
2013-05-22,1993.8299560546875,574.25,79.18706512451172,1655.3499755859375
2013-05-23,1969.18994140625,569.3400268554688,79.2690658569336,1650.510009765625
2013-05-24,1973.449951171875,574.0599975585938,79.29889678955078,1649.5999755859375
2013-05-28,1986.219970703125,585.760009765625,78.36742401123047,1660.06005859375
2013-05-29,2001.199951171875,585.6900024414062,78.68781280517578,1648.3599853515625
2013-05-30,2000.0999755859375,581.1300048828125,78.69529724121094,1654.4100341796875
2013-05-31,2001.050048828125,577.8699951171875,78.4792709350586,1630.739990234375
2013-06-03,1989.5699462890625,569.4099731445312,78.59261322021484,1640.4200439453125
2013-06-04,1989.510009765625,561.5499877929688,78.39115142822266,1631.3800048828125
2013-06-05,1959.18994140625,549.0900268554688,78.77171325683594,1608.9000244140625
2013-06-07,1923.8499755859375,535.75,78.25686645507812,1643.3800048828125
2013-06-10,1932.699951171875,547.0,78.06283569335938,1642.81005859375
2013-06-11,1920.6800537109375,547.8699951171875,78.25686645507812,1626.1300048828125
2013-06-12,1909.9100341796875,546.2000122070312,77.90616607666016,1612.52001953125
2013-06-13,1882.72998046875,540.8200073242188,78.49557495117188,1636.3599853515625
2013-06-14,1889.239990234375,536.0399780273438,78.60009765625,1626.72998046875
2013-06-17,1883.0999755859375,524.5,78.41353607177734,1639.0400390625
2013-06-18,1900.6199951171875,534.260009765625,78.36874389648438,1651.81005859375
2013-06-19,1888.31005859375,531.4099731445312,77.29430389404297,1628.9300537109375
2013-06-20,1850.489990234375,525.5900268554688,76.94364166259766,1588.18994140625
2013-06-21,1822.8299560546875,520.8900146484375,76.13030242919922,1592.4300537109375
2013-06-24,1799.010009765625,508.6499938964844,75.94373321533203,1573.0899658203125
2013-06-25,1780.6300048828125,480.9599914550781,75.85432434082031,1588.030029296875
2013-06-26,1783.449951171875,493.07000732421875,76.16020965576172,1603.260009765625
2013-06-27,1834.699951171875,512.25,76.57058715820312,1613.199951171875
2013-06-28,1863.3199462890625,519.0599975585938,76.48097229003906,1606.280029296875
2013-07-01,1855.72998046875,527.8099975585938,76.51009368896484,1614.9599609375
2013-07-02,1855.02001953125,526.9199829101562,76.54005432128906,1614.0799560546875
2013-07-03,1824.6600341796875,521.3099975585938,76.39054107666016,1615.4100341796875
2013-07-05,1833.31005859375,525.4000244140625,75.10545349121094,1631.8900146484375
2013-07-08,1816.8499755859375,515.8499755859375,75.54627990722656,1640.4599609375
2013-07-09,1830.3499755859375,519.3400268554688,75.67328643798828,1652.3199462890625
2013-07-10,1824.1600341796875,515.6400146484375,75.40432739257812,1652.6199951171875
2013-07-11,1877.5999755859375,527.25,76.15899658203125,1675.02001953125
2013-07-12,1869.97998046875,532.469970703125,76.09918212890625,1680.18994140625
2013-07-15,1875.1600341796875,531.6699829101562,76.33826446533203,1682.5
2013-07-16,1866.3599853515625,537.719970703125,76.37567901611328,1676.260009765625
2013-07-17,1887.489990234375,541.8200073242188,76.71188354492188,1680.9100341796875
2013-07-18,1875.47998046875,541.5599975585938,76.35317993164062,1689.3699951171875
2013-07-19,1871.4100341796875,541.8699951171875,76.77166748046875,1692.0899658203125
2013-07-22,1880.3499755859375,541.1400146484375,76.76417541503906,1695.530029296875
2013-07-23,1904.1500244140625,541.6400146484375,76.67451477050781,1692.3900146484375
2013-07-24,1912.0799560546875,543.5999755859375,76.15899658203125,1685.93994140625
2013-07-25,1909.6099853515625,541.9400024414062,76.27104187011719,1690.25
2013-07-26,1910.81005859375,545.3099975585938,76.33826446533203,1691.6500244140625
2013-07-29,1899.8900146484375,540.97998046875,76.1813735961914,1685.3299560546875
2013-07-30,1917.050048828125,546.4299926757812,76.15899658203125,1685.9599609375
2013-07-31,1914.030029296875,554.3099975585938,76.2112808227539,1685.72998046875
2013-08-01,1920.739990234375,549.52001953125,75.53863525390625,1706.8699951171875
2013-08-02,1923.3800048828125,551.760009765625,76.1820297241211,1709.6700439453125
2013-08-05,1916.219970703125,556.5999755859375,75.94261169433594,1707.1400146484375
2013-08-06,1906.6199951171875,557.3599853515625,75.96509552001953,1697.3699951171875
2013-08-07,1878.3299560546875,554.72998046875,76.241943359375,1690.9100341796875
2013-08-08,1883.969970703125,555.2999877929688,76.35416412353516,1697.47998046875
2013-08-09,1880.7099609375,554.9299926757812,76.4065170288086,1691.4200439453125
2013-08-12,1884.8299560546875,550.25,76.25691223144531,1689.469970703125
2013-08-13,1913.030029296875,550.8499755859375,75.5685806274414,1694.1600341796875
2013-08-14,1923.9100341796875,550.8699951171875,75.63584899902344,1685.3900146484375
2013-08-16,1920.1099853515625,548.7899780273438,74.92507934570312,1655.8299560546875
2013-08-19,1917.6400146484375,550.489990234375,74.60338592529297,1646.06005859375
2013-08-20,1887.8499755859375,537.5700073242188,75.00736999511719,1652.3499755859375
2013-08-21,1867.4599609375,530.5399780273438,74.53602600097656,1642.800048828125
2013-08-22,1849.1199951171875,517.6400146484375,74.50611877441406,1656.9599609375
2013-08-23,1870.1600341796875,529.1900024414062,74.92507934570312,1663.5
2013-08-26,1887.8599853515625,533.72998046875,75.07475280761719,1656.780029296875
2013-08-27,1885.8399658203125,524.3900146484375,75.50127410888672,1630.47998046875
2013-08-28,1884.52001953125,517.4400024414062,75.19445037841797,1634.9599609375
2013-08-29,1907.5400390625,520.3699951171875,75.2692642211914,1638.1700439453125
2013-08-30,1926.3599853515625,516.739990234375,75.1270980834961,1632.969970703125
2013-09-03,1933.739990234375,525.8900146484375,74.70075988769531,1639.77001953125
2013-09-04,1933.030029296875,526.1599731445312,74.4534912109375,1653.0799560546875
2013-09-05,1951.6500244140625,528.0599975585938,73.88395690917969,1655.0799560546875
2013-09-06,1955.31005859375,523.77001953125,74.33355712890625,1655.1700439453125
2013-09-09,1974.6700439453125,521.1099853515625,74.48345184326172,1671.7099609375
2013-09-10,1994.06005859375,523.1500244140625,74.13878631591797,1683.989990234375
2013-09-11,2003.8499755859375,529.3400268554688,74.51344299316406,1689.1300048828125
2013-09-12,2004.06005859375,529.5800170898438,74.52092742919922,1683.4200439453125
2013-09-13,1994.3199462890625,530.8900146484375,74.61833190917969,1687.989990234375
2013-09-16,2013.3699951171875,526.2000122070312,74.78317260742188,1697.5999755859375
2013-09-17,2005.5799560546875,527.1099853515625,74.93301391601562,1704.760009765625
2013-09-23,2009.4100341796875,527.0700073242188,75.95960998535156,1701.8399658203125
2013-09-24,2007.0999755859375,527.2899780273438,76.23684692382812,1697.4200439453125
2013-09-25,1998.06005859375,527.27001953125,76.44668579101562,1692.77001953125
2013-09-26,2007.3199462890625,532.8300170898438,76.28189086914062,1698.6700439453125
2013-09-27,2011.800048828125,537.5,76.38681030273438,1691.75
2013-09-30,1996.9599609375,534.8900146484375,76.51409912109375,1681.550048828125
2013-10-01,1998.8699951171875,530.3499755859375,76.34378051757812,1695.0
2013-10-02,1999.469970703125,532.02001953125,76.47132873535156,1693.8699951171875
2013-10-04,1996.97998046875,532.010009765625,76.36625671386719,1690.5
2013-10-07,1994.4200439453125,528.4400024414062,76.43384552001953,1676.1199951171875
2013-10-08,2002.760009765625,528.8300170898438,76.39635467529297,1655.449951171875
2013-10-10,2001.4000244140625,529.0399780273438,76.09611511230469,1692.56005859375
2013-10-11,2024.9000244140625,532.5999755859375,76.20865631103516,1703.199951171875
2013-10-14,2020.27001953125,531.6599731445312,75.95354461669922,1710.1400146484375
2013-10-15,2040.9599609375,533.1199951171875,75.96859741210938,1698.06005859375
2013-10-16,2034.6099853515625,525.6799926757812,76.33627319335938,1721.5400390625
2013-10-17,2040.6099853515625,521.52001953125,76.77149200439453,1733.1500244140625
2013-10-18,2052.39990234375,525.6900024414062,76.77908325195312,1744.5
2013-10-21,2053.010009765625,529.3400268554688,76.72647857666016,1744.6600341796875
2013-10-22,2056.1201171875,531.8900146484375,77.25933074951172,1754.6700439453125
2013-10-23,2035.75,525.3800048828125,77.39436340332031,1746.3800048828125
2013-10-24,2046.68994140625,531.030029296875,77.23683166503906,1752.0699462890625
2013-10-25,2034.3900146484375,534.02001953125,77.37194061279297,1759.77001953125
2013-10-28,2048.139892578125,534.97998046875,77.29683685302734,1762.1099853515625
2013-10-29,2051.760009765625,533.9099731445312,77.40192413330078,1771.949951171875
2013-10-30,2059.580078125,537.6799926757812,77.19931030273438,1763.31005859375
2013-10-31,2030.0899658203125,532.4400024414062,77.10926055908203,1756.5400390625
2013-11-01,2039.4200439453125,534.739990234375,76.68155670166016,1761.6400146484375
2013-11-04,2025.1700439453125,533.6400146484375,76.83191680908203,1767.9300537109375
2013-11-05,2013.9300537109375,528.72998046875,76.48612213134766,1762.969970703125
2013-11-06,2013.6700439453125,525.989990234375,76.71916961669922,1770.489990234375
2013-11-07,2004.0400390625,520.6500244140625,76.9220962524414,1747.1500244140625
2013-11-08,1984.8699951171875,515.739990234375,76.0577392578125,1770.6099853515625
2013-11-11,1977.300048828125,502.94000244140625,76.02014923095703,1771.8900146484375
2013-11-12,1995.47998046875,510.7300109863281,75.95248413085938,1767.68994140625
2013-11-13,1963.56005859375,505.6000061035156,76.2681884765625,1782.0
2013-11-14,1967.56005859375,511.75,76.63648223876953,1790.6199951171875
2013-11-15,2005.6400146484375,512.739990234375,76.57636260986328,1798.1800537109375
2013-11-18,2010.81005859375,509.5400085449219,76.8469009399414,1791.530029296875
2013-11-19,2031.6400146484375,505.5,76.56129455566406,1787.8699951171875
2013-11-20,2017.239990234375,504.1600036621094,76.140380859375,1781.3699951171875
2013-11-21,1993.780029296875,501.04998779296875,76.20806884765625,1795.8499755859375
2013-11-22,2006.22998046875,504.05999755859375,76.42601776123047,1804.760009765625
2013-11-25,2015.97998046875,507.760009765625,76.48612213134766,1802.47998046875
2013-11-26,2022.6400146484375,510.5400085449219,76.6514892578125,1802.75
2013-11-27,2028.81005859375,511.6499938964844,76.4786605834961,1807.22998046875
2013-11-29,2044.8699951171875,517.0599975585938,76.43353271484375,1805.81005859375
2013-12-02,2030.780029296875,512.6900024414062,76.10526275634766,1800.9000244140625
2013-12-03,2009.3599853515625,508.1600036621094,76.24080657958984,1795.1500244140625
2013-12-04,1986.800048828125,506.2799987792969,75.89448547363281,1792.81005859375
2013-12-05,1984.77001953125,506.32000732421875,75.70624542236328,1785.030029296875
2013-12-06,1980.4100341796875,506.32000732421875,75.77401733398438,1805.0899658203125
2013-12-09,2000.3800048828125,502.2300109863281,75.86434936523438,1808.3699951171875
2013-12-10,1993.449951171875,497.7200012207031,76.1805648803711,1802.6199951171875
2013-12-11,1977.969970703125,494.7799987792969,75.88697814941406,1782.219970703125
2013-12-12,1967.9300537109375,495.6400146484375,75.66863250732422,1775.5
2013-12-13,1962.9100341796875,494.3599853515625,75.78157043457031,1775.3199462890625
2013-12-16,1961.1500244140625,488.19000244140625,75.743896484375,1786.5400390625
2013-12-17,1965.739990234375,486.1499938964844,75.98481750488281,1781.0
2013-12-18,1974.6300048828125,485.6499938964844,75.69877624511719,1810.6500244140625
2013-12-19,1975.6500244140625,484.1700134277344,75.38252258300781,1809.5999755859375
2013-12-20,1983.3499755859375,488.4100036621094,75.61590576171875,1818.3199462890625
2013-12-23,1996.8900146484375,489.6300048828125,75.37503814697266,1827.989990234375
2013-12-24,2001.5899658203125,491.0799865722656,75.0814437866211,1833.3199462890625
2013-12-26,1999.300048828125,488.8699951171875,75.0165786743164,1842.02001953125
2013-12-27,2002.280029296875,496.7699890136719,74.97132110595703,1841.4000244140625
2013-12-30,2011.3399658203125,499.989990234375,75.17491149902344,1841.0699462890625
2014-01-02,1967.18994140625,496.2799987792969,75.12967681884766,1831.97998046875
2014-01-03,1946.1400146484375,499.3299865722656,75.08444213867188,1831.3699951171875
2014-01-06,1953.280029296875,500.6199951171875,75.29557800292969,1826.77001953125
2014-01-07,1959.43994140625,504.8599853515625,75.416259765625,1837.8800048828125
2014-01-08,1958.9599609375,509.7799987792969,75.0467300415039,1837.489990234375
2014-01-09,1946.1099853515625,511.6000061035156,75.24274444580078,1838.1300048828125
2014-01-10,1938.5400390625,510.19000244140625,75.87623596191406,1842.3699951171875
2014-01-13,1948.9200439453125,512.9199829101562,76.09491729736328,1819.199951171875
2014-01-14,1946.0699462890625,512.27001953125,75.8083267211914,1838.8800048828125
2014-01-15,1953.280029296875,515.969970703125,75.7404556274414,1848.3800048828125
2014-01-16,1957.3199462890625,517.8300170898438,75.95166015625,1845.8900146484375
2014-01-17,1944.47998046875,518.0999755859375,76.1325912475586,1838.699951171875
2014-01-21,1963.8900146484375,520.989990234375,76.04960632324219,1843.800048828125
2014-01-22,1970.4200439453125,523.0700073242188,75.8385238647461,1844.8599853515625
2014-01-23,1947.5899658203125,522.719970703125,76.35130310058594,1828.4599609375
2014-01-24,1940.56005859375,520.3099975585938,76.66047668457031,1790.2900390625
2014-01-27,1910.3399658203125,507.510009765625,76.42669677734375,1781.56005859375
2014-01-28,1916.9300537109375,509.2900085449219,76.53976440429688,1792.5
2014-01-29,1941.1500244140625,515.2000122070312,76.90179443359375,1774.199951171875
2014-02-03,1919.9599609375,513.6199951171875,77.54725646972656,1741.8900146484375
2014-02-04,1886.8499755859375,507.55999755859375,77.31303405761719,1755.199951171875
2014-02-05,1891.3199462890625,505.6199951171875,77.03353118896484,1751.6400146484375
2014-02-06,1907.8900146484375,509.8699951171875,76.89004516601562,1773.4300537109375
2014-02-07,1922.5,514.4500122070312,77.09400177001953,1797.02001953125
2014-02-10,1923.300048828125,518.469970703125,77.13177490234375,1799.8399658203125
2014-02-11,1932.06005859375,518.9000244140625,76.79188537597656,1819.75
2014-02-12,1935.8399658203125,520.6400146484375,76.61053466796875,1819.260009765625
2014-02-13,1926.9599609375,521.8200073242188,76.97314453125,1829.8299560546875
2014-02-14,1940.280029296875,522.5800170898438,76.92025756835938,1838.6300048828125
2014-02-18,1946.9100341796875,525.4199829101562,77.109130859375,1840.760009765625
2014-02-19,1942.9300537109375,529.8699951171875,76.95803833007812,1828.75
2014-02-20,1930.5699462890625,525.6900024414062,76.875,1839.780029296875
2014-02-21,1957.8299560546875,528.510009765625,76.97314453125,1836.25
2014-02-24,1949.050048828125,526.3400268554688,76.89762878417969,1847.6099853515625
2014-02-25,1964.8599853515625,528.6099853515625,77.1619873046875,1845.1199951171875
2014-02-26,1970.77001953125,529.22998046875,77.38861846923828,1845.1600341796875
2014-02-27,1978.4300537109375,528.3699951171875,77.47925567626953,1854.2900390625
2014-02-28,1979.989990234375,528.9600219726562,77.40373229980469,1859.449951171875
2014-03-03,1964.68994140625,529.8599853515625,77.78656005859375,1845.72998046875
2014-03-04,1954.1099853515625,531.5399780273438,77.18885040283203,1873.9100341796875
2014-03-05,1971.239990234375,536.77001953125,77.2720718383789,1873.81005859375
2014-03-06,1975.6199951171875,540.3300170898438,76.93914794921875,1877.030029296875
2014-03-07,1974.6800537109375,543.760009765625,76.60625457763672,1878.0400390625
2014-03-10,1954.4200439453125,542.1900024414062,76.68951416015625,1877.1700439453125
2014-03-11,1963.8699951171875,547.6799926757812,76.76515197753906,1867.6300048828125
2014-03-12,1932.5400390625,539.2999877929688,77.06779479980469,1868.199951171875
2014-03-13,1934.3800048828125,547.510009765625,77.52173614501953,1846.3399658203125
2014-03-14,1919.9000244140625,544.27001953125,77.52933502197266,1841.1300048828125
2014-03-17,1927.530029296875,535.8200073242188,77.2190933227539,1858.8299560546875
2014-03-18,1940.2099609375,541.1500244140625,77.40824127197266,1872.25
2014-03-19,1937.6800537109375,542.25,76.68951416015625,1860.77001953125
2014-03-20,1919.52001953125,541.7899780273438,76.70462799072266,1872.010009765625
2014-03-21,1934.93994140625,546.8099975585938,76.84842681884766,1866.52001953125
2014-03-24,1945.550048828125,545.5999755859375,76.87862396240234,1857.43994140625
2014-03-25,1941.25,539.0499877929688,76.83325958251953,1865.6199951171875
2014-03-26,1964.31005859375,544.1300048828125,77.15851593017578,1852.56005859375
2014-03-27,1977.969970703125,541.4600219726562,77.2342529296875,1849.0400390625
2014-03-28,1981.0,544.0999755859375,76.96187591552734,1857.6199951171875
2014-03-31,1985.6099853515625,541.5800170898438,76.96942138671875,1872.3399658203125
2014-04-01,1991.97998046875,549.0800170898438,76.81029510498047,1885.52001953125
2014-04-02,1997.25,557.6500244140625,76.47675323486328,1890.9000244140625
2014-04-03,1993.699951171875,557.010009765625,76.52977752685547,1888.77001953125
2014-04-04,1988.0899658203125,560.4400024414062,76.99976348876953,1865.0899658203125
2014-04-07,1989.699951171875,554.22998046875,77.18164825439453,1845.0400390625
2014-04-08,1993.030029296875,554.0700073242188,77.28777313232422,1851.9599609375
2014-04-09,1998.949951171875,552.219970703125,77.26506042480469,1872.1800537109375
2014-04-10,2008.6099853515625,555.0999755859375,77.59101104736328,1833.0799560546875
2014-04-11,1997.43994140625,555.8699951171875,77.75015258789062,1815.68994140625
2014-04-14,1997.02001953125,562.0399780273438,77.6289291381836,1830.6099853515625
2014-04-15,1992.27001953125,562.1099853515625,77.71988677978516,1842.97998046875
2014-04-16,1992.2099609375,565.9600219726562,77.59855651855469,1862.31005859375
2014-04-17,1992.050048828125,565.75,77.15892028808594,1864.8499755859375
2014-04-21,1999.219970703125,569.280029296875,77.14374542236328,1871.8900146484375
2014-04-22,2004.219970703125,570.97998046875,77.11346435546875,1879.550048828125
2014-04-23,2000.3699951171875,565.469970703125,77.31050872802734,1875.3900146484375
2014-04-24,1998.3399658203125,561.1199951171875,77.28777313232422,1878.6099853515625
2014-04-25,1971.6600341796875,556.47998046875,77.39391326904297,1863.4000244140625
2014-04-28,1969.260009765625,556.9600219726562,77.28023529052734,1869.4300537109375
2014-04-29,1964.77001953125,556.969970703125,77.34844970703125,1878.3299560546875
2014-04-30,1961.7900390625,559.3400268554688,77.55308532714844,1883.949951171875
2014-05-02,1959.43994140625,558.6599731445312,77.89035034179688,1881.1400146484375
2014-05-07,1939.8800048828125,550.3499755859375,77.99663543701172,1878.2099609375
2014-05-08,1950.5999755859375,546.8900146484375,78.08011627197266,1875.6300048828125
2014-05-09,1956.550048828125,550.1900024414062,78.01945495605469,1878.47998046875
2014-05-12,1964.93994140625,551.4000244140625,77.81436920166016,1896.6500244140625
2014-05-13,1982.9300537109375,557.1599731445312,78.11811828613281,1897.449951171875
2014-05-14,2010.8299560546875,560.2999877929688,78.47506713867188,1888.530029296875
2014-05-15,2010.199951171875,561.75,78.756103515625,1870.8499755859375
2014-05-16,2013.43994140625,557.5900268554688,78.58903503417969,1877.8599853515625
2014-05-19,2015.1400146484375,546.8099975585938,78.49029541015625,1885.0799560546875
2014-05-20,2011.260009765625,542.9600219726562,78.71810913085938,1872.8299560546875
2014-05-21,2008.3299560546875,545.5900268554688,78.59659576416016,1888.030029296875
2014-05-22,2015.5899658203125,546.75,78.51309204101562,1892.489990234375
2014-05-23,2017.1700439453125,549.7000122070312,78.67256164550781,1900.530029296875
2014-05-27,1997.6300048828125,547.969970703125,78.6953353881836,1911.9100341796875
2014-05-28,2017.06005859375,549.9600219726562,79.12828063964844,1909.780029296875
2014-05-29,2012.260009765625,549.6099853515625,79.02949523925781,1920.030029296875
2014-05-30,1994.9599609375,546.530029296875,78.96881103515625,1923.5699462890625
2014-06-02,2002.0,535.1500244140625,78.60738372802734,1924.969970703125
2014-06-03,2008.56005859375,531.280029296875,78.2118148803711,1924.239990234375
2014-06-05,1995.47998046875,523.1199951171875,78.26506805419922,1940.4599609375
2014-06-09,1990.0400390625,524.030029296875,78.09010314941406,1951.27001953125
2014-06-10,2011.800048828125,532.6400146484375,77.95317077636719,1950.7900390625
2014-06-11,2014.6700439453125,533.2999877929688,78.05970001220703,1943.8900146484375
2014-06-12,2011.6500244140625,536.1400146484375,78.36394500732422,1930.1099853515625
2014-06-13,1990.8499755859375,536.3400268554688,78.2118148803711,1936.1600341796875
2014-06-16,1993.5899658203125,536.02001953125,78.2118148803711,1937.780029296875
2014-06-17,2001.550048828125,537.9000244140625,77.88465118408203,1941.989990234375
2014-06-18,1989.489990234375,537.0499877929688,78.29541778564453,1956.97998046875
2014-06-19,1992.030029296875,536.7899780273438,78.09772491455078,1959.47998046875
2014-06-20,1968.0699462890625,536.6900024414062,78.1889877319336,1962.8699951171875
2014-06-23,1974.9200439453125,529.9600219726562,78.13570404052734,1962.6099853515625
2014-06-24,1994.3499755859375,529.489990234375,78.45525360107422,1949.97998046875
2014-06-25,1981.77001953125,527.260009765625,78.53128814697266,1959.530029296875
2014-06-26,1995.050048828125,530.0399780273438,78.7366714477539,1957.219970703125
2014-06-27,1988.510009765625,531.4299926757812,78.7366714477539,1960.9599609375
2014-06-30,2002.2099609375,537.0599975585938,78.79754638671875,1960.22998046875
2014-07-01,1999.0,544.9000244140625,78.53994750976562,1973.3199462890625
2014-07-02,2015.280029296875,549.030029296875,78.2198715209961,1974.6199951171875
2014-07-03,2010.969970703125,550.6799926757812,78.05982208251953,1985.43994140625
2014-07-07,2005.1199951171875,553.1500244140625,78.25035095214844,1977.6500244140625
2014-07-08,2006.6600341796875,554.9000244140625,78.60855865478516,1963.7099609375
2014-07-09,2000.5,555.8400268554688,78.62378692626953,1972.8299560546875
2014-07-10,2002.8399658203125,559.3200073242188,78.79147338867188,1964.6800537109375
2014-07-11,1988.739990234375,556.5800170898438,78.92102813720703,1967.5699462890625
2014-07-14,1993.8800048828125,561.5,78.7457275390625,1977.0999755859375
2014-07-15,2012.719970703125,559.1500244140625,78.67713928222656,1973.280029296875
2014-07-16,2013.47998046875,555.27001953125,78.79147338867188,1981.5699462890625
2014-07-17,2020.9000244140625,558.9400024414062,79.24882507324219,1958.1199951171875
2014-07-18,2019.4200439453125,560.260009765625,79.08870697021484,1978.219970703125
2014-07-21,2018.5,561.75,79.11160278320312,1973.6300048828125
2014-07-22,2028.9300537109375,564.9299926757812,79.21066284179688,1983.530029296875
2014-07-23,2028.3199462890625,563.1400146484375,79.20303344726562,1987.010009765625
2014-07-24,2026.6199951171875,559.6699829101562,78.8829574584961,1987.97998046875
2014-07-25,2033.8499755859375,562.780029296875,79.18782043457031,1978.3399658203125
2014-07-28,2048.81005859375,552.97998046875,79.09632873535156,1978.9100341796875
2014-07-29,2061.969970703125,541.8200073242188,79.20303344726562,1969.949951171875
2014-07-30,2082.610107421875,541.8099975585938,78.64663696289062,1970.0699462890625
2014-07-31,2076.1201171875,536.3200073242188,78.62378692626953,1930.6700439453125
2014-08-01,2073.10009765625,541.0900268554688,79.08654022216797,1925.1500244140625
2014-08-04,2080.419921875,549.6099853515625,79.13239288330078,1938.989990234375
2014-08-05,2066.260009765625,547.75,79.17056274414062,1920.2099609375
2014-08-06,2060.72998046875,548.4299926757812,79.23925018310547,1920.239990234375
2014-08-07,2054.510009765625,547.1099853515625,79.59817504882812,1909.5699462890625
2014-08-08,2031.0999755859375,544.239990234375,79.5294418334961,1931.5899658203125
2014-08-11,2039.3699951171875,546.2999877929688,79.4912338256836,1936.9200439453125
2014-08-12,2041.469970703125,545.760009765625,79.37671661376953,1933.75
2014-08-13,2062.360107421875,551.72998046875,79.63636016845703,1946.719970703125
2014-08-14,2063.219970703125,558.1799926757812,79.79666137695312,1955.1800537109375
2014-08-18,2053.1298828125,561.0999755859375,79.86542510986328,1971.739990234375
2014-08-19,2071.139892578125,562.6599731445312,79.78147888183594,1981.5999755859375
2014-08-20,2072.780029296875,561.9600219726562,79.54471588134766,1986.510009765625
2014-08-21,2044.2099609375,562.52001953125,79.71269226074219,1992.3699951171875
2014-08-22,2056.699951171875,566.3499755859375,79.72035217285156,1988.4000244140625
2014-08-25,2060.889892578125,564.4000244140625,79.78147888183594,1997.9200439453125
2014-08-26,2068.050048828125,568.239990234375,79.76618194580078,2000.02001953125
2014-08-27,2074.929931640625,567.22998046875,79.98760986328125,2000.1199951171875
2014-08-28,2075.760009765625,570.239990234375,80.09449768066406,1996.739990234375
2014-08-29,2068.5400390625,570.2000122070312,80.10211944580078,2003.3699951171875
2014-09-02,2051.580078125,568.739990234375,79.59040832519531,2002.280029296875
2014-09-03,2051.199951171875,571.4000244140625,79.70519256591797,2000.719970703125
2014-09-04,2056.260009765625,568.9000244140625,79.422119140625,1997.6500244140625
2014-09-05,2049.409912109375,572.3699951171875,79.44503021240234,2007.7099609375
2014-09-11,2034.1600341796875,573.7000122070312,78.87901306152344,1997.449951171875
2014-09-12,2041.8599853515625,570.6500244140625,78.5807113647461,1985.5400390625
2014-09-15,2035.8199462890625,565.77001953125,78.72604370117188,1984.1300048828125
2014-09-16,2042.9200439453125,572.3599853515625,78.70307922363281,1998.97998046875
2014-09-17,2062.610107421875,574.97998046875,78.50421905517578,2001.5699462890625
2014-09-18,2047.739990234375,576.969970703125,78.4507064819336,2011.3599853515625
2014-09-19,2053.820068359375,581.3800048828125,78.74901580810547,2010.4000244140625
2014-09-22,2039.27001953125,577.3499755859375,78.91727447509766,1994.2900390625
2014-09-23,2028.9100341796875,575.5599975585938,79.08554077148438,1982.77001953125
2014-09-24,2035.6400146484375,580.4199829101562,78.86372375488281,1998.300048828125
2014-09-25,2034.1099853515625,577.47998046875,79.24623107910156,1965.989990234375
2014-09-26,2031.6400146484375,577.6599731445312,79.0778579711914,1982.8499755859375
2014-09-29,2026.5999755859375,569.27001953125,79.33031463623047,1977.800048828125
2014-09-30,2020.0899658203125,573.219970703125,79.2614974975586,1972.2900390625
2014-10-01,1991.5400390625,566.989990234375,79.92744445800781,1946.1600341796875
2014-10-02,1976.1600341796875,569.8400268554688,79.68989562988281,1946.1700439453125
2014-10-06,1968.3900146484375,566.27001953125,79.79716491699219,1964.8199462890625
2014-10-07,1972.9100341796875,562.8200073242188,80.26457214355469,1935.0999755859375
2014-10-08,1965.25,566.739990234375,80.54812622070312,1968.8900146484375
2014-10-10,1940.9200439453125,555.9500122070312,80.7243881225586,1906.1300048828125
2014-10-13,1927.2099609375,534.3099975585938,81.14582061767578,1874.739990234375
2014-10-14,1929.25,544.0499877929688,81.30680084228516,1877.699951171875
2014-10-15,1925.9100341796875,545.510009765625,81.76655578613281,1862.489990234375
2014-10-16,1918.8299560546875,545.489990234375,81.54438018798828,1862.760009765625
2014-10-17,1900.6600341796875,547.7000122070312,81.30680084228516,1886.760009765625
2014-10-20,1930.06005859375,556.010009765625,81.42176818847656,1904.010009765625
2014-10-21,1915.280029296875,557.5399780273438,81.19953155517578,1941.280029296875
2014-10-22,1936.969970703125,564.52001953125,81.17654418945312,1927.1099853515625
2014-10-23,1931.6500244140625,564.3099975585938,80.8393325805664,1950.8199462890625
2014-10-24,1925.68994140625,560.6599731445312,80.90831756591797,1964.5799560546875
2014-10-27,1931.969970703125,559.9199829101562,80.99259948730469,1961.6300048828125
2014-10-28,1925.6800537109375,562.2899780273438,80.79339599609375,1985.050048828125
2014-10-29,1961.1700439453125,561.030029296875,80.52510070800781,1982.300048828125
2014-10-30,1958.9300537109375,557.8599853515625,80.60944366455078,1994.6500244140625
2014-10-31,1964.4300537109375,558.7000122070312,80.47916412353516,2018.050048828125
2014-11-03,1952.969970703125,552.469970703125,80.44920349121094,2017.81005859375
2014-11-04,1935.18994140625,542.1599731445312,80.4415512084961,2012.0999755859375
2014-11-05,1931.4300537109375,540.27001953125,80.46460723876953,2023.5699462890625
2014-11-06,1936.47998046875,531.8099975585938,80.21896362304688,2031.2099609375
2014-11-07,1939.8699951171875,539.9000244140625,80.73326873779297,2031.9200439453125
2014-11-10,1958.22998046875,539.219970703125,80.40312957763672,2038.260009765625
2014-11-11,1963.0,545.1300048828125,80.41084289550781,2039.6800537109375
2014-11-12,1967.27001953125,546.4600219726562,80.38016510009766,2038.25
2014-11-13,1960.510009765625,547.7000122070312,80.51063537597656,2039.3299560546875
2014-11-14,1945.1400146484375,541.9299926757812,80.67951202392578,2039.8199462890625
2014-11-17,1943.6300048828125,531.1799926757812,80.58736419677734,2041.3199462890625
2014-11-18,1967.010009765625,536.2000122070312,80.67951202392578,2051.800048828125
2014-11-19,1966.8699951171875,540.8400268554688,80.46460723876953,2048.719970703125
2014-11-20,1958.0400390625,539.9299926757812,80.61046600341797,2052.75
2014-11-21,1964.8399658203125,543.97998046875,80.77166748046875,2063.5
2014-11-24,1978.5400390625,541.9299926757812,80.86376190185547,2069.409912109375
2014-11-25,1980.2099609375,546.3400268554688,81.06336975097656,2067.030029296875
2014-11-26,1980.8399658203125,547.3400268554688,81.20150756835938,2072.830078125
2014-11-28,1980.780029296875,545.0800170898438,81.5162582397461,2067.56005859375
2014-12-01,1965.219970703125,539.4500122070312,81.3163070678711,2053.43994140625
2014-12-02,1965.8299560546875,541.530029296875,80.95494842529297,2066.550048828125
2014-12-03,1969.9100341796875,545.02001953125,80.98566436767578,2074.330078125
2014-12-04,1986.6099853515625,548.1599731445312,81.27020263671875,2071.919921875
2014-12-05,1986.6199951171875,550.8499755859375,80.81652069091797,2075.3701171875
2014-12-08,1978.949951171875,551.4000244140625,81.085693359375,2060.31005859375
2014-12-09,1970.949951171875,546.5700073242188,81.38553619384766,2059.820068359375
2014-12-10,1945.56005859375,541.9600219726562,81.75465393066406,2026.1400146484375
2014-12-11,1916.5899658203125,537.2100219726562,81.61622619628906,2035.3299560546875
2014-12-12,1921.7099609375,533.6699829101562,82.28521728515625,2002.3299560546875
2014-12-15,1920.3599853515625,538.0900268554688,81.98529815673828,1989.6300048828125
2014-12-16,1904.1300048828125,534.1500244140625,82.40055084228516,1972.739990234375
2014-12-17,1900.1600341796875,533.0599975585938,81.83148956298828,2012.8900146484375
2014-12-18,1897.5,527.52001953125,81.37017059326172,2061.22998046875
2014-12-19,1929.97998046875,535.510009765625,81.67005157470703,2070.64990234375
2014-12-22,1943.1199951171875,536.780029296875,81.67005157470703,2078.5400390625
2014-12-23,1939.02001953125,534.6500244140625,80.99335479736328,2082.169921875
2014-12-24,1946.6099853515625,536.8900146484375,81.05191802978516,2081.8798828125
2014-12-26,1948.1600341796875,535.1699829101562,81.15970611572266,2088.77001953125
2014-12-29,1927.8599853515625,539.219970703125,81.43692779541016,2090.570068359375
2014-12-30,1915.5899658203125,542.969970703125,81.52935028076172,2080.35009765625
2015-01-02,1926.43994140625,553.72998046875,82.03764343261719,2058.199951171875
2015-01-05,1915.75,561.25,82.5381851196289,2020.5799560546875
2015-01-06,1882.449951171875,558.9000244140625,83.0926284790039,2002.6099853515625
2015-01-07,1883.8299560546875,561.3200073242188,83.0772705078125,2025.9000244140625
2015-01-08,1904.6500244140625,566.4299926757812,82.73841857910156,2062.139892578125
2015-01-09,1924.699951171875,572.989990234375,83.14659881591797,2044.81005859375
2015-01-12,1920.949951171875,574.760009765625,83.43920135498047,2028.260009765625
2015-01-13,1917.1400146484375,571.0,83.51622009277344,2023.030029296875
2015-01-14,1913.6600341796875,574.1699829101562,83.90121459960938,2011.27001953125
2015-01-15,1914.1400146484375,581.3900146484375,84.61740112304688,1992.6700439453125
2015-01-16,1888.1300048828125,577.4099731445312,83.99365997314453,2019.4200439453125
2015-01-20,1918.31005859375,582.27001953125,84.18617248535156,2022.550048828125
2015-01-21,1921.22998046875,584.3400268554688,83.78572082519531,2032.1199951171875
2015-01-22,1920.8199462890625,578.4199829101562,83.57778930664062,2063.14990234375
2015-01-23,1936.0899658203125,589.3099975585938,84.1245346069336,2051.820068359375
2015-01-26,1935.6800537109375,590.3400268554688,83.93205261230469,2057.090087890625
2015-01-27,1952.4000244140625,587.8400268554688,84.04755401611328,2029.550048828125
2015-01-28,1961.5799560546875,594.3900146484375,84.69441986083984,2002.1600341796875
2015-01-29,1951.02001953125,593.1199951171875,84.39411163330078,2021.25
2015-01-30,1949.260009765625,591.5800170898438,85.13337707519531,1994.989990234375
2015-02-02,1952.6800537109375,590.27001953125,85.02694702148438,2020.8499755859375
2015-02-03,1951.9599609375,593.3099975585938,84.30955505371094,2050.030029296875
2015-02-04,1962.7900390625,598.22998046875,84.44843292236328,2041.510009765625
2015-02-05,1952.8399658203125,600.8099975585938,84.13987731933594,2062.52001953125
2015-02-06,1955.52001953125,604.1300048828125,83.19879150390625,2055.469970703125
2015-02-09,1947.0,593.75,83.16023254394531,2046.739990234375
2015-02-10,1935.8599853515625,592.9500122070312,82.95198822021484,2068.590087890625
2015-02-11,1945.699951171875,601.4099731445312,82.92115020751953,2068.530029296875
2015-02-12,1941.6300048828125,602.239990234375,82.95198822021484,2088.47998046875
2015-02-13,1957.5,608.0700073242188,82.67427825927734,2096.989990234375
2015-02-17,1961.449951171875,609.0999755859375,82.08802795410156,2100.340087890625
2015-02-23,1968.3900146484375,615.52001953125,82.60484313964844,2109.659912109375
2015-02-24,1976.1199951171875,621.3099975585938,83.15254211425781,2115.47998046875
2015-02-25,1990.469970703125,616.5700073242188,83.22965240478516,2113.860107421875
2015-02-26,1993.0799560546875,617.0800170898438,82.73597717285156,2110.739990234375
2015-02-27,1985.800048828125,624.5599975585938,83.02912902832031,2104.5
2015-03-02,1996.81005859375,621.8099975585938,82.41106414794922,2117.389892578125
2015-03-03,2001.3800048828125,625.6400146484375,82.23331451416016,2107.780029296875
2015-03-04,1998.2900390625,630.3499755859375,82.29512023925781,2098.530029296875
2015-03-05,1998.3800048828125,631.4299926757812,82.34149932861328,2101.0400390625
2015-03-06,2012.93994140625,635.8400268554688,81.49942779541016,2071.260009765625
2015-03-09,1992.8199462890625,629.260009765625,81.87800598144531,2079.429931640625
2015-03-10,1984.77001953125,621.989990234375,82.22561645507812,2044.1600341796875
2015-03-11,1980.8299560546875,619.6099853515625,82.37240600585938,2040.239990234375
2015-03-12,1970.5899658203125,628.1500244140625,82.44966125488281,2065.949951171875
2015-03-13,1985.7900390625,634.25,82.3260726928711,2053.39990234375
2015-03-16,1987.3299560546875,635.4000244140625,82.61189270019531,2081.18994140625
2015-03-17,2029.9100341796875,636.0499877929688,82.78187561035156,2074.280029296875
2015-03-18,2028.449951171875,628.989990234375,83.73212432861328,2099.5
2015-03-19,2037.8900146484375,631.8099975585938,83.33815002441406,2089.27001953125
2015-03-20,2037.239990234375,640.0800170898438,83.67804718017578,2108.10009765625
2015-03-23,2036.5899658203125,640.2899780273438,83.7862319946289,2104.419921875
2015-03-24,2041.3699951171875,641.8699951171875,84.04119110107422,2091.5
2015-03-25,2042.81005859375,651.0499877929688,83.67804718017578,2061.050048828125
2015-03-26,2022.56005859375,642.530029296875,83.20677185058594,2056.14990234375
2015-03-27,2019.800048828125,640.1199951171875,83.53126525878906,2061.02001953125
2015-03-30,2030.0400390625,646.739990234375,83.52359008789062,2086.239990234375
2015-03-31,2041.030029296875,650.489990234375,83.73990631103516,2067.889892578125
2015-04-01,2028.449951171875,650.22998046875,84.138427734375,2059.68994140625
2015-04-02,2029.0699462890625,650.5700073242188,83.89849090576172,2066.9599609375
2015-04-06,2046.4300537109375,662.1500244140625,84.00684356689453,2080.6201171875
2015-04-07,2047.030029296875,666.8300170898438,84.07652282714844,2076.330078125
2015-04-08,2059.260009765625,668.030029296875,83.99909973144531,2081.89990234375
2015-04-09,2058.8701171875,676.9600219726562,83.6586685180664,2091.179931640625
2015-04-10,2087.760009765625,682.02001953125,83.63540649414062,2102.06005859375
2015-04-13,2098.919921875,689.3900146484375,83.8056640625,2092.429931640625
2015-04-14,2111.719970703125,684.969970703125,84.05329895019531,2095.840087890625
2015-04-15,2119.9599609375,694.4400024414062,84.0997314453125,2106.6298828125
2015-04-16,2139.89990234375,698.3099975585938,84.16162109375,2104.989990234375
2015-04-17,2143.5,706.9000244140625,84.33189392089844,2081.179931640625
2015-04-20,2146.7099609375,706.9600219726562,84.1771011352539,2100.39990234375
2015-04-21,2144.7900390625,714.52001953125,83.99909973144531,2097.2900390625
2015-04-22,2143.889892578125,703.3400268554688,83.51158905029297,2107.9599609375
2015-04-23,2173.409912109375,692.47998046875,83.76695251464844,2112.929931640625
2015-04-24,2159.800048828125,690.739990234375,84.06103515625,2117.68994140625
2015-04-27,2157.5400390625,699.3900146484375,83.92948913574219,2108.919921875
2015-04-28,2147.669921875,696.7899780273438,83.54254913330078,2114.760009765625
2015-04-29,2142.6298828125,695.6900024414062,83.23306274414062,2106.85009765625
2015-04-30,2127.169921875,689.010009765625,83.20980072021484,2085.510009765625
2015-05-04,2132.22998046875,677.9000244140625,82.58439636230469,2114.489990234375
2015-05-06,2104.580078125,665.9400024414062,82.04186248779297,2080.14990234375
2015-05-07,2091.0,673.0800170898438,82.39065551757812,2088.0
2015-05-08,2085.52001953125,681.6900024414062,82.70838165283203,2116.10009765625
2015-05-11,2097.3798828125,692.2899780273438,81.89466094970703,2105.330078125
2015-05-12,2096.77001953125,686.739990234375,81.95661926269531,2099.1201171875
2015-05-13,2114.159912109375,692.22998046875,81.84812927246094,2098.47998046875
2015-05-14,2120.330078125,699.27001953125,82.12711334228516,2121.10009765625
2015-05-15,2106.5,705.4000244140625,82.71614837646484,2122.72998046875
2015-05-18,2113.719970703125,703.25,82.15814208984375,2129.199951171875
2015-05-19,2120.85009765625,706.7899780273438,81.79387664794922,2127.830078125
2015-05-20,2139.5400390625,713.9500122070312,81.97213745117188,2125.85009765625
2015-05-21,2122.81005859375,715.6400146484375,82.46038818359375,2130.820068359375
2015-05-22,2146.10009765625,713.5399780273438,82.27436828613281,2126.06005859375
2015-05-26,2143.5,708.6599731445312,82.78590393066406,2104.199951171875
2015-05-27,2107.5,699.1900024414062,82.7393798828125,2123.47998046875
2015-05-28,2110.889892578125,709.010009765625,82.8168716430664,2120.7900390625
2015-05-29,2114.800048828125,711.3900146484375,82.86335754394531,2107.389892578125
2015-06-01,2102.3701171875,715.72998046875,82.49779510498047,2111.72998046875
2015-06-02,2078.639892578125,704.77001953125,81.92337799072266,2109.60009765625
2015-06-03,2063.159912109375,696.969970703125,81.2247314453125,2114.070068359375
2015-06-04,2072.860107421875,704.5599975585938,81.6206283569336,2095.840087890625
2015-06-05,2068.10009765625,707.27001953125,81.03070068359375,2092.830078125
2015-06-08,2065.18994140625,716.4299926757812,81.14713287353516,2079.280029296875
2015-06-09,2064.030029296875,722.510009765625,80.88324737548828,2080.14990234375
2015-06-10,2051.320068359375,718.22998046875,80.57274627685547,2105.199951171875
2015-06-11,2056.610107421875,717.0,81.20926666259766,2108.860107421875
2015-06-12,2052.169921875,712.4000244140625,81.16268157958984,2094.110107421875
2015-06-15,2042.3199462890625,705.8499755859375,81.35675048828125,2084.429931640625
2015-06-16,2028.719970703125,706.280029296875,81.6672134399414,2096.2900390625
2015-06-17,2034.8599853515625,718.6099853515625,81.71376037597656,2100.43994140625
2015-06-18,2041.8800048828125,725.2000122070312,81.65166473388672,2121.239990234375
2015-06-19,2046.9599609375,729.9199829101562,82.08634948730469,2109.989990234375
2015-06-22,2055.159912109375,734.6099853515625,81.39557647705078,2122.85009765625
2015-06-23,2081.199951171875,739.8200073242188,81.14713287353516,2124.199951171875
2015-06-24,2085.530029296875,746.6199951171875,81.3877944946289,2108.580078125
2015-06-25,2085.06005859375,753.6599731445312,81.18596649169922,2102.31005859375
2015-06-26,2090.260009765625,750.5,80.79782104492188,2101.489990234375
2015-06-29,2060.489990234375,733.0399780273438,81.73712921142578,2057.639892578125
2015-06-30,2074.199951171875,742.27001953125,81.51197052001953,2063.110107421875
2015-07-01,2097.889892578125,760.6699829101562,81.08592987060547,2077.419921875
2015-07-02,2107.330078125,768.6699829101562,81.37358093261719,2076.780029296875
2015-07-06,2053.929931640625,752.010009765625,81.94890594482422,2068.760009765625
2015-07-07,2040.2900390625,729.6400146484375,82.16655731201172,2081.340087890625
2015-07-08,2016.2099609375,726.219970703125,82.49308776855469,2046.6800537109375
2015-07-09,2027.81005859375,726.010009765625,81.91778564453125,2051.31005859375
2015-07-10,2031.1700439453125,730.719970703125,81.3502426147461,2076.6201171875
2015-07-13,2061.52001953125,749.4600219726562,81.13255310058594,2099.60009765625
2015-07-14,2059.22998046875,757.1199951171875,81.3891372680664,2108.949951171875
2015-07-15,2072.909912109375,761.5900268554688,81.70010375976562,2107.39990234375
2015-07-16,2087.889892578125,774.4000244140625,81.66898345947266,2124.2900390625
2015-07-17,2076.7900390625,773.22998046875,81.67677307128906,2126.639892578125
2015-07-20,2073.31005859375,782.6400146484375,81.51354217529297,2128.280029296875
2015-07-21,2083.6201171875,781.989990234375,81.73896789550781,2119.2099609375
2015-07-22,2064.72998046875,776.5700073242188,81.83999633789062,2114.14990234375
2015-07-23,2065.070068359375,776.989990234375,82.1743392944336,2102.14990234375
2015-07-24,2045.9599609375,776.260009765625,82.2520751953125,2079.64990234375
2015-07-27,2038.81005859375,751.0399780273438,82.52420043945312,2067.639892578125
2015-07-28,2039.0999755859375,745.239990234375,82.29094696044922,2093.25
2015-07-29,2037.6199951171875,730.469970703125,82.1743392944336,2108.570068359375
2015-07-30,2019.030029296875,712.8599853515625,82.26761627197266,2108.6298828125
2015-07-31,2030.1600341796875,725.0599975585938,82.7496337890625,2103.840087890625
2015-08-03,2008.489990234375,714.3400268554688,83.00189208984375,2098.0400390625
2015-08-04,2027.989990234375,730.030029296875,82.57366180419922,2093.320068359375
2015-08-05,2029.760009765625,741.260009765625,82.25446319580078,2099.840087890625
2015-08-06,2013.2900390625,747.739990234375,82.5425033569336,2083.56005859375
2015-08-07,2010.22998046875,751.489990234375,82.86956024169922,2077.570068359375
2015-08-10,2003.1700439453125,746.3400268554688,82.52691650390625,2104.179931640625
2015-08-11,1986.6500244140625,732.260009765625,83.07193756103516,2084.070068359375
2015-08-12,1975.469970703125,717.2000122070312,83.04080963134766,2086.050048828125
2015-08-13,1983.4599609375,731.3599853515625,82.82284545898438,2083.389892578125
2015-08-17,1968.52001953125,722.010009765625,82.8851089477539,2102.43994140625
2015-08-18,1956.260009765625,699.7999877929688,82.75273895263672,2096.919921875
2015-08-19,1939.3800048828125,670.5499877929688,83.25882720947266,2079.610107421875
2015-08-20,1914.550048828125,656.7100219726562,83.484619140625,2035.72998046875
2015-08-21,1876.0699462890625,627.0499877929688,83.8194351196289,1970.8900146484375
2015-08-24,1829.81005859375,613.3300170898438,83.95960998535156,1893.2099609375
2015-08-25,1846.6300048828125,645.4299926757812,83.50021362304688,1867.6099853515625
2015-08-26,1894.0899658203125,667.4400024414062,82.98634338378906,1940.510009765625
2015-08-27,1908.0,673.7100219726562,82.93962860107422,1987.6600341796875
2015-08-28,1937.6700439453125,687.9600219726562,82.95515441894531,1988.8699951171875
2015-08-31,1941.489990234375,687.1099853515625,82.81501770019531,1972.1800537109375
2015-09-01,1914.22998046875,672.9400024414062,83.18702697753906,1913.8499755859375
2015-09-02,1915.219970703125,678.02001953125,82.96086883544922,1948.8599853515625
2015-09-03,1915.530029296875,678.25,83.16364288330078,1951.1300048828125
2015-09-04,1886.0400390625,650.4500122070312,83.42098999023438,1921.219970703125
2015-09-08,1878.6800537109375,638.219970703125,83.05445098876953,1969.4100341796875
2015-09-09,1934.199951171875,660.6699829101562,83.0856704711914,1942.0400390625
2015-09-10,1962.1099853515625,668.2899780273438,82.89849853515625,1952.2900390625
2015-09-11,1941.3699951171875,669.8699951171875,83.1168212890625,1961.050048828125
2015-09-14,1931.4599609375,662.8800048828125,83.19482421875,1953.030029296875
2015-09-15,1937.56005859375,666.75,82.53977966308594,1978.0899658203125
2015-09-16,1975.449951171875,676.47998046875,82.51634216308594,1995.31005859375
2015-09-17,1976.489990234375,671.0499877929688,83.20259857177734,1990.199951171875
2015-09-18,1995.949951171875,690.1799926757812,83.59261322021484,1958.030029296875
2015-09-21,1964.6800537109375,688.9000244140625,83.1168212890625,1966.969970703125
2015-09-22,1982.06005859375,693.6699829101562,83.5301742553711,1942.739990234375
2015-09-23,1944.6400146484375,680.280029296875,83.4365463256836,1938.760009765625
2015-09-24,1947.0999755859375,683.8800048828125,83.5613784790039,1932.239990234375
2015-09-25,1942.8499755859375,682.7000122070312,83.34298706054688,1931.3399658203125
2015-09-30,1962.81005859375,678.47998046875,84.1228256225586,1920.030029296875
2015-10-01,1979.3199462890625,684.7899780273438,84.18846893310547,1923.8199462890625
2015-10-02,1969.6800537109375,686.4199829101562,84.59455108642578,1951.3599853515625
2015-10-05,1978.25,691.1900024414062,84.12596893310547,1987.050048828125
2015-10-06,1990.6500244140625,689.0599975585938,84.29783630371094,1979.9200439453125
2015-10-07,2005.8399658203125,679.8300170898438,84.0869140625,1995.8299560546875
2015-10-08,2019.530029296875,674.969970703125,83.86820220947266,2013.4300537109375
2015-10-12,2021.6300048828125,672.9600219726562,84.19627380371094,2017.4599609375
2015-10-13,2019.050048828125,672.8200073242188,84.27438354492188,2003.68994140625
2015-10-14,2009.550048828125,668.9199829101562,84.73516082763672,1994.239990234375
2015-10-15,2033.27001953125,676.0499877929688,84.44622802734375,2023.8599853515625
2015-10-16,2030.260009765625,681.72998046875,84.37593841552734,2033.1099853515625
2015-10-19,2030.27001953125,684.2899780273438,84.33683776855469,2033.6600341796875
2015-10-20,2039.3599853515625,691.2100219726562,84.04788970947266,2030.77001953125
2015-10-21,2042.97998046875,686.5,84.33683776855469,2018.93994140625
2015-10-22,2023.0,676.2999877929688,84.42274475097656,2052.510009765625
2015-10-23,2040.4000244140625,681.969970703125,83.94633483886719,2075.14990234375
2015-10-26,2048.080078125,690.72998046875,84.1650390625,2071.179931640625
2015-10-27,2044.6500244140625,688.3200073242188,84.37593841552734,2065.889892578125
2015-10-28,2042.510009765625,693.530029296875,83.93854522705078,2090.35009765625
2015-10-29,2034.1600341796875,690.6300048828125,83.42306518554688,2089.409912109375
2015-10-30,2029.469970703125,683.6300048828125,83.58702087402344,2079.360107421875
2015-11-02,2035.239990234375,680.010009765625,83.34689331054688,2104.050048828125
2015-11-03,2048.39990234375,682.1300048828125,83.12788391113281,2109.7900390625
2015-11-04,2052.77001953125,686.1799926757812,83.04185485839844,2102.31005859375
2015-11-05,2049.409912109375,694.4299926757812,82.9870834350586,2099.929931640625
2015-11-06,2041.0699462890625,694.2100219726562,82.42386627197266,2099.199951171875
2015-11-09,2025.699951171875,671.8400268554688,82.28306579589844,2078.580078125
2015-11-10,1996.5899658203125,656.7000122070312,82.43952941894531,2081.719970703125
2015-11-11,1997.27001953125,667.2100219726562,82.40043640136719,2075.0
2015-11-12,1993.3599853515625,672.989990234375,82.44728088378906,2045.969970703125
2015-11-13,1973.2900390625,670.52001953125,82.76021575927734,2023.0400390625
2015-11-16,1943.02001953125,659.2000122070312,82.86978149414062,2053.18994140625
2015-11-17,1963.5799560546875,672.1699829101562,82.8462905883789,2050.43994140625
2015-11-18,1962.8800048828125,670.6699829101562,82.80716705322266,2083.580078125
2015-11-19,1988.9100341796875,680.5700073242188,82.9870834350586,2081.239990234375
2015-11-20,1989.8599853515625,685.1599731445312,82.8775863647461,2089.169921875
2015-11-23,2003.699951171875,688.2899780273438,82.9870834350586,2086.590087890625
2015-11-24,2016.2900390625,687.8599853515625,83.06532287597656,2089.139892578125
2015-11-25,2009.4200439453125,688.780029296875,83.11224365234375,2088.8701171875
2015-11-27,2028.989990234375,694.2100219726562,83.19828033447266,2090.110107421875
2015-11-30,1991.969970703125,688.3800048828125,83.22956085205078,2080.409912109375
2015-12-01,2023.9300537109375,691.9500122070312,83.67222595214844,2102.6298828125
2015-12-02,2009.2900390625,690.3200073242188,83.43718719482422,2079.510009765625
2015-12-03,1994.0699462890625,690.77001953125,82.55973052978516,2049.6201171875
2015-12-04,1974.4000244140625,685.77001953125,82.86527252197266,2091.68994140625
2015-12-07,1963.6700439453125,683.3400268554688,83.13162231445312,2077.070068359375
2015-12-08,1949.0400390625,668.4199829101562,83.17866516113281,2063.590087890625
2015-12-09,1948.239990234375,664.0800170898438,83.30400848388672,2047.6199951171875
2015-12-10,1952.0699462890625,658.0800170898438,83.12382507324219,2052.22998046875
2015-12-11,1948.6199951171875,653.47998046875,83.78977966308594,2012.3699951171875
2015-12-14,1927.8199462890625,630.3699951171875,83.17081451416016,2021.93994140625
2015-12-15,1932.969970703125,639.780029296875,82.95931243896484,2043.4100341796875
2015-12-16,1969.4000244140625,647.27001953125,82.73992919921875,2073.070068359375
2015-12-17,1977.9599609375,658.1099853515625,83.08466339111328,2041.8900146484375
2015-12-18,1975.3199462890625,667.4500122070312,83.3823471069336,2005.550048828125
2015-12-21,1981.18994140625,668.6500244140625,83.42151641845703,2021.1500244140625
2015-12-22,1992.56005859375,663.4199829101562,83.18649291992188,2038.969970703125
2015-12-23,1999.219970703125,659.5999755859375,82.99848937988281,2064.2900390625
2015-12-24,1990.6500244140625,656.530029296875,83.15069580078125,2060.989990234375
2015-12-28,1964.06005859375,652.0499877929688,83.16637420654297,2056.5
2015-12-29,1966.31005859375,673.219970703125,82.72697448730469,2078.360107421875
2015-12-30,1961.31005859375,682.3499755859375,82.75836181640625,2063.360107421875
2016-01-04,1918.760009765625,677.7899780273438,83.20558166503906,2012.6600341796875
2016-01-05,1930.530029296875,684.0700073242188,83.18206787109375,2016.7099609375
2016-01-06,1925.4300537109375,687.27001953125,83.68425750732422,1990.260009765625
2016-01-07,1904.3299560546875,679.6599731445312,83.86470794677734,1943.0899658203125
2016-01-08,1917.6199951171875,682.5599975585938,84.07659149169922,1922.030029296875
2016-01-11,1894.8399658203125,674.9600219726562,83.80978393554688,1923.6700439453125
2016-01-12,1890.8599853515625,671.2999877929688,84.18644714355469,1938.6800537109375
2016-01-13,1916.280029296875,686.030029296875,84.5160140991211,1890.280029296875
2016-01-14,1900.010009765625,683.1900024414062,84.34339141845703,1921.8399658203125
2016-01-15,1878.8699951171875,678.4299926757812,84.7356948852539,1880.3299560546875
2016-01-19,1889.6400146484375,681.25,84.6258316040039,1881.3299560546875
2016-01-20,1845.449951171875,669.6799926757812,85.04167938232422,1859.3299560546875
2016-01-21,1840.530029296875,665.8400268554688,84.82987213134766,1868.989990234375
2016-01-22,1879.4300537109375,670.9500122070312,84.64152526855469,1906.9000244140625
2016-01-25,1893.4300537109375,681.4299926757812,84.92400360107422,1877.0799560546875
2016-01-26,1871.68994140625,678.8499755859375,84.98676300048828,1903.6300048828125
2016-01-27,1897.8699951171875,675.25,85.04956817626953,1882.949951171875
2016-01-28,1906.93994140625,681.2899780273438,85.15941619873047,1893.3599853515625
2016-01-29,1912.06005859375,682.7999877929688,85.61449432373047,1940.239990234375
2016-02-01,1924.8199462890625,685.5499877929688,85.41728973388672,1939.3800048828125
2016-02-02,1906.5999755859375,684.8599853515625,86.02235412597656,1903.030029296875
2016-02-03,1890.6700439453125,680.9400024414062,85.92806243896484,1912.530029296875
2016-02-04,1916.260009765625,683.6199951171875,86.13237762451172,1915.449951171875
2016-02-05,1917.7900390625,681.3099975585938,86.24237823486328,1880.050048828125
2016-02-11,1861.5400390625,647.6900024414062,87.56254577636719,1829.0799560546875
2016-02-12,1835.280029296875,608.4500122070312,86.89462280273438,1864.780029296875
2016-02-16,1888.300048828125,634.9500122070312,86.63529968261719,1895.5799560546875
2016-02-17,1883.93994140625,623.489990234375,86.42314147949219,1926.8199462890625
2016-02-18,1908.8399658203125,638.4299926757812,86.82390594482422,1917.8299560546875
2016-02-19,1916.239990234375,644.5599975585938,86.82390594482422,1917.780029296875
2016-02-22,1916.3599853515625,650.1400146484375,86.7374496459961,1945.5
2016-02-23,1914.219970703125,642.3099975585938,86.91032409667969,1921.27001953125
2016-02-24,1912.530029296875,643.97998046875,86.91032409667969,1929.800048828125
2016-02-25,1918.5699462890625,646.27001953125,87.16962432861328,1951.699951171875
2016-02-26,1920.1600341796875,649.2999877929688,86.74530029296875,1948.050048828125
2016-02-29,1916.6600341796875,651.6199951171875,86.88674926757812,1932.22998046875
2016-03-02,1947.4200439453125,662.25,86.05809783935547,1986.449951171875
2016-03-03,1958.1700439453125,669.010009765625,86.16044616699219,1993.4000244140625
2016-03-04,1955.6300048828125,673.8400268554688,85.86921691894531,1999.989990234375
2016-03-07,1957.8699951171875,672.2100219726562,85.6961441040039,2001.760009765625
2016-03-08,1946.1199951171875,674.3200073242188,86.19192504882812,1979.260009765625
2016-03-09,1952.949951171875,679.6400146484375,85.8535385131836,1989.260009765625
2016-03-10,1969.3299560546875,687.5999755859375,85.54662322998047,1989.5699462890625
2016-03-11,1971.4100341796875,689.1699829101562,85.30264282226562,2022.18994140625
2016-03-14,1972.27001953125,691.0499877929688,85.36563110351562,2019.6400146484375
2016-03-15,1969.969970703125,693.3400268554688,85.34986114501953,2015.9300537109375
2016-03-16,1974.9000244140625,693.4400024414062,85.79845428466797,2027.219970703125
2016-03-17,1987.989990234375,691.489990234375,85.89286804199219,2040.5899658203125
2016-03-18,1992.1199951171875,695.02001953125,86.04243469238281,2049.580078125
2016-03-21,1989.760009765625,692.4199829101562,85.79845428466797,2051.60009765625
2016-03-22,1996.81005859375,691.510009765625,85.61742401123047,2049.800048828125
2016-03-23,1995.1199951171875,689.3900146484375,86.01091766357422,2036.7099609375
2016-03-24,1985.969970703125,686.260009765625,85.92438507080078,2035.93994140625
2016-03-28,1982.5400390625,676.510009765625,86.05024719238281,2037.050048828125
2016-03-29,1994.9100341796875,686.5,86.63256072998047,2055.010009765625
2016-03-30,2002.1400146484375,691.1300048828125,86.51451110839844,2063.949951171875
2016-03-31,1995.8499755859375,688.3800048828125,86.82933044433594,2059.739990234375
2016-04-01,1973.5699462890625,690.6900024414062,86.8040542602539,2072.780029296875
2016-04-04,1978.969970703125,696.97998046875,86.90650177001953,2066.1298828125
2016-04-05,1962.739990234375,695.7000122070312,87.25328063964844,2045.1700439453125
2016-04-06,1971.3199462890625,694.030029296875,87.06417846679688,2066.659912109375
2016-04-07,1973.8900146484375,697.1300048828125,87.51339721679688,2041.9100341796875
2016-04-08,1972.050048828125,697.0999755859375,87.37944793701172,2047.5999755859375
2016-04-11,1970.3699951171875,693.010009765625,87.36361694335938,2041.989990234375
2016-04-12,1981.3199462890625,693.4500122070312,87.01689910888672,2061.719970703125
2016-04-14,2015.9300537109375,693.4199829101562,86.87500762939453,2082.780029296875
2016-04-15,2014.7099609375,695.6199951171875,87.13508605957031,2080.72998046875
2016-04-18,2009.0999755859375,695.3400268554688,87.04843139648438,2094.340087890625
2016-04-19,2011.3599853515625,701.6799926757812,86.90650177001953,2100.800048828125
2016-04-20,2005.8299560546875,699.8599853515625,86.46517944335938,2102.39990234375
2016-04-21,2022.0999755859375,701.6199951171875,86.3233642578125,2091.47998046875
2016-04-22,2015.489990234375,703.0499877929688,86.22875213623047,2091.580078125
2016-04-25,2014.550048828125,703.7000122070312,86.13418579101562,2087.7900390625
2016-04-26,2019.6300048828125,702.0599975585938,85.95288848876953,2091.699951171875
2016-04-27,2015.4000244140625,699.52001953125,86.42581939697266,2095.14990234375
2016-04-28,2000.9300537109375,699.7000122070312,86.72525024414062,2075.81005859375
2016-04-29,1994.1500244140625,699.77001953125,86.69375610351562,2065.300048828125
2016-05-02,1978.1500244140625,690.27001953125,86.44197845458984,2081.429931640625
2016-05-03,1986.4100341796875,698.6599731445312,86.95501708984375,2063.3701171875
2016-05-04,1976.7099609375,694.1699829101562,87.11287689208984,2051.1201171875
2016-05-09,1967.81005859375,691.8200073242188,87.31021118164062,2058.68994140625
2016-05-10,1982.5,700.22998046875,87.29434967041016,2084.389892578125
2016-05-11,1980.0999755859375,703.9400024414062,87.42855072021484,2064.4599609375
2016-05-12,1977.489990234375,705.0399780273438,87.1917953491211,2064.110107421875
2016-05-13,1966.989990234375,704.3699951171875,87.52327728271484,2046.6099853515625
2016-05-16,1967.9100341796875,701.4600219726562,87.20758819580078,2066.659912109375
2016-05-17,1968.06005859375,695.9500122070312,87.08916473388672,2047.2099609375
2016-05-18,1956.72998046875,683.8699951171875,86.38671875,2047.6300048828125
2016-05-19,1946.780029296875,679.3900146484375,86.47349548339844,2040.0400390625
2016-05-20,1947.6700439453125,684.9199829101562,86.52880096435547,2052.320068359375
2016-05-23,1955.25,691.0,86.5840072631836,2048.0400390625
2016-05-24,1937.6800537109375,687.7100219726562,86.44197845458984,2076.06005859375
2016-05-25,1960.510009765625,689.3300170898438,86.40249633789062,2090.5400390625
2016-05-26,1957.06005859375,687.9400024414062,86.6708755493164,2090.10009765625
2016-05-27,1969.1700439453125,691.5399780273438,86.50509643554688,2099.06005859375
2016-05-31,1983.4000244140625,698.4500122070312,86.60774993896484,2096.949951171875
2016-06-01,1982.719970703125,700.030029296875,86.57843780517578,2099.330078125
2016-06-02,1985.1099853515625,701.1500244140625,86.84723663330078,2105.260009765625
2016-06-03,1985.8399658203125,701.4299926757812,87.6534652709961,2099.1298828125
2016-06-07,2011.6300048828125,704.77001953125,87.55072784423828,2112.1298828125
2016-06-08,2027.0799560546875,703.989990234375,87.6534652709961,2119.1201171875
2016-06-09,2024.1700439453125,705.0800170898438,87.78787231445312,2115.47998046875
2016-06-10,2017.6300048828125,706.8099975585938,88.0961685180664,2096.070068359375
2016-06-13,1979.06005859375,695.6099853515625,88.27005767822266,2079.06005859375
2016-06-14,1972.030029296875,692.9400024414062,88.2463150024414,2075.320068359375
2016-06-15,1968.8299560546875,694.6599731445312,88.51507568359375,2071.5
2016-06-16,1951.989990234375,680.25,88.60995483398438,2077.989990234375
2016-06-17,1953.4000244140625,678.8599853515625,88.30956268310547,2071.219970703125
2016-06-20,1981.1199951171875,688.9500122070312,87.93016052246094,2083.25
2016-06-21,1982.699951171875,688.5499877929688,87.73251342773438,2088.89990234375
2016-06-22,1992.5799560546875,688.1799926757812,87.90642547607422,2085.449951171875
2016-06-23,1986.7099609375,679.52001953125,87.48750305175781,2113.320068359375
2016-06-24,1925.239990234375,647.1599731445312,88.69690704345703,2037.4100341796875
2016-06-27,1926.8499755859375,648.1199951171875,89.46361541748047,2000.5400390625
2016-06-28,1936.219970703125,659.2999877929688,89.44784545898438,2036.0899658203125
2016-06-29,1956.3599853515625,669.8800048828125,89.08418273925781,2070.77001953125
2016-06-30,1970.3499755859375,675.0900268554688,89.28180694580078,2098.860107421875
2016-07-01,1987.3199462890625,684.260009765625,89.51770782470703,2102.949951171875
2016-07-05,1989.8499755859375,692.72998046875,90.00847625732422,2088.550048828125
2016-07-06,1953.1199951171875,685.510009765625,90.02427673339844,2099.72998046875
2016-07-07,1974.0799560546875,695.9500122070312,89.90559387207031,2097.89990234375
2016-07-08,1963.0999755859375,692.5999755859375,90.0797119140625,2129.89990234375
2016-07-11,1988.5400390625,697.25,89.60478973388672,2137.159912109375
2016-07-12,1991.22998046875,699.4000244140625,89.07443237304688,2152.139892578125
2016-07-13,2005.550048828125,702.6500244140625,89.30399322509766,2152.429931640625
2016-07-14,2008.77001953125,703.3400268554688,88.93196105957031,2163.75
2016-07-15,2017.260009765625,700.280029296875,88.59159851074219,2161.739990234375
2016-07-18,2021.1099853515625,700.9000244140625,88.56783294677734,2166.889892578125
2016-07-19,2016.8900146484375,702.4400024414062,88.80534362792969,2163.780029296875
2016-07-20,2015.4599609375,705.030029296875,88.6232681274414,2173.02001953125
2016-07-21,2012.219970703125,708.1199951171875,88.82115936279297,2165.169921875
2016-07-22,2010.3399658203125,707.5399780273438,88.7498779296875,2175.030029296875
2016-07-25,2012.3199462890625,704.9600219726562,88.67867279052734,2168.47998046875
2016-07-26,2027.3399658203125,705.4000244140625,88.73407745361328,2169.179931640625
2016-07-27,2025.050048828125,701.0900268554688,89.11402130126953,2166.580078125
2016-07-28,2021.0999755859375,703.780029296875,89.1614761352539,2170.06005859375
2016-07-29,2016.18994140625,706.239990234375,89.50189208984375,2173.60009765625
2016-08-01,2029.6099853515625,703.719970703125,89.19116973876953,2170.840087890625
2016-08-02,2019.030029296875,700.9000244140625,88.97711944580078,2157.030029296875
2016-08-03,1994.7900390625,698.3200073242188,89.02468872070312,2163.7900390625
2016-08-04,2000.030029296875,701.6699829101562,89.23873901367188,2164.25
2016-08-05,2017.93994140625,696.0900268554688,88.68383026123047,2182.8701171875
2016-08-08,2031.1199951171875,696.4299926757812,88.63631439208984,2180.889892578125
2016-08-09,2043.780029296875,700.72998046875,88.95335388183594,2181.739990234375
2016-08-10,2044.6400146484375,707.4600219726562,89.19116973876953,2175.489990234375
2016-08-11,2048.800048828125,703.3300170898438,88.76312255859375,2185.7900390625
2016-08-12,2050.469970703125,705.1799926757812,89.08016204833984,2184.050048828125
2016-08-16,2047.760009765625,698.8699951171875,88.66800689697266,2178.14990234375
2016-08-17,2043.75,693.6699829101562,88.81070709228516,2182.219970703125
2016-08-18,2055.469970703125,696.9299926757812,88.96916961669922,2187.02001953125
2016-08-19,2056.239990234375,696.2000122070312,88.66800689697266,2183.8701171875
2016-08-22,2042.1600341796875,688.1500244140625,88.86612701416016,2182.639892578125
2016-08-23,2049.929931640625,687.3800048828125,88.8582534790039,2186.89990234375
2016-08-24,2043.760009765625,687.780029296875,88.82654571533203,2175.43994140625
2016-08-25,2042.9200439453125,683.9600219726562,88.68383026123047,2172.469970703125
2016-08-26,2037.5,680.4299926757812,88.34303283691406,2169.0400390625
2016-08-29,2032.3499755859375,663.5800170898438,88.7076187133789,2180.3798828125
2016-08-30,2039.739990234375,667.6099853515625,88.69969177246094,2176.1201171875
2016-08-31,2034.6500244140625,663.6900024414062,88.59662628173828,2170.949951171875
2016-09-01,2032.719970703125,671.2899780273438,88.73555755615234,2170.860107421875
2016-09-02,2038.31005859375,676.9099731445312,88.50537109375,2179.97998046875
2016-09-06,2066.530029296875,679.260009765625,88.91813659667969,2186.47998046875
2016-09-07,2061.8798828125,672.489990234375,88.9657974243164,2186.159912109375
2016-09-08,2063.72998046875,667.4000244140625,88.5291748046875,2181.300048828125
2016-09-09,2037.8699951171875,664.989990234375,88.10847473144531,2127.81005859375
2016-09-12,1991.47998046875,652.9099731445312,88.1878662109375,2159.0400390625
2016-09-13,1999.3599853515625,660.1500244140625,87.86246490478516,2127.02001953125
2016-09-19,2015.780029296875,666.6400146484375,88.02910614013672,2139.1201171875
2016-09-20,2025.7099609375,674.510009765625,88.16401672363281,2139.760009765625
2016-09-21,2035.989990234375,678.280029296875,88.30695343017578,2163.1201171875
2016-09-22,2049.699951171875,685.239990234375,88.56887817382812,2177.179931640625
2016-09-23,2054.070068359375,688.5900268554688,88.60853576660156,2164.68994140625
2016-09-26,2047.1099853515625,686.760009765625,88.86259460449219,2146.10009765625
2016-09-27,2062.820068359375,687.989990234375,89.01337432861328,2159.929931640625
2016-09-28,2053.06005859375,686.760009765625,88.97367858886719,2171.3701171875
2016-09-29,2068.719970703125,689.8300170898438,89.02924346923828,2151.1298828125
2016-09-30,2043.6300048828125,681.2100219726562,88.80701446533203,2168.27001953125
2016-10-04,2054.860107421875,685.8800048828125,88.19493865966797,2150.489990234375
2016-10-05,2053.0,685.4400024414062,87.99630737304688,2159.72998046875
2016-10-06,2065.300048828125,684.3300170898438,87.81346130371094,2160.77001953125
2016-10-07,2053.800048828125,675.9000244140625,87.94061279296875,2153.739990234375
2016-10-10,2056.820068359375,674.739990234375,87.71012878417969,2163.659912109375
2016-10-11,2031.9300537109375,670.6400146484375,87.68629455566406,2136.72998046875
2016-10-12,2033.72998046875,669.9500122070312,87.68629455566406,2139.179931640625
2016-10-13,2015.43994140625,663.0900268554688,87.86908721923828,2132.550048828125
2016-10-14,2022.6600341796875,664.9199829101562,87.59883117675781,2132.97998046875
2016-10-17,2027.6099853515625,659.8300170898438,87.78961181640625,2126.5
2016-10-18,2040.4300537109375,660.2899780273438,87.96448516845703,2139.60009765625
2016-10-19,2040.93994140625,661.260009765625,88.00421905517578,2144.2900390625
2016-10-20,2040.5999755859375,655.6799926757812,87.9247055053711,2141.340087890625
2016-10-21,2033.0,651.77001953125,88.02013397216797,2141.159912109375
2016-10-24,2047.739990234375,647.8800048828125,87.90084838867188,2151.330078125
2016-10-25,2037.1700439453125,640.1699829101562,87.88499450683594,2143.159912109375
2016-10-26,2013.8900146484375,635.510009765625,87.6942138671875,2139.429931640625
2016-10-27,2024.1199951171875,648.5700073242188,87.39219665527344,2133.0400390625
2016-10-28,2019.4200439453125,640.1699829101562,87.40807342529297,2126.409912109375
2016-10-31,2008.18994140625,624.6799926757812,87.47962188720703,2126.14990234375
2016-11-01,2007.3900146484375,626.3800048828125,87.48285675048828,2111.719970703125
2016-11-02,1978.93994140625,606.0599975585938,87.74546813964844,2097.93994140625
2016-11-03,1983.800048828125,609.989990234375,87.68968963623047,2088.659912109375
2016-11-04,1982.02001953125,610.8200073242188,87.96037292480469,2085.179931640625
2016-11-07,1997.5799560546875,622.1699829101562,87.59424591064453,2131.52001953125
2016-11-08,2003.3800048828125,624.1900024414062,87.28380584716797,2139.56005859375
2016-11-09,1958.3800048828125,599.739990234375,85.95454406738281,2163.260009765625
2016-11-10,2002.5999755859375,623.22998046875,85.437255859375,2167.47998046875
2016-11-11,1984.4300537109375,621.8900146484375,85.26209259033203,2164.449951171875
2016-11-14,1974.4000244140625,621.22998046875,84.76860809326172,2164.199951171875
2016-11-15,1967.530029296875,617.4299926757812,84.76860809326172,2180.389892578125
2016-11-16,1979.6500244140625,627.8300170898438,84.84819793701172,2176.93994140625
2016-11-17,1980.550048828125,627.760009765625,84.47410583496094,2187.1201171875
2016-11-18,1974.5799560546875,620.260009765625,84.10005187988281,2181.89990234375
2016-11-21,1966.050048828125,609.3300170898438,84.1716537475586,2198.179931640625
2016-11-22,1983.469970703125,610.739990234375,84.25126647949219,2202.93994140625
2016-11-23,1987.949951171875,600.2899780273438,83.94879150390625,2204.719970703125
2016-11-25,1974.4599609375,597.8200073242188,83.87714385986328,2213.35009765625
2016-11-28,1978.1300048828125,593.0499877929688,84.25923919677734,2201.719970703125
2016-11-29,1978.3900146484375,596.0700073242188,84.34675598144531,2204.659912109375
2016-11-30,1983.47998046875,596.1099853515625,83.78164672851562,2198.81005859375
2016-12-01,1983.75,593.8499755859375,83.4620361328125,2191.080078125
2016-12-02,1970.6099853515625,586.72998046875,83.83663940429688,2191.949951171875
2016-12-05,1963.3599853515625,575.1199951171875,83.80475616455078,2204.7099609375
2016-12-06,1989.8599853515625,581.3499755859375,83.83663940429688,2212.22998046875
2016-12-07,1991.8900146484375,578.52001953125,84.1156005859375,2241.35009765625
2016-12-08,2031.0699462890625,584.6199951171875,83.79679870605469,2246.18994140625
2016-12-09,2024.68994140625,594.3499755859375,83.36637878417969,2259.530029296875
2016-12-12,2027.239990234375,603.0800170898438,83.38230895996094,2256.9599609375
2016-12-13,2035.97998046875,611.0900268554688,83.43013000488281,2271.719970703125
2016-12-14,2036.8699951171875,612.469970703125,82.7366714477539,2253.280029296875
2016-12-15,2036.6500244140625,620.6099853515625,82.50554656982422,2262.030029296875
2016-12-16,2042.239990234375,622.0800170898438,82.60913848876953,2258.070068359375
2016-12-19,2038.3900146484375,622.77001953125,82.99173736572266,2262.530029296875
2016-12-20,2041.93994140625,617.989990234375,82.8163833618164,2270.760009765625
2016-12-21,2037.9599609375,618.6300048828125,82.95186614990234,2265.179931640625
2016-12-22,2035.72998046875,615.9299926757812,82.91596221923828,2260.9599609375
2016-12-23,2035.9000244140625,619.75,82.99581146240234,2263.7900390625
2016-12-27,2042.1700439453125,618.3800048828125,82.87602996826172,2268.8798828125
2016-12-28,2024.489990234375,627.27001953125,83.17943572998047,2249.919921875
2016-12-29,2026.4599609375,631.4400024414062,83.43489837646484,2249.260009765625
2017-01-03,2043.969970703125,636.5700073242188,83.64242553710938,2257.830078125
2017-01-04,2045.6400146484375,639.7899780273438,83.73826599121094,2270.75
2017-01-05,2041.949951171875,642.47998046875,84.28115844726562,2269.0
2017-01-06,2049.1201171875,643.6799926757812,83.89791870117188,2276.97998046875
2017-01-09,2048.780029296875,642.1500244140625,84.21727752685547,2268.89990234375
2017-01-10,2045.1199951171875,636.72998046875,84.17733764648438,2268.89990234375
2017-01-11,2075.169921875,637.9000244140625,84.27314758300781,2275.320068359375
2017-01-12,2087.139892578125,632.8699951171875,84.32101440429688,2270.43994140625
2017-01-13,2076.7900390625,634.6799926757812,84.1374282836914,2274.639892578125
2017-01-17,2071.8701171875,624.0,84.5605239868164,2267.889892578125
2017-01-18,2070.5400390625,626.8900146484375,83.96177673339844,2271.889892578125
2017-01-19,2072.7900390625,626.1900024414062,83.64242553710938,2263.68994140625
2017-01-20,2065.610107421875,622.1199951171875,83.68242645263672,2271.31005859375
2017-01-23,2065.989990234375,615.989990234375,84.1214370727539,2265.199951171875
2017-01-24,2065.760009765625,612.9299926757812,83.8021240234375,2280.070068359375
2017-01-25,2066.93994140625,609.6400146484375,83.38700103759766,2298.3701171875
2017-01-26,2083.590087890625,616.8099975585938,83.49873352050781,2296.679931640625
2017-01-31,2067.570068359375,616.1300048828125,83.86595153808594,2278.8701171875
2017-02-01,2080.47998046875,623.6799926757812,83.70527648925781,2279.550048828125
2017-02-02,2071.010009765625,613.0399780273438,83.73725891113281,2280.85009765625
2017-02-03,2073.159912109375,609.2100219726562,83.80119323730469,2297.419921875
2017-02-06,2077.659912109375,610.9600219726562,84.20101928710938,2292.56005859375
2017-02-07,2075.2099609375,608.719970703125,84.35292053222656,2293.080078125
2017-02-08,2065.080078125,608.7899780273438,84.6967544555664,2294.669921875
2017-02-09,2065.8798828125,611.0399780273438,84.1930160522461,2307.8701171875
2017-02-10,2075.080078125,610.5800170898438,84.13703155517578,2316.10009765625
2017-02-13,2078.64990234375,611.9400024414062,84.00910949707031,2328.25
2017-02-14,2074.570068359375,611.5399780273438,83.70527648925781,2337.580078125
2017-02-15,2083.860107421875,615.9500122070312,83.54541015625,2349.25
2017-02-16,2081.840087890625,616.5800170898438,83.88118743896484,2347.219970703125
2017-02-17,2080.580078125,618.7000122070312,84.10504913330078,2351.159912109375
2017-02-21,2102.929931640625,622.469970703125,84.06510162353516,2365.3798828125
2017-02-22,2106.610107421875,621.3900146484375,84.20101928710938,2362.820068359375
2017-02-23,2107.6298828125,617.6699829101562,84.42491149902344,2363.81005859375
2017-02-24,2094.1201171875,614.75,84.81661987304688,2367.340087890625
2017-02-27,2085.52001953125,612.1199951171875,84.5127944946289,2369.75
2017-02-28,2091.639892578125,612.2000122070312,84.4728775024414,2363.639892578125
2017-03-02,2102.64990234375,608.9299926757812,83.64418029785156,2381.919921875
2017-03-03,2078.75,600.72998046875,83.72425842285156,2383.1201171875
2017-03-06,2081.360107421875,604.0499877929688,83.70821380615234,2375.31005859375
2017-03-07,2094.050048828125,606.0499877929688,83.58810424804688,2368.389892578125
2017-03-08,2095.409912109375,605.75,83.30793762207031,2362.97998046875
2017-03-09,2091.06005859375,606.1300048828125,83.07572174072266,2364.8701171875
2017-03-10,2097.35009765625,612.260009765625,83.25184631347656,2372.60009765625
2017-03-13,2117.590087890625,615.5900268554688,83.0436782836914,2373.469970703125
2017-03-14,2133.780029296875,614.1199951171875,83.13175964355469,2365.449951171875
2017-03-15,2133.0,608.6799926757812,83.86033630371094,2385.260009765625
2017-03-16,2150.080078125,613.8800048828125,83.62812805175781,2381.3798828125
2017-03-17,2164.580078125,613.260009765625,83.85235595703125,2378.25
2017-03-20,2157.010009765625,609.1099853515625,84.05249786376953,2373.469970703125
2017-03-21,2178.3798828125,609.72998046875,84.33273315429688,2344.02001953125
2017-03-22,2168.300048828125,607.5700073242188,84.49285888671875,2348.449951171875
2017-03-23,2172.719970703125,605.530029296875,84.40476989746094,2345.9599609375
2017-03-24,2168.949951171875,608.1799926757812,84.45283508300781,2343.97998046875
2017-03-27,2155.659912109375,607.0700073242188,84.6609878540039,2341.590087890625
2017-03-28,2163.31005859375,612.280029296875,84.37277221679688,2358.570068359375
2017-03-29,2166.97998046875,613.6300048828125,84.6129379272461,2361.1298828125
2017-03-30,2164.639892578125,614.6799926757812,84.37277221679688,2368.06005859375
2017-03-31,2160.22998046875,619.280029296875,84.54093170166016,2362.719970703125
2017-04-03,2167.510009765625,628.52001953125,84.95702362060547,2358.840087890625
2017-04-04,2161.10009765625,625.489990234375,84.83683776855469,2360.159912109375
2017-04-05,2160.85009765625,630.1699829101562,84.99717712402344,2352.949951171875
2017-04-06,2152.75,630.4600219726562,84.94108581542969,2357.489990234375
2017-04-07,2151.72998046875,633.3200073242188,84.68448638916016,2355.5400390625
2017-04-10,2133.320068359375,619.4099731445312,84.83683776855469,2357.159912109375
2017-04-11,2123.85009765625,621.6400146484375,85.22968292236328,2353.780029296875
2017-04-12,2128.909912109375,621.4500122070312,85.4942855834961,2344.929931640625
2017-04-13,2148.610107421875,623.8699951171875,85.75092315673828,2328.949951171875
2017-04-17,2145.760009765625,629.469970703125,85.61457824707031,2349.010009765625
2017-04-18,2148.4599609375,634.72998046875,86.1037368774414,2342.18994140625
2017-04-19,2138.39990234375,635.989990234375,85.87921142578125,2338.169921875
2017-04-20,2149.14990234375,635.7999877929688,85.68675994873047,2355.840087890625
2017-04-21,2165.0400390625,634.9600219726562,85.72688293457031,2348.68994140625
2017-04-24,2173.739990234375,626.6199951171875,85.55047607421875,2374.14990234375
2017-04-25,2196.85009765625,632.5700073242188,85.10939025878906,2388.610107421875
2017-04-26,2207.840087890625,635.1099853515625,85.33393096923828,2387.449951171875
2017-04-27,2209.4599609375,631.1099853515625,85.39007568359375,2388.77001953125
2017-04-28,2205.43994140625,628.239990234375,85.47830200195312,2384.199951171875
2017-05-02,2219.669921875,626.4299926757812,85.47024536132812,2391.169921875
2017-05-04,2241.239990234375,635.1099853515625,85.10088348388672,2389.52001953125
2017-05-08,2292.760009765625,643.3900146484375,84.90811157226562,2399.3798828125
2017-05-10,2270.1201171875,642.6799926757812,84.77961730957031,2399.6298828125
2017-05-11,2296.3701171875,647.5800170898438,84.84390258789062,2394.43994140625
2017-05-12,2286.02001953125,643.72998046875,85.27751159667969,2390.89990234375
2017-05-15,2290.64990234375,645.3800048828125,85.22129821777344,2402.320068359375
2017-05-16,2295.330078125,639.1099853515625,85.33374786376953,2400.669921875
2017-05-17,2293.080078125,640.010009765625,86.016357421875,2357.030029296875
2017-05-18,2286.820068359375,638.1199951171875,85.99220275878906,2365.719970703125
2017-05-19,2288.47998046875,642.4500122070312,85.96814727783203,2381.72998046875
2017-05-22,2304.030029296875,642.6199951171875,85.8718032836914,2394.02001953125
2017-05-23,2311.739990234375,644.72998046875,85.64688873291016,2398.419921875
2017-05-24,2317.340087890625,646.0399780273438,85.82361602783203,2404.389892578125
2017-05-25,2342.929931640625,643.02001953125,85.8718032836914,2415.070068359375
2017-05-26,2355.300048828125,646.010009765625,85.92800903320312,2415.820068359375
2017-05-30,2343.679931640625,649.0599975585938,86.14485931396484,2412.909912109375
2017-05-31,2347.3798828125,652.0399780273438,86.18497467041016,2411.800048828125
2017-06-01,2344.610107421875,653.8300170898438,86.13993072509766,2430.06005859375
2017-06-02,2371.719970703125,658.780029296875,86.51793670654297,2439.070068359375
2017-06-05,2368.6201171875,662.3200073242188,86.3731918334961,2436.10009765625
2017-06-07,2360.139892578125,666.4600219726562,86.48580169677734,2433.139892578125
2017-06-08,2363.570068359375,669.969970703125,86.3490219116211,2433.7900390625
2017-06-09,2381.68994140625,674.1500244140625,86.26861572265625,2431.77001953125
2017-06-12,2357.8701171875,664.8599853515625,86.25253295898438,2429.389892578125
2017-06-13,2374.699951171875,669.22998046875,86.28471374511719,2440.35009765625
2017-06-14,2372.639892578125,671.5900268554688,86.73513793945312,2437.919921875
2017-06-15,2361.64990234375,669.8200073242188,86.58230590820312,2432.4599609375
2017-06-16,2361.830078125,670.7000122070312,86.63056945800781,2433.14990234375
2017-06-19,2370.89990234375,675.4400024414062,86.38927459716797,2453.4599609375
2017-06-20,2369.22998046875,669.4099731445312,86.60640716552734,2437.030029296875
2017-06-21,2357.530029296875,665.77001953125,86.59839630126953,2435.610107421875
2017-06-22,2370.3701171875,663.280029296875,86.6788101196289,2434.5
2017-06-23,2378.60009765625,668.9299926757812,86.7029800415039,2438.300048828125
2017-06-26,2388.659912109375,668.3599853515625,86.77531433105469,2439.070068359375
2017-06-27,2391.949951171875,672.6300048828125,86.3490219116211,2419.3798828125
2017-06-28,2382.56005859375,665.8900146484375,86.26861572265625,2440.68994140625
2017-06-29,2395.659912109375,668.0,85.94691467285156,2419.699951171875
2017-06-30,2391.7900390625,669.0399780273438,85.74580383300781,2423.409912109375
2017-07-03,2394.47998046875,660.969970703125,85.43087768554688,2429.010009765625
2017-07-05,2388.35009765625,661.5399780273438,85.49534606933594,2432.5400390625
2017-07-06,2387.81005859375,663.7899780273438,85.33421325683594,2409.75
2017-07-07,2379.8701171875,663.77001953125,85.19731140136719,2425.179931640625
2017-07-10,2382.10009765625,657.8599853515625,85.31005859375,2427.429931640625
2017-07-11,2396.0,656.010009765625,85.4228286743164,2425.530029296875
2017-07-12,2391.77001953125,651.0999755859375,85.67251586914062,2443.25
2017-07-13,2409.489990234375,652.6900024414062,85.58390808105469,2447.830078125
2017-07-14,2414.6298828125,654.1099853515625,85.70476531982422,2459.27001953125
2017-07-17,2425.10009765625,659.8900146484375,85.80948638916016,2459.139892578125
2017-07-18,2426.0400390625,664.02001953125,86.12360382080078,2460.610107421875
2017-07-19,2429.93994140625,671.530029296875,86.12360382080078,2473.830078125
2017-07-20,2441.840087890625,676.510009765625,86.14778900146484,2473.449951171875
2017-07-21,2450.06005859375,676.5999755859375,86.30079650878906,2472.5400390625
2017-07-24,2451.530029296875,677.3200073242188,86.24445343017578,2469.909912109375
2017-07-25,2439.89990234375,670.469970703125,85.76116180419922,2477.1298828125
2017-07-26,2434.510009765625,667.219970703125,86.03501892089844,2477.830078125
2017-07-27,2443.239990234375,666.47998046875,85.89808654785156,2475.419921875
2017-07-28,2400.989990234375,652.9500122070312,86.04303741455078,2472.10009765625
2017-07-31,2402.7099609375,650.469970703125,86.06718444824219,2470.300048828125
2017-08-01,2422.9599609375,653.1199951171875,86.281005859375,2476.35009765625
2017-08-02,2427.6298828125,657.52001953125,86.2002944946289,2477.570068359375
2017-08-03,2386.85009765625,643.0900268554688,86.49882507324219,2472.159912109375
2017-08-04,2395.449951171875,641.5800170898438,86.26490020751953,2476.830078125
2017-08-07,2398.75,648.3900146484375,86.31328582763672,2480.909912109375
2017-08-08,2394.72998046875,651.6699829101562,86.2406997680664,2474.919921875
2017-08-09,2368.389892578125,642.8699951171875,86.34553527832031,2474.02001953125
2017-08-10,2359.469970703125,640.0399780273438,86.66825103759766,2438.2099609375
2017-08-11,2319.7099609375,628.3400268554688,86.76509857177734,2441.320068359375
2017-08-14,2334.219970703125,629.3699951171875,86.5552749633789,2465.840087890625
2017-08-16,2348.260009765625,634.9099731445312,86.4584732055664,2468.110107421875
2017-08-17,2361.669921875,642.1099853515625,86.76509857177734,2430.010009765625
2017-08-18,2358.3701171875,643.5800170898438,86.78117370605469,2425.550048828125
2017-08-21,2355.0,640.8499755859375,86.83768463134766,2428.3701171875
2017-08-22,2365.330078125,644.260009765625,86.66825103759766,2452.510009765625
2017-08-23,2366.39990234375,643.7100219726562,86.96675872802734,2444.0400390625
2017-08-24,2375.840087890625,647.7100219726562,86.82959747314453,2438.969970703125
2017-08-25,2378.510009765625,650.27001953125,86.97480773925781,2443.050048828125
2017-08-28,2370.300048828125,652.9199829101562,87.05548095703125,2444.239990234375
2017-08-29,2364.739990234375,653.9600219726562,87.2572021484375,2446.300048828125
2017-08-30,2372.2900390625,655.0,87.18458557128906,2457.590087890625
2017-08-31,2363.18994140625,657.8300170898438,87.32170867919922,2471.64990234375
2017-09-01,2357.68994140625,661.989990234375,87.06482696533203,2476.550048828125
2017-09-05,2326.6201171875,648.75,87.67073822021484,2457.85009765625
2017-09-06,2319.820068359375,652.5900268554688,87.46067810058594,2465.5400390625
2017-09-07,2346.18994140625,658.47998046875,87.84041595458984,2465.10009765625
2017-09-08,2343.719970703125,654.2899780273438,87.77579498291016,2461.429931640625
2017-09-11,2359.080078125,656.530029296875,87.2748794555664,2488.110107421875
2017-09-12,2365.469970703125,660.0499877929688,87.06482696533203,2496.47998046875
2017-09-13,2360.179931640625,659.0900268554688,86.88702392578125,2498.3701171875
2017-09-14,2377.659912109375,665.4099731445312,86.90318298339844,2495.6201171875
2017-09-15,2386.070068359375,671.2999877929688,87.00824737548828,2500.22998046875
2017-09-18,2418.2099609375,675.8699951171875,86.66893768310547,2503.8701171875
2017-09-19,2416.050048828125,674.47998046875,86.57192993164062,2506.64990234375
2017-09-20,2412.199951171875,668.0499877929688,86.4022445678711,2508.239990234375
2017-09-21,2406.5,661.1099853515625,86.28912353515625,2500.60009765625
2017-09-25,2380.39990234375,642.0399780273438,86.70124053955078,2496.659912109375
2017-09-26,2374.320068359375,642.4000244140625,86.6285171508789,2496.840087890625
2017-09-27,2372.570068359375,649.239990234375,86.1841049194336,2507.0400390625
2017-09-28,2373.139892578125,648.0900268554688,86.16793823242188,2510.06005859375
2017-09-29,2394.469970703125,652.8200073242188,86.06294250488281,2519.360107421875
2017-10-10,2433.81005859375,654.5900268554688,85.99737548828125,2550.639892578125
2017-10-11,2458.159912109375,662.3099975585938,86.09446716308594,2555.239990234375
2017-10-12,2474.760009765625,666.5399780273438,86.17540740966797,2550.929931640625
2017-10-13,2473.6201171875,663.0800170898438,86.46670532226562,2553.169921875
2017-10-16,2480.050048828125,659.4099731445312,86.32106018066406,2557.639892578125
2017-10-17,2484.3701171875,670.510009765625,86.28865051269531,2559.360107421875
2017-10-18,2482.909912109375,668.4199829101562,86.07022094726562,2561.260009765625
2017-10-19,2473.06005859375,667.0999755859375,86.15919494628906,2562.10009765625
2017-10-20,2489.5400390625,672.9500122070312,85.80320739746094,2575.2099609375
2017-10-23,2490.050048828125,675.8599853515625,85.8841323852539,2564.97998046875
2017-10-24,2490.489990234375,687.2100219726562,85.62519836425781,2569.1298828125
2017-10-25,2492.5,689.1400146484375,85.48759460449219,2557.14990234375
2017-10-26,2480.6298828125,680.6099853515625,85.37434387207031,2560.39990234375
2017-10-27,2496.6298828125,689.969970703125,85.64946746826172,2581.070068359375
2017-10-30,2501.929931640625,689.6799926757812,85.95693969726562,2572.830078125
2017-10-31,2523.429931640625,694.2000122070312,85.9002914428711,2575.260009765625
2017-11-01,2556.469970703125,695.77001953125,85.9521484375,2579.360107421875
2017-11-02,2546.360107421875,694.9600219726562,86.06558227539062,2579.85009765625
2017-11-03,2557.969970703125,701.1300048828125,86.20340728759766,2587.840087890625
2017-11-06,2549.409912109375,703.7899780273438,86.30876922607422,2591.1298828125
2017-11-07,2545.43994140625,701.1400146484375,86.34117889404297,2590.639892578125
2017-11-08,2552.39990234375,709.1099853515625,86.2358169555664,2594.3798828125
2017-11-09,2550.570068359375,709.9400024414062,86.20340728759766,2584.6201171875
2017-11-10,2542.949951171875,720.7899780273438,85.7657699584961,2582.300048828125
2017-11-13,2530.35009765625,741.3800048828125,85.72525024414062,2584.840087890625
2017-11-14,2526.639892578125,756.4600219726562,85.84679412841797,2578.8701171875
2017-11-15,2518.25,768.030029296875,86.15474700927734,2564.6201171875
2017-11-16,2534.7900390625,780.219970703125,85.93596649169922,2585.639892578125
2017-11-17,2533.989990234375,775.8499755859375,86.04940032958984,2578.85009765625
2017-11-20,2527.669921875,785.3200073242188,85.91166687011719,2582.139892578125
2017-11-21,2530.699951171875,789.3800048828125,85.92784118652344,2599.030029296875
2017-11-22,2540.510009765625,780.9000244140625,86.20340728759766,2597.080078125
2017-11-24,2544.330078125,792.739990234375,86.1304702758789,2602.419921875
2017-11-27,2507.81005859375,792.7999877929688,86.18714141845703,2601.419921875
2017-11-28,2514.18994140625,773.1199951171875,86.20340728759766,2627.0400390625
2017-11-29,2512.89990234375,781.719970703125,85.92784118652344,2626.070068359375
2017-11-30,2476.3701171875,771.4199829101562,85.66039276123047,2647.580078125
2017-12-01,2475.409912109375,787.7000122070312,85.9769515991211,2642.219970703125
2017-12-04,2501.669921875,782.4500122070312,85.93638610839844,2639.43994140625
2017-12-05,2510.1201171875,774.1199951171875,86.00125122070312,2629.570068359375
2017-12-06,2474.3701171875,768.3900146484375,86.17984771728516,2629.27001953125
2017-12-07,2461.97998046875,753.4600219726562,86.02564239501953,2636.97998046875
2017-12-08,2464.0,744.0599975585938,85.96073150634766,2651.5
2017-12-11,2471.489990234375,764.0900268554688,85.90389251708984,2659.989990234375
2017-12-12,2461.0,760.4000244140625,85.8308334350586,2664.110107421875
2017-12-13,2480.550048828125,772.219970703125,86.17984771728516,2662.85009765625
2017-12-14,2469.47998046875,770.3499755859375,86.1473388671875,2652.010009765625
2017-12-15,2482.070068359375,771.8200073242188,86.13116455078125,2675.81005859375
2017-12-18,2481.8798828125,770.5,85.93638610839844,2690.159912109375
2017-12-19,2478.530029296875,766.1799926757812,85.54676055908203,2681.469970703125
2017-12-21,2429.830078125,740.3200073242188,85.35530090332031,2684.570068359375
2017-12-22,2440.5400390625,761.2000122070312,85.38783264160156,2683.340087890625
2017-12-26,2427.340087890625,762.2100219726562,85.42033386230469,2680.5
2017-12-27,2436.669921875,791.9500122070312,85.7861328125,2682.6201171875
2017-12-28,2467.489990234375,798.4199829101562,85.68046569824219,2687.5400390625
2018-01-02,2479.64990234375,812.4500122070312,85.53416442871094,2695.81005859375
2018-01-03,2486.35009765625,822.3099975585938,85.62357330322266,2713.06005859375
2018-01-04,2466.4599609375,808.010009765625,85.58293151855469,2723.989990234375
2018-01-05,2497.52001953125,828.030029296875,85.47724151611328,2743.14990234375
2018-01-08,2513.280029296875,839.510009765625,85.4366226196289,2747.7099609375
2018-01-09,2510.22998046875,829.989990234375,85.0301284790039,2751.2900390625
2018-01-10,2499.75,834.9099731445312,85.0057601928711,2748.22998046875
2018-01-11,2487.909912109375,852.510009765625,85.06269073486328,2767.56005859375
2018-01-12,2496.419921875,873.0499877929688,85.0057601928711,2786.239990234375
2018-01-16,2521.739990234375,901.22998046875,85.04641723632812,2776.419921875
2018-01-17,2515.429931640625,886.5800170898438,84.85942840576172,2802.56005859375
2018-01-18,2515.81005859375,898.1900024414062,84.59117889404297,2798.030029296875
2018-01-19,2520.260009765625,879.989990234375,84.3717041015625,2810.300048828125
2018-01-22,2502.110107421875,873.0900268554688,84.33916473388672,2832.969970703125
2018-01-23,2536.60009765625,894.4299926757812,84.5830307006836,2839.1298828125
2018-01-24,2538.0,894.77001953125,84.42047119140625,2837.5400390625
2018-01-25,2562.22998046875,898.5999755859375,84.60746002197266,2839.25
2018-01-26,2574.760009765625,913.1199951171875,84.35546112060547,2872.8701171875
2018-01-29,2598.18994140625,927.0499877929688,84.1440658569336,2853.530029296875
2018-01-30,2567.739990234375,920.9600219726562,83.948974609375,2822.429931640625
2018-01-31,2566.4599609375,913.5700073242188,83.97337341308594,2823.81005859375
2018-02-01,2568.5400390625,908.2000122070312,83.54021453857422,2821.97998046875
2018-02-02,2525.389892578125,899.469970703125,83.23079681396484,2762.1298828125
2018-02-05,2491.75,858.219970703125,83.9147720336914,2648.93994140625
2018-02-06,2453.31005859375,858.1699829101562,83.54835510253906,2695.139892578125
2018-02-07,2396.56005859375,829.9600219726562,83.30408477783203,2681.659912109375
2018-02-08,2407.6201171875,861.9400024414062,83.37738800048828,2581.0
2018-02-09,2363.77001953125,842.5999755859375,83.23079681396484,2619.550048828125
2018-02-12,2385.3798828125,843.239990234375,83.20637512207031,2656.0
2018-02-13,2395.18994140625,829.3900146484375,83.34478759765625,2662.93994140625
2018-02-14,2421.830078125,848.030029296875,82.8399429321289,2698.6298828125
2018-02-20,2415.1201171875,864.4099731445312,82.97026062011719,2716.260009765625
2018-02-21,2429.64990234375,875.5800170898438,82.72594451904297,2701.330078125
2018-02-22,2414.280029296875,870.219970703125,82.8399429321289,2703.9599609375
2018-02-23,2451.52001953125,874.780029296875,83.15753173828125,2747.300048828125
2018-02-26,2457.64990234375,874.4299926757812,83.2552490234375,2779.60009765625
2018-02-27,2456.139892578125,874.010009765625,82.99466705322266,2744.280029296875
2018-02-28,2427.360107421875,857.0599975585938,83.19010925292969,2713.830078125
2018-03-02,2402.159912109375,860.22998046875,83.2381820678711,2691.25
2018-03-05,2375.06005859375,845.0,83.1321792602539,2720.93994140625
2018-03-06,2411.409912109375,859.2100219726562,83.12401580810547,2728.1201171875
2018-03-07,2401.820068359375,841.030029296875,83.12401580810547,2726.800048828125
2018-03-08,2433.080078125,853.9400024414062,83.29525756835938,2738.969970703125
2018-03-09,2459.449951171875,865.7999877929688,83.11589813232422,2786.570068359375
2018-03-12,2484.1201171875,884.27001953125,83.31159973144531,2783.02001953125
2018-03-13,2494.489990234375,886.25,83.45025634765625,2765.31005859375
2018-03-14,2486.080078125,886.9199829101562,83.61331939697266,2749.47998046875
2018-03-15,2492.3798828125,890.4299926757812,83.58071899414062,2747.330078125
2018-03-16,2493.969970703125,894.4299926757812,83.48279571533203,2752.010009765625
2018-03-19,2475.030029296875,880.969970703125,83.40127563476562,2712.919921875
2018-03-20,2485.52001953125,890.4000244140625,83.2381820678711,2716.93994140625
2018-03-21,2484.969970703125,885.5499877929688,83.29525756835938,2711.929931640625
2018-03-22,2496.02001953125,871.6199951171875,83.6378173828125,2643.68994140625
2018-03-23,2416.760009765625,829.6799926757812,83.75196075439453,2588.260009765625
2018-03-26,2437.080078125,853.6900024414062,83.52363586425781,2658.550048828125
2018-03-27,2452.06005859375,858.8400268554688,83.99659729003906,2612.6201171875
2018-03-28,2419.2900390625,850.969970703125,83.98030853271484,2605.0
2018-03-29,2436.3701171875,865.989990234375,84.15156555175781,2640.8701171875
2018-04-02,2444.159912109375,867.7999877929688,84.23733520507812,2581.8798828125
2018-04-03,2442.429931640625,872.3200073242188,83.96775817871094,2614.449951171875
2018-04-04,2408.06005859375,862.510009765625,83.91876220703125,2644.68994140625
2018-04-05,2437.52001953125,868.9299926757812,83.70635223388672,2662.840087890625
2018-04-06,2429.580078125,867.9600219726562,84.07395935058594,2604.469970703125
2018-04-09,2444.080078125,874.4400024414062,84.09032440185547,2613.159912109375
2018-04-10,2450.739990234375,877.2999877929688,83.9432601928711,2656.8701171875
2018-04-11,2444.219970703125,885.3800048828125,84.0249252319336,2642.18994140625
2018-04-12,2442.7099609375,881.4500122070312,83.72270965576172,2663.989990234375
2018-04-13,2455.070068359375,891.8699951171875,83.79623413085938,2656.300048828125
2018-04-16,2457.489990234375,896.8900146484375,83.75533294677734,2677.840087890625
2018-04-17,2453.77001953125,901.219970703125,83.80438232421875,2706.389892578125
2018-04-18,2479.97998046875,893.3200073242188,83.47761535644531,2708.639892578125
2018-04-19,2486.10009765625,882.72998046875,83.24891662597656,2693.1298828125
2018-04-20,2476.330078125,889.1699829101562,82.97113037109375,2670.139892578125
2018-04-23,2474.110107421875,879.02001953125,82.88945770263672,2670.2900390625
2018-04-24,2464.139892578125,873.6099853515625,82.79141235351562,2634.56005859375
2018-04-25,2448.81005859375,869.9299926757812,82.61174774169922,2639.39990234375
2018-04-26,2475.639892578125,879.3900146484375,82.84864044189453,2666.93994140625
2018-04-27,2492.39990234375,886.489990234375,82.98751068115234,2669.909912109375
2018-04-30,2515.3798828125,875.9500122070312,83.07733154296875,2648.050048828125
2018-05-02,2505.610107421875,871.030029296875,82.96359252929688,2635.669921875
2018-05-03,2487.25,866.0700073242188,83.17635345458984,2629.72998046875
2018-05-04,2461.3798828125,856.3400268554688,83.18457794189453,2663.419921875
2018-05-08,2449.81005859375,827.219970703125,83.0044937133789,2671.919921875
2018-05-09,2443.97998046875,850.8499755859375,82.81627655029297,2697.7900390625
2018-05-10,2464.159912109375,854.9299926757812,82.98815155029297,2723.070068359375
2018-05-11,2477.7099609375,865.9299926757812,82.99635314941406,2727.719970703125
2018-05-14,2476.110107421875,858.7000122070312,82.81627655029297,2730.1298828125
2018-05-15,2458.5400390625,862.9400024414062,82.35797119140625,2711.449951171875
2018-05-16,2459.820068359375,850.2899780273438,82.18610382080078,2722.4599609375
2018-05-17,2448.449951171875,855.6199951171875,82.1369857788086,2720.1298828125
2018-05-18,2460.64990234375,869.4500122070312,82.45616912841797,2712.969970703125
2018-05-21,2465.570068359375,872.9600219726562,82.513427734375,2733.010009765625
2018-05-23,2471.909912109375,869.1599731445312,82.85722351074219,2733.2900390625
2018-05-24,2466.010009765625,873.3200073242188,83.06999969482422,2727.760009765625
2018-05-25,2460.800048828125,868.3499755859375,83.3973617553711,2721.330078125
2018-05-29,2457.25,870.0800170898438,84.29757690429688,2689.860107421875
2018-05-30,2409.030029296875,874.219970703125,83.93750762939453,2724.010009765625
2018-05-31,2423.010009765625,879.6599731445312,83.89661407470703,2705.27001953125
2018-06-01,2438.9599609375,883.219970703125,83.58662414550781,2734.6201171875
2018-06-04,2447.760009765625,877.4400024414062,83.29135131835938,2746.8701171875
2018-06-05,2453.760009765625,877.1599731445312,83.50460815429688,2748.800048828125
2018-06-07,2470.580078125,887.9099731445312,83.5210189819336,2770.3701171875
2018-06-08,2451.580078125,878.47998046875,83.40625,2779.030029296875
2018-06-11,2470.14990234375,876.5499877929688,83.32424926757812,2782.0
2018-06-12,2468.830078125,875.0399780273438,83.2750244140625,2786.85009765625
2018-06-14,2423.47998046875,864.5599975585938,83.43901824951172,2782.489990234375
2018-06-15,2404.0400390625,866.219970703125,83.50460815429688,2779.659912109375
2018-06-18,2376.239990234375,840.22998046875,83.545654296875,2773.75
2018-06-19,2340.110107421875,815.3900146484375,83.76702880859375,2762.590087890625
2018-06-20,2363.909912109375,840.1699829101562,83.49642181396484,2767.320068359375
2018-06-21,2337.830078125,826.219970703125,83.71784210205078,2749.760009765625
2018-06-22,2357.219970703125,830.27001953125,83.73419189453125,2754.8798828125
2018-06-25,2357.8798828125,836.0,83.8489990234375,2717.070068359375
2018-06-26,2350.919921875,831.4000244140625,83.8900375366211,2723.06005859375
2018-06-27,2342.030029296875,826.6900024414062,84.20986938476562,2699.6298828125
2018-06-28,2314.239990234375,810.2000122070312,84.12784576416016,2716.31005859375
2018-06-29,2326.1298828125,818.219970703125,84.06224822998047,2718.3701171875
2018-07-02,2271.5400390625,789.8200073242188,84.00469970703125,2726.7099609375
2018-07-03,2272.760009765625,795.7100219726562,84.21834564208984,2713.219970703125
2018-07-05,2257.550048828125,794.0499877929688,84.22657012939453,2736.610107421875
2018-07-06,2272.8701171875,808.8900146484375,84.30052185058594,2759.820068359375
2018-07-09,2285.800048828125,808.280029296875,84.08689880371094,2784.169921875
2018-07-10,2294.159912109375,813.1900024414062,84.02116394042969,2793.840087890625
2018-07-11,2280.6201171875,804.780029296875,84.19368743896484,2774.02001953125
2018-07-12,2285.06005859375,819.2899780273438,84.1608657836914,2798.2900390625
2018-07-13,2310.89990234375,827.8900146484375,84.30052185058594,2801.31005859375
2018-07-16,2301.989990234375,825.7100219726562,84.1608657836914,2798.429931640625
2018-07-17,2297.919921875,819.719970703125,84.11153411865234,2809.550048828125
2018-07-18,2290.110107421875,810.4400024414062,84.04581451416016,2815.6201171875
2018-07-19,2282.2900390625,796.489990234375,84.27587127685547,2804.489990234375
2018-07-20,2289.18994140625,791.6099853515625,83.98007202148438,2801.830078125
2018-07-23,2269.31005859375,756.9600219726562,83.5693359375,2806.97998046875
2018-07-24,2280.199951171875,761.5700073242188,83.6268081665039,2820.39990234375
2018-07-25,2273.030029296875,748.8900146484375,83.5693359375,2846.070068359375
2018-07-26,2289.06005859375,765.1500244140625,83.47897338867188,2837.43994140625
2018-07-27,2294.989990234375,773.97998046875,83.6103515625,2818.820068359375
2018-07-30,2293.510009765625,769.7999877929688,83.50357818603516,2802.60009765625
2018-07-31,2295.260009765625,775.52001953125,83.61858367919922,2816.2900390625
2018-08-01,2307.070068359375,790.25,83.42103576660156,2813.360107421875
2018-08-02,2270.199951171875,781.3800048828125,83.51982879638672,2827.219970703125
2018-08-03,2287.679931640625,788.8099975585938,83.73384094238281,2840.35009765625
2018-08-06,2286.5,781.4099731445312,83.77501678466797,2850.39990234375
2018-08-07,2300.159912109375,784.7000122070312,83.60212707519531,2858.449951171875
2018-08-08,2301.449951171875,783.8099975585938,83.67617797851562,2857.699951171875
2018-08-09,2303.7099609375,789.47998046875,83.90672302246094,2853.580078125
2018-08-10,2282.7900390625,784.8099975585938,84.2689208984375,2833.280029296875
2018-08-13,2248.449951171875,755.6500244140625,84.2442398071289,2821.929931640625
2018-08-14,2258.909912109375,761.9400024414062,84.16193389892578,2839.9599609375
2018-08-16,2240.800048828125,761.1799926757812,84.3429946899414,2840.68994140625
2018-08-17,2247.050048828125,772.2999877929688,84.37592315673828,2850.1298828125
2018-08-20,2247.8798828125,769.780029296875,84.63935089111328,2857.050048828125
2018-08-21,2270.06005859375,787.1500244140625,84.52409362792969,2862.9599609375
2018-08-22,2273.330078125,785.9500122070312,84.68053436279297,2861.820068359375
2018-08-23,2282.60009765625,791.280029296875,84.67224884033203,2856.97998046875
2018-08-24,2293.2099609375,798.22998046875,84.69699096679688,2874.68994140625
2018-08-27,2299.300048828125,801.0399780273438,84.50759887695312,2896.739990234375
2018-08-28,2303.1201171875,798.1699829101562,84.31829833984375,2897.52001953125
2018-08-29,2309.030029296875,803.1799926757812,84.29358673095703,2914.0400390625
2018-08-30,2307.35009765625,804.469970703125,84.45001983642578,2901.1298828125
2018-08-31,2322.8798828125,816.969970703125,84.46646881103516,2901.52001953125
2018-09-04,2315.719970703125,827.27001953125,84.27345275878906,2896.719970703125
2018-09-05,2291.77001953125,820.0,84.26522827148438,2888.60009765625
2018-09-06,2287.610107421875,815.1799926757812,84.43842315673828,2878.050048828125
2018-09-07,2281.580078125,818.8599853515625,84.05900573730469,2871.679931640625
2018-09-10,2288.659912109375,816.1599731445312,84.10848999023438,2877.1298828125
2018-09-11,2283.199951171875,820.22998046875,83.8033218383789,2887.889892578125
2018-09-12,2282.919921875,826.3300170898438,83.90229797363281,2888.919921875
2018-09-13,2286.22998046875,830.9500122070312,83.89405822753906,2904.179931640625
2018-09-14,2318.25,834.9099731445312,83.73735809326172,2904.97998046875
2018-09-17,2303.010009765625,828.8800048828125,83.75382232666016,2888.800048828125
2018-09-18,2308.97998046875,831.8499755859375,83.40736389160156,2904.31005859375
2018-09-19,2308.4599609375,826.9099731445312,83.26715087890625,2907.949951171875
2018-09-20,2323.449951171875,821.1300048828125,83.27538299560547,2930.75
2018-09-21,2339.169921875,827.8400268554688,83.30841827392578,2929.669921875
2018-09-27,2355.429931640625,833.010009765625,83.40736389160156,2914.0
2018-09-28,2343.070068359375,822.27001953125,83.4486083984375,2913.97998046875
2018-10-01,2338.8798828125,816.530029296875,83.23705291748047,2924.590087890625
2018-10-02,2309.570068359375,794.989990234375,83.45191192626953,2923.429931640625
2018-10-04,2274.489990234375,789.0,82.61714935302734,2901.610107421875
2018-10-05,2267.52001953125,773.7000122070312,82.4188003540039,2885.570068359375
2018-10-08,2253.830078125,767.1500244140625,82.45185852050781,2884.429931640625
2018-10-10,2228.610107421875,747.5,82.6502456665039,2785.679931640625
2018-10-11,2129.669921875,707.3800048828125,82.98908233642578,2728.3701171875
2018-10-12,2161.85009765625,731.5,82.889892578125,2767.1298828125
2018-10-15,2145.1201171875,718.8699951171875,82.93952178955078,2750.7900390625
2018-10-16,2145.1201171875,731.5,82.93122100830078,2809.919921875
2018-10-17,2167.510009765625,739.1500244140625,82.6915283203125,2809.2099609375
2018-10-18,2148.31005859375,731.3400268554688,82.84033203125,2768.780029296875
2018-10-19,2156.260009765625,740.47998046875,82.74114990234375,2767.780029296875
2018-10-22,2161.7099609375,744.1500244140625,82.7576675415039,2755.8798828125
2018-10-23,2106.10009765625,719.0,82.97257232666016,2740.68994140625
2018-10-24,2097.580078125,699.2999877929688,83.41890716552734,2656.10009765625
2018-10-25,2063.300048828125,686.8400268554688,83.22054290771484,2705.570068359375
2018-10-26,2027.1500244140625,663.0700073242188,83.59245300292969,2658.68994140625
2018-10-29,1996.050048828125,629.7000122070312,83.58418273925781,2641.25
2018-10-30,2014.68994140625,644.1400146484375,83.40235137939453,2682.6298828125
2018-10-31,2029.68994140625,648.6699829101562,83.19569396972656,2711.739990234375
2018-11-01,2024.4599609375,657.4600219726562,83.2669448852539,2740.3701171875
2018-11-02,2096.0,690.6500244140625,82.8031234741211,2723.06005859375
2018-11-05,2076.919921875,691.9400024414062,82.85277557373047,2738.31005859375
2018-11-06,2089.6201171875,691.5499877929688,82.7616958618164,2755.449951171875
2018-11-07,2078.68994140625,682.3699951171875,82.7616958618164,2813.889892578125
2018-11-08,2092.6298828125,693.6699829101562,82.6457290649414,2806.830078125
2018-11-09,2086.090087890625,687.2899780273438,82.96875762939453,2781.010009765625
2018-11-12,2080.43994140625,670.8200073242188,83.21728515625,2726.219970703125
2018-11-13,2071.22998046875,670.8499755859375,83.28351593017578,2722.179931640625
2018-11-14,2068.050048828125,671.5599975585938,83.45744323730469,2701.580078125
2018-11-15,2088.06005859375,681.3800048828125,83.51545715332031,2730.199951171875
2018-11-16,2092.39990234375,690.1799926757812,83.772216796875,2736.27001953125
2018-11-19,2100.56005859375,702.1300048828125,83.89643096923828,2690.72998046875
2018-11-20,2082.580078125,690.8099975585938,83.8798599243164,2641.889892578125
2018-11-21,2076.550048828125,695.719970703125,83.86329650878906,2649.929931640625
2018-11-23,2057.47998046875,683.0599975585938,83.91300201416016,2632.56005859375
2018-11-26,2083.02001953125,695.3599853515625,83.84674072265625,2673.449951171875
2018-11-27,2099.419921875,700.6699829101562,83.9295883178711,2682.169921875
2018-11-28,2108.219970703125,700.1199951171875,83.9212875366211,2743.7900390625
2018-11-29,2114.10009765625,695.47998046875,84.13662719726562,2737.800048828125
2018-11-30,2096.860107421875,695.760009765625,84.30229949951172,2760.169921875
2018-12-03,2131.929931640625,709.4600219726562,84.48655700683594,2790.3701171875
2018-12-04,2114.35009765625,708.6300048828125,84.87667846679688,2700.06005859375
2018-12-06,2068.68994140625,678.3800048828125,85.09246826171875,2695.949951171875
2018-12-07,2075.760009765625,685.3300170898438,85.34149169921875,2633.080078125
2018-12-10,2053.7900390625,670.3900146484375,85.39126586914062,2637.719970703125
2018-12-11,2052.969970703125,661.010009765625,85.17548370361328,2636.780029296875
2018-12-12,2082.570068359375,676.47998046875,84.94305419921875,2651.070068359375
2018-12-13,2095.550048828125,681.780029296875,84.99283599853516,2650.5400390625
2018-12-14,2069.3798828125,666.3400268554688,85.12566375732422,2599.949951171875
2018-12-17,2071.090087890625,661.9000244140625,85.3746566772461,2545.93994140625
2018-12-18,2062.110107421875,659.6699829101562,85.5851058959961,2546.159912109375
2018-12-19,2078.840087890625,672.0800170898438,85.88455963134766,2506.9599609375
2018-12-20,2060.1201171875,668.1300048828125,85.77642059326172,2467.419921875
2018-12-21,2061.489990234375,673.6400146484375,85.85125732421875,2416.6201171875
2018-12-24,2055.010009765625,669.7899780273438,86.0675277709961,2351.10009765625
2018-12-26,2028.010009765625,665.739990234375,85.65996551513672,2467.699951171875
2018-12-27,2028.43994140625,667.8800048828125,85.8761978149414,2488.830078125
2018-12-28,2041.0400390625,675.6500244140625,86.34197235107422,2485.739990234375
2019-01-02,2010.0,669.3699951171875,86.84931945800781,2510.030029296875
2019-01-03,1993.699951171875,657.02001953125,87.53965759277344,2447.889892578125
2019-01-04,2010.25,664.489990234375,86.83267211914062,2531.93994140625
2019-01-07,2037.0999755859375,672.8400268554688,86.59149169921875,2549.68994140625
2019-01-08,2025.27001953125,668.489990234375,86.37528228759766,2574.409912109375
2019-01-09,2064.7099609375,679.739990234375,86.4251480102539,2584.9599609375
2019-01-10,2063.280029296875,683.3400268554688,86.38359832763672,2596.639892578125
2019-01-11,2075.570068359375,686.3300170898438,86.64141082763672,2596.260009765625
2019-01-14,2064.52001953125,683.0900268554688,86.59149169921875,2582.610107421875
2019-01-15,2097.179931640625,690.3900146484375,86.50831604003906,2610.300048828125
2019-01-16,2106.10009765625,693.3800048828125,86.45840454101562,2616.10009765625
2019-01-17,2107.06005859375,686.3499755859375,86.30039978027344,2635.9599609375
2019-01-18,2124.280029296875,696.3400268554688,86.02591705322266,2670.7099609375
2019-01-22,2117.77001953125,694.5499877929688,86.32534790039062,2632.89990234375
2019-01-23,2127.780029296875,695.6300048828125,86.28375244140625,2638.699951171875
2019-01-24,2145.030029296875,704.4099731445312,86.55821990966797,2642.330078125
2019-01-25,2177.72998046875,711.3800048828125,86.35861206054688,2664.760009765625
2019-01-28,2177.300048828125,714.260009765625,86.38359832763672,2643.85009765625
2019-01-29,2183.360107421875,710.989990234375,86.6330795288086,2640.0
2019-01-30,2206.199951171875,715.2999877929688,86.83267211914062,2681.050048828125
2019-01-31,2204.85009765625,716.8599853515625,87.23191833496094,2704.10009765625
2019-02-01,2203.4599609375,716.9199829101562,86.76519775390625,2706.530029296875
2019-02-07,2203.419921875,728.7899780273438,87.07356262207031,2706.050048828125
2019-02-08,2177.050048828125,728.739990234375,87.19025421142578,2707.8798828125
2019-02-11,2180.72998046875,733.469970703125,87.05690002441406,2709.800048828125
2019-02-12,2190.469970703125,730.5800170898438,86.94021606445312,2744.72998046875
2019-02-13,2201.47998046875,739.9099731445312,86.7235107421875,2753.030029296875
2019-02-14,2225.85009765625,742.27001953125,87.13192749023438,2745.72998046875
2019-02-15,2196.090087890625,738.6599731445312,87.04857635498047,2775.60009765625
2019-02-19,2205.6298828125,748.0499877929688,87.1985855102539,2779.760009765625
2019-02-20,2229.760009765625,750.6900024414062,87.1819076538086,2784.699951171875
2019-02-21,2228.659912109375,747.3300170898438,86.92352294921875,2774.8798828125
2019-02-22,2230.5,743.3800048828125,87.1819076538086,2792.669921875
2019-02-25,2232.56005859375,750.4000244140625,87.04857635498047,2796.110107421875
2019-02-26,2226.60009765625,747.0900268554688,87.30696105957031,2793.89990234375
2019-02-27,2234.7900390625,752.1599731445312,86.9985580444336,2792.3798828125
2019-02-28,2195.43994140625,731.25,86.77349090576172,2784.489990234375
2019-03-04,2190.659912109375,748.0700073242188,86.7559814453125,2792.81005859375
2019-03-05,2179.22998046875,747.9500122070312,86.80606842041016,2789.64990234375
2019-03-06,2175.60009765625,746.7000122070312,87.04824829101562,2771.449951171875
2019-03-07,2165.7900390625,736.8300170898438,87.34052276611328,2748.929931640625
2019-03-08,2137.43994140625,735.969970703125,87.4658203125,2743.070068359375
2019-03-11,2138.10009765625,739.0900268554688,87.39898681640625,2783.300048828125
2019-03-12,2157.179931640625,754.760009765625,87.6411361694336,2791.52001953125
2019-03-13,2148.409912109375,754.8900146484375,87.60773468017578,2810.919921875
2019-03-14,2155.679931640625,755.4199829101562,87.48249816894531,2808.47998046875
2019-03-15,2176.110107421875,748.3599853515625,87.75807189941406,2822.47998046875
2019-03-18,2179.489990234375,753.1300048828125,87.6411361694336,2832.93994140625
2019-03-19,2177.6201171875,748.9099731445312,87.58271789550781,2832.570068359375
2019-03-20,2177.10009765625,749.760009765625,88.19226837158203,2824.22998046875
2019-03-21,2184.8798828125,743.52001953125,88.15057373046875,2854.8798828125
2019-03-22,2186.949951171875,743.969970703125,88.80191040039062,2800.7099609375
2019-03-25,2144.860107421875,727.2100219726562,89.02737426757812,2798.360107421875
2019-03-26,2148.800048828125,736.8099975585938,88.95222473144531,2818.4599609375
2019-03-27,2145.6201171875,728.4500122070312,89.21111297607422,2805.3701171875
2019-03-28,2128.10009765625,719.719970703125,89.21943664550781,2815.43994140625
2019-03-29,2140.669921875,729.3099975585938,89.07748413085938,2834.39990234375
2019-04-01,2168.280029296875,736.8099975585938,88.46495819091797,2867.18994140625
2019-04-02,2177.179931640625,739.5700073242188,88.61556243896484,2867.239990234375
2019-04-03,2203.27001953125,749.2999877929688,88.3394775390625,2873.39990234375
2019-04-04,2206.530029296875,751.5800170898438,88.43148040771484,2879.389892578125
2019-04-05,2209.610107421875,751.7100219726562,88.47333526611328,2892.739990234375
2019-04-08,2210.60009765625,751.9199829101562,88.33108520507812,2895.77001953125
2019-04-09,2213.56005859375,756.8099975585938,88.49003601074219,2878.199951171875
2019-04-10,2224.389892578125,760.1500244140625,88.6992416381836,2888.2099609375
2019-04-11,2224.43994140625,766.489990234375,88.49842834472656,2888.320068359375
2019-04-12,2233.449951171875,767.8499755859375,88.08841705322266,2907.409912109375
2019-04-15,2242.8798828125,766.75,88.20556640625,2905.580078125
2019-04-16,2248.6298828125,765.02001953125,87.904296875,2907.06005859375
2019-04-17,2245.889892578125,766.8900146484375,87.92103576660156,2900.449951171875
2019-04-18,2213.77001953125,753.52001953125,88.1302261352539,2905.030029296875
2019-04-22,2216.64990234375,762.010009765625,88.00470733642578,2907.969970703125
2019-04-23,2220.510009765625,761.4199829101562,88.16370391845703,2933.679931640625
2019-04-24,2201.030029296875,757.8200073242188,88.49842834472656,2927.25
2019-04-25,2190.5,750.4299926757812,88.38966369628906,2926.169921875
2019-04-26,2179.31005859375,741.0,88.62397003173828,2939.8798828125
2019-04-29,2216.429931640625,750.5999755859375,88.43984985351562,2943.030029296875
2019-04-30,2203.590087890625,754.739990234375,88.61556243896484,2945.830078125
2019-05-02,2212.75,760.3800048828125,88.32376861572266,2917.52001953125
2019-05-03,2196.320068359375,761.8200073242188,88.44119262695312,2945.639892578125
2019-05-07,2176.989990234375,753.4500122070312,88.96943664550781,2884.050048828125
2019-05-08,2168.010009765625,745.3699951171875,88.80169677734375,2879.419921875
2019-05-09,2102.010009765625,724.219970703125,89.03650665283203,2870.719970703125
2019-05-10,2108.0400390625,722.6199951171875,88.97777557373047,2881.39990234375
2019-05-13,2079.010009765625,708.7999877929688,89.42216491699219,2811.8701171875
2019-05-14,2081.840087890625,710.1599731445312,89.33831787109375,2834.409912109375
2019-05-15,2092.780029296875,729.5999755859375,89.62340545654297,2850.9599609375
2019-05-16,2067.68994140625,717.5900268554688,89.44731903076172,2876.320068359375
2019-05-17,2055.800048828125,714.1300048828125,89.48925018310547,2859.530029296875
2019-05-20,2055.7099609375,702.0800170898438,89.33831787109375,2840.22998046875
2019-05-21,2061.25,703.97998046875,89.23773956298828,2864.360107421875
2019-05-22,2064.860107421875,706.9299926757812,89.5060043334961,2856.27001953125
2019-05-23,2059.590087890625,696.8900146484375,90.05103302001953,2822.239990234375
2019-05-24,2045.31005859375,690.030029296875,90.02588653564453,2826.06005859375
2019-05-28,2048.830078125,702.760009765625,90.41993713378906,2802.389892578125
2019-05-29,2023.3199462890625,691.469970703125,90.38643646240234,2783.02001953125
2019-05-30,2038.800048828125,689.3300170898438,90.71339416503906,2788.860107421875
2019-05-31,2041.739990234375,696.469970703125,91.31706237792969,2752.06005859375
2019-06-03,2067.85009765625,697.5,91.7564697265625,2744.449951171875
2019-06-04,2066.969970703125,702.530029296875,91.42046356201172,2803.27001953125
2019-06-05,2069.110107421875,707.75,91.42046356201172,2826.14990234375
2019-06-07,2072.330078125,716.530029296875,91.76490020751953,2873.340087890625
2019-06-10,2099.489990234375,721.1400146484375,91.31126403808594,2886.72998046875
2019-06-11,2111.81005859375,728.7899780273438,91.31126403808594,2885.719970703125
2019-06-12,2108.75,724.3200073242188,91.54647827148438,2879.840087890625
2019-06-13,2103.14990234375,726.6799926757812,91.77327728271484,2891.639892578125
2019-06-14,2095.409912109375,722.25,91.84051513671875,2886.97998046875
2019-06-17,2090.72998046875,719.1300048828125,91.82366943359375,2889.669921875
2019-06-18,2098.7099609375,714.8599853515625,92.00011444091797,2917.75
2019-06-19,2124.780029296875,717.7100219726562,92.25212860107422,2926.4599609375
2019-06-20,2131.2900390625,727.3200073242188,92.40338897705078,2954.179931640625
2019-06-21,2125.6201171875,722.6400146484375,92.02530670166016,2950.4599609375
2019-06-24,2126.330078125,717.6900024414062,92.34455871582031,2945.35009765625
2019-06-25,2121.639892578125,710.02001953125,92.48739624023438,2917.3798828125
2019-06-26,2121.85009765625,709.3699951171875,92.10933685302734,2913.780029296875
2019-06-27,2134.320068359375,698.2100219726562,92.38656616210938,2924.919921875
2019-06-28,2130.6201171875,690.530029296875,92.42853546142578,2941.760009765625
2019-07-01,2129.739990234375,696.0,92.31246948242188,2964.330078125
2019-07-02,2122.02001953125,696.25,92.64068603515625,2973.010009765625
2019-07-03,2096.02001953125,693.0399780273438,92.81742858886719,2995.820068359375
2019-07-05,2110.590087890625,694.1699829101562,92.2282943725586,2990.409912109375
2019-07-08,2064.169921875,668.719970703125,92.1357192993164,2975.949951171875
2019-07-09,2052.030029296875,657.7999877929688,92.07682800292969,2979.6298828125
2019-07-10,2058.780029296875,666.9000244140625,92.12730407714844,2993.070068359375
2019-07-11,2080.580078125,677.0900268554688,91.67284393310547,2999.909912109375
2019-07-12,2086.659912109375,681.1699829101562,91.77383422851562,3013.77001953125
2019-07-15,2082.47998046875,674.7899780273438,91.96736907958984,3014.300048828125
2019-07-16,2091.8701171875,674.4199829101562,91.76541900634766,3004.0400390625
2019-07-17,2072.919921875,666.280029296875,92.19461822509766,2984.419921875
2019-07-18,2066.550048828125,665.1500244140625,92.42184448242188,2995.110107421875
2019-07-19,2094.360107421875,674.0599975585938,92.25350952148438,2976.610107421875
2019-07-22,2093.340087890625,674.780029296875,92.29558563232422,2985.030029296875
2019-07-23,2101.449951171875,668.6500244140625,92.14410400390625,3005.469970703125
2019-07-24,2082.300048828125,659.8300170898438,92.27877044677734,3019.56005859375
2019-07-25,2074.47998046875,652.4000244140625,92.11890411376953,3003.669921875
2019-07-26,2066.260009765625,644.5900268554688,92.10204315185547,3025.860107421875
2019-07-29,2029.47998046875,618.780029296875,92.18619537353516,3020.969970703125
2019-07-30,2038.6800537109375,625.6400146484375,92.2282943725586,3013.179931640625
2019-07-31,2024.550048828125,630.1799926757812,92.46394348144531,2980.3798828125
2019-08-01,2017.3399658203125,622.260009765625,93.5126724243164,2953.56005859375
2019-08-02,1998.1300048828125,615.7000122070312,93.70658874511719,2932.050048828125
2019-08-05,1946.97998046875,569.7899780273438,94.51590728759766,2844.739990234375
2019-08-06,1917.5,551.5,94.66768646240234,2881.77001953125
2019-08-07,1909.7099609375,564.6400146484375,94.66768646240234,2883.97998046875
2019-08-08,1920.6099853515625,585.4400024414062,94.6761245727539,2938.090087890625
2019-08-09,1937.75,590.0399780273438,94.53282165527344,2918.64990234375
2019-08-12,1942.2900390625,594.1699829101562,95.13139343261719,2882.699951171875
2019-08-13,1925.8299560546875,590.75,94.79417419433594,2926.320068359375
2019-08-14,1938.3699951171875,597.1500244140625,95.42642211914062,2840.60009765625
2019-08-16,1927.1700439453125,591.5700073242188,95.78052520751953,2888.679931640625
2019-08-19,1939.9000244140625,594.6500244140625,95.32525634765625,2923.64990234375
2019-08-20,1960.25,607.010009765625,95.74679565429688,2900.510009765625
2019-08-21,1964.6500244140625,615.9600219726562,95.493896484375,2924.429931640625
2019-08-22,1951.010009765625,612.25,95.28314971923828,2922.949951171875
2019-08-23,1948.300048828125,608.97998046875,95.92386627197266,2847.110107421875
2019-08-26,1916.31005859375,582.9099731445312,95.83110809326172,2878.3798828125
2019-08-27,1924.5999755859375,588.3200073242188,96.24424743652344,2869.159912109375
2019-08-28,1941.0899658203125,602.9000244140625,96.27793884277344,2887.93994140625
2019-08-29,1933.4100341796875,599.5700073242188,96.09247589111328,2924.580078125
2019-08-30,1967.7900390625,610.5499877929688,96.11775970458984,2926.4599609375
2019-09-03,1965.68994140625,620.02001953125,96.32891082763672,2906.27001953125
2019-09-04,1988.530029296875,629.3099975585938,96.48090362548828,2937.780029296875
2019-09-05,2004.75,632.989990234375,95.7039794921875,2976.0
2019-09-06,2009.1300048828125,631.1500244140625,95.76306915283203,2978.7099609375
2019-09-09,2019.550048828125,625.77001953125,95.17194366455078,2978.429931640625
2019-09-10,2032.0799560546875,623.25,94.47953796386719,2979.389892578125
2019-09-11,2049.199951171875,630.3699951171875,94.38653564453125,3000.929931640625
2019-09-16,2062.219970703125,638.5900268554688,93.719482421875,2997.9599609375
2019-09-17,2062.330078125,644.280029296875,93.96435546875,3005.699951171875
2019-09-18,2070.72998046875,645.1199951171875,93.99810028076172,3006.72998046875
2019-09-19,2080.35009765625,645.7100219726562,94.04035186767578,3006.7900390625
2019-09-20,2091.52001953125,649.0700073242188,94.580810546875,2992.070068359375
2019-09-23,2091.699951171875,645.010009765625,94.7159652709961,2991.780029296875
2019-09-24,2101.0400390625,641.8499755859375,95.18882751464844,2966.60009765625
2019-09-25,2073.389892578125,626.760009765625,94.56393432617188,2984.8701171875
2019-09-26,2074.52001953125,628.4199829101562,94.7666244506836,2977.6201171875
2019-09-27,2049.929931640625,626.9299926757812,94.90176391601562,2961.7900390625
2019-09-30,2063.050048828125,621.760009765625,94.97772216796875,2976.739990234375
2019-10-01,2072.419921875,632.0999755859375,95.24077606201172,2940.25
2019-10-02,2031.9100341796875,624.510009765625,95.57059478759766,2887.610107421875
2019-10-04,2020.68994140625,621.8400268554688,96.2556381225586,2952.010009765625
2019-10-07,2021.72998046875,627.2100219726562,95.93429565429688,2938.7900390625
2019-10-08,2046.25,635.4099731445312,96.13723754882812,2893.06005859375
2019-10-10,2028.1500244140625,634.72998046875,95.29149627685547,2938.1298828125
2019-10-11,2044.6099853515625,632.9500122070312,94.64026641845703,2970.27001953125
2019-10-14,2067.39990234375,641.4600219726562,94.90245819091797,2966.14990234375
2019-10-15,2068.169921875,646.7999877929688,94.44571685791016,2995.679931640625
2019-10-16,2082.830078125,651.9600219726562,94.63182830810547,2989.68994140625
2019-10-17,2077.93994140625,649.2899780273438,94.59799194335938,2997.949951171875
2019-10-18,2060.68994140625,646.6900024414062,94.68257141113281,2986.199951171875
2019-10-21,2064.840087890625,649.1799926757812,94.33575439453125,3006.719970703125
2019-10-22,2088.860107421875,655.9099731445312,94.55569458007812,2995.989990234375
2019-10-23,2080.6201171875,658.97998046875,94.58953094482422,3004.52001953125
2019-10-24,2085.659912109375,658.75,94.57261657714844,3010.2900390625
2019-10-25,2087.889892578125,652.3699951171875,94.36962890625,3022.550048828125
2019-10-28,2093.60009765625,652.4199829101562,94.01441192626953,3039.419921875
2019-10-29,2092.68994140625,658.2999877929688,94.09895324707031,3036.889892578125
2019-10-30,2080.27001953125,655.0399780273438,94.55569458007812,3046.77001953125
2019-10-31,2083.47998046875,658.52001953125,95.15617370605469,3037.56005859375
2019-11-01,2100.199951171875,662.3400268554688,94.97661590576172,3066.909912109375
2019-11-04,2130.239990234375,668.4500122070312,94.49385070800781,3078.27001953125
2019-11-05,2142.639892578125,672.1799926757812,93.98561096191406,3074.6201171875
2019-11-06,2144.14990234375,669.6799926757812,94.25664520263672,3076.780029296875
2019-11-07,2144.2900390625,666.1500244140625,93.50277709960938,3085.179931640625
2019-11-08,2137.22998046875,664.5999755859375,93.37574768066406,3093.080078125
2019-11-11,2124.090087890625,661.3699951171875,93.47737121582031,3087.010009765625
2019-11-12,2140.919921875,665.1400146484375,93.51972961425781,3091.840087890625
2019-11-13,2122.449951171875,661.8499755859375,93.77385711669922,3094.0400390625
2019-11-14,2139.22998046875,663.3099975585938,94.24818420410156,3096.6298828125
2019-11-15,2162.179931640625,668.510009765625,94.17191314697266,3120.4599609375
2019-11-18,2160.68994140625,669.3400268554688,94.3328628540039,3122.030029296875
2019-11-19,2153.239990234375,662.530029296875,94.51073455810547,3120.179931640625
2019-11-20,2125.320068359375,649.8699951171875,94.85801696777344,3108.4599609375
2019-11-21,2096.60009765625,635.989990234375,94.62085723876953,3103.5400390625
2019-11-22,2101.9599609375,633.9199829101562,94.60391998291016,3110.2900390625
2019-11-25,2123.5,647.4000244140625,94.64630889892578,3133.639892578125
2019-11-26,2121.35009765625,651.5900268554688,94.82414245605469,3140.52001953125
2019-11-27,2127.85009765625,647.3900146484375,94.57850646972656,3153.6298828125
2019-11-29,2087.9599609375,632.989990234375,94.50226593017578,3140.97998046875
2019-12-02,2091.919921875,634.5,94.16297912597656,3113.8701171875
2019-12-03,2084.070068359375,629.5800170898438,95.00277709960938,3093.199951171875
2019-12-04,2068.889892578125,625.27001953125,94.63800811767578,3112.760009765625
2019-12-05,2060.739990234375,617.5999755859375,94.41743469238281,3117.429931640625
2019-12-06,2081.85009765625,628.0999755859375,94.12905883789062,3145.909912109375
2019-12-09,2088.64990234375,627.8599853515625,94.20539093017578,3135.9599609375
2019-12-10,2098.0,627.1099853515625,94.09514617919922,3132.52001953125
2019-12-11,2105.6201171875,629.1300048828125,94.48529815673828,3141.6298828125
2019-12-12,2137.35009765625,636.9400024414062,93.73887634277344,3168.570068359375
2019-12-13,2170.25,643.4500122070312,94.29019927978516,3168.800048828125
2019-12-16,2168.14990234375,644.4400024414062,93.8491439819336,3191.449951171875
2019-12-17,2195.679931640625,650.5800170898438,93.85765838623047,3192.52001953125
2019-12-18,2194.760009765625,648.9500122070312,93.60316467285156,3191.139892578125
2019-12-19,2196.56005859375,647.8499755859375,93.67620086669922,3205.3701171875
2019-12-20,2204.179931640625,649.72998046875,93.67620086669922,3221.219970703125
2019-12-23,2203.7099609375,647.6199951171875,93.59124755859375,3224.010009765625
2019-12-24,2190.080078125,638.9099731445312,93.75263977050781,3223.3798828125
2019-12-26,2197.929931640625,652.0700073242188,93.88854217529297,3239.909912109375
2019-12-27,2204.2099609375,661.239990234375,94.02445983886719,3240.02001953125
2019-12-30,2197.669921875,669.8300170898438,93.96500396728516,3221.2900390625
2020-01-02,2175.169921875,674.02001953125,94.05844116210938,3257.85009765625
2020-01-03,2176.4599609375,669.9299926757812,94.6870346069336,3234.85009765625
2020-01-06,2155.070068359375,655.3099975585938,94.58511352539062,3246.280029296875
2020-01-07,2175.5400390625,663.4400024414062,94.44920349121094,3237.179931640625
2020-01-08,2151.31005859375,640.9400024414062,94.22834777832031,3253.050048828125
2020-01-09,2186.449951171875,666.0900268554688,94.29631042480469,3274.699951171875
2020-01-10,2206.389892578125,673.030029296875,94.50017547607422,3265.35009765625
2020-01-13,2229.260009765625,679.219970703125,94.38973236083984,3288.1298828125
2020-01-14,2238.8798828125,678.7100219726562,94.57661437988281,3283.14990234375
2020-01-15,2230.97998046875,679.1599731445312,94.8144302368164,3289.2900390625
2020-01-16,2248.050048828125,686.52001953125,94.61907196044922,3316.81005859375
2020-01-17,2250.570068359375,688.4099731445312,94.54264068603516,3329.6201171875
2020-01-21,2239.68994140625,676.52001953125,94.91636657714844,3320.7900390625
2020-01-22,2267.25,688.25,94.93338012695312,3321.75
2020-01-23,2246.1298828125,685.5700073242188,95.17121887207031,3325.5400390625
2020-01-28,2176.719970703125,664.7000122070312,95.83377838134766,3276.239990234375
2020-01-29,2185.280029296875,670.1799926757812,96.29248809814453,3273.39990234375
2020-01-30,2148.0,656.3900146484375,96.38592529296875,3283.659912109375
2020-01-31,2119.010009765625,642.47998046875,96.87012481689453,3225.52001953125
2020-02-03,2118.8798828125,646.8499755859375,96.78759765625,3248.919921875
2020-02-04,2157.89990234375,661.239990234375,96.2261734008789,3297.590087890625
2020-02-05,2165.6298828125,661.3200073242188,95.80943298339844,3334.68994140625
2020-02-06,2227.93994140625,672.6900024414062,95.87748718261719,3345.780029296875
2020-02-07,2211.949951171875,672.6300048828125,96.33679962158203,3327.7099609375
2020-02-10,2201.070068359375,676.0700073242188,96.52388000488281,3352.090087890625
2020-02-11,2223.1201171875,682.3400268554688,96.29427337646484,3357.75
2020-02-12,2238.3798828125,686.5900268554688,96.04756164550781,3379.449951171875
2020-02-13,2232.9599609375,687.6099853515625,96.13262939453125,3373.93994140625
2020-02-14,2243.590087890625,688.9099731445312,96.37080383300781,3380.159912109375
2020-02-18,2208.8798828125,682.9199829101562,96.52388000488281,3370.2900390625
2020-02-19,2210.340087890625,684.780029296875,96.50691223144531,3386.14990234375
2020-02-20,2195.5,681.6599731445312,96.78759765625,3373.22998046875
2020-02-21,2162.840087890625,667.989990234375,97.17884063720703,3337.75
2020-02-24,2079.0400390625,639.2899780273438,97.9359130859375,3225.889892578125
2020-02-25,2103.610107421875,656.9500122070312,98.20803833007812,3128.2099609375
2020-02-26,2076.77001953125,654.6300048828125,98.15701293945312,3116.389892578125
2020-02-27,2054.889892578125,638.1699829101562,98.63336181640625,2978.760009765625
2020-02-28,1987.010009765625,610.72998046875,99.73910522460938,2954.219970703125
2020-03-02,2002.510009765625,627.6599731445312,99.67101287841797,3090.22998046875
2020-03-03,2014.1500244140625,626.8200073242188,100.82917785644531,3003.3701171875
2020-03-04,2059.330078125,641.72998046875,100.60771942138672,3130.1201171875
2020-03-05,2085.260009765625,650.1900024414062,101.50189971923828,3023.93994140625
2020-03-06,2040.219970703125,642.719970703125,102.53236389160156,2972.3701171875
2020-03-09,1954.77001953125,614.5999755859375,103.45205688476562,2746.56005859375
2020-03-10,1962.9300537109375,619.969970703125,101.55298614501953,2882.22998046875
2020-03-11,1908.27001953125,595.6099853515625,100.53961181640625,2741.3798828125
2020-03-12,1834.3299560546875,563.489990234375,100.59068298339844,2480.639892578125
2020-03-13,1771.43994140625,524.0,99.9349594116211,2711.02001953125
2020-03-16,1714.8599853515625,504.510009765625,102.57492065429688,2386.1298828125
2020-03-17,1672.43994140625,514.72998046875,100.0030746459961,2529.18994140625
2020-03-18,1591.199951171875,485.1400146484375,98.6150131225586,2398.10009765625
2020-03-19,1457.6400146484375,428.3500061035156,98.93859100341797,2409.389892578125
2020-03-20,1566.1500244140625,467.75,101.4593734741211,2304.919921875
2020-03-23,1482.4599609375,443.760009765625,102.66007232666016,2237.39990234375
2020-03-24,1609.969970703125,480.3999938964844,101.96175384521484,2447.330078125
2020-03-25,1704.760009765625,505.67999267578125,102.0213851928711,2475.56005859375
2020-03-26,1686.239990234375,516.6099853515625,102.26834106445312,2630.070068359375
2020-03-27,1717.72998046875,522.8300170898438,103.02628326416016,2541.469970703125
2020-03-30,1717.1199951171875,542.1099853515625,103.26471710205078,2626.64990234375
2020-03-31,1754.6400146484375,569.0700073242188,103.45205688476562,2584.590087890625
2020-04-01,1685.4599609375,551.8400268554688,103.87325286865234,2470.5
2020-04-02,1724.8599853515625,567.7000122070312,103.89031982421875,2526.89990234375
2020-04-03,1725.43994140625,573.010009765625,103.967041015625,2488.64990234375
2020-04-06,1791.8800048828125,597.2100219726562,103.49811553955078,2663.679931640625
2020-04-07,1823.5999755859375,606.9000244140625,103.0377197265625,2659.409912109375
2020-04-08,1807.1400146484375,607.3699951171875,102.9098129272461,2749.97998046875
2020-04-09,1836.2099609375,615.9500122070312,103.13148498535156,2789.820068359375
2020-04-13,1825.760009765625,596.7100219726562,102.9098129272461,2761.6298828125
2020-04-14,1857.0799560546875,610.2899780273438,103.04623413085938,2846.06005859375
2020-04-16,1857.0699462890625,623.4299926757812,104.07784271240234,2799.550048828125
2020-04-17,1914.530029296875,634.7899780273438,103.80503845214844,2874.56005859375
2020-04-20,1898.3599853515625,637.8200073242188,104.07784271240234,2823.159912109375
2020-04-21,1879.3800048828125,628.77001953125,104.36774444580078,2736.56005859375
2020-04-22,1896.1500244140625,635.1599731445312,104.04378509521484,2799.31005859375
2020-04-23,1914.72998046875,643.7899780273438,104.11199951171875,2797.800048828125
2020-04-24,1889.010009765625,632.9600219726562,104.1375732421875,2836.739990234375
2020-04-27,1922.77001953125,646.8599853515625,103.5833740234375,2878.47998046875
2020-04-28,1934.0899658203125,644.9299926757812,104.03522491455078,2863.389892578125
2020-04-29,1947.56005859375,645.1799926757812,103.98409271240234,2939.510009765625
2020-05-04,1895.3699951171875,641.9099731445312,103.8973388671875,2842.739990234375
2020-05-06,1928.760009765625,658.4000244140625,103.43643188476562,2848.419921875
2020-05-07,1928.6099853515625,668.1699829101562,104.06800842285156,2881.18994140625
2020-05-08,1945.8199462890625,682.2999877929688,103.72657012939453,2929.800048828125
2020-05-11,1935.4000244140625,685.0399780273438,103.43643188476562,2930.18994140625
2020-05-12,1922.1700439453125,684.2100219726562,103.7778091430664,2870.1201171875
2020-05-13,1940.4200439453125,691.530029296875,103.99119567871094,2820.0
2020-05-14,1924.9599609375,690.5700073242188,104.1533432006836,2852.5
2020-05-15,1927.280029296875,691.9299926757812,104.08506774902344,2863.699951171875
2020-05-18,1937.1099853515625,690.8499755859375,103.4449691772461,2953.909912109375
2020-05-19,1980.6099853515625,696.3599853515625,103.73513793945312,2922.93994140625
2020-05-20,1989.6400146484375,708.760009765625,103.7607650756836,2971.610107421875
2020-05-21,1998.31005859375,716.02001953125,103.82898712158203,2948.510009765625
2020-05-22,1970.1300048828125,708.5800170898438,104.02531433105469,2955.449951171875
2020-05-26,2029.780029296875,729.1099853515625,103.75220489501953,2991.77001953125
2020-05-27,2031.199951171875,724.5900268554688,103.83755493164062,3036.1298828125
2020-05-28,2028.5400390625,708.75,103.74364471435547,3029.72998046875
2020-05-29,2029.5999755859375,713.6799926757812,104.07654571533203,3044.31005859375
2020-06-01,2065.080078125,735.719970703125,104.0355224609375,3055.72998046875
2020-06-02,2087.18994140625,743.5800170898438,103.86467742919922,3080.820068359375
2020-06-03,2147.0,737.6599731445312,103.24951171875,3122.8701171875
2020-06-04,2151.179931640625,742.3699951171875,102.83943176269531,3112.35009765625
2020-06-05,2181.8701171875,749.3099975585938,102.32676696777344,3193.929931640625
2020-06-08,2184.2900390625,753.0399780273438,102.43788146972656,3232.389892578125
2020-06-09,2188.919921875,753.8200073242188,102.80525970458984,3207.179931640625
2020-06-10,2195.68994140625,758.6199951171875,103.57415008544922,3190.139892578125
2020-06-11,2176.780029296875,757.0599975585938,103.94154357910156,3002.10009765625
2020-06-12,2132.300048828125,746.0599975585938,103.71086883544922,3041.31005859375
2020-06-15,2030.8199462890625,693.1500244140625,103.62544250488281,3066.590087890625
2020-06-16,2138.050048828125,735.3800048828125,103.41183471679688,3124.739990234375
2020-06-17,2141.050048828125,735.4000244140625,103.57415008544922,3113.489990234375
2020-06-18,2133.47998046875,737.3300170898438,103.80484771728516,3115.340087890625
2020-06-19,2141.320068359375,742.030029296875,103.83902740478516,3097.739990234375
2020-06-22,2126.72998046875,751.6400146484375,103.74502563476562,3117.860107421875
2020-06-23,2131.239990234375,753.22998046875,103.71086883544922,3131.2900390625
2020-06-24,2161.510009765625,759.5,103.90737915039062,3050.330078125
2020-06-25,2112.3701171875,750.3599853515625,103.92445373535156,3083.760009765625
2020-06-26,2134.64990234375,750.5800170898438,104.20637512207031,3009.050048828125
2020-06-29,2093.47998046875,734.6900024414062,104.30891418457031,3053.239990234375
2020-06-30,2108.330078125,737.969970703125,104.12096405029297,3100.2900390625
2020-07-01,2106.699951171875,727.5800170898438,103.9584732055664,3115.860107421875
2020-07-02,2135.3701171875,742.5499877929688,104.08673858642578,3130.010009765625
2020-07-06,2187.929931640625,759.9000244140625,103.93283081054688,3179.719970703125
2020-07-07,2164.169921875,759.1599731445312,104.26632690429688,3145.320068359375
2020-07-08,2158.8798828125,765.9600219726562,104.10383605957031,3169.93994140625
2020-07-09,2167.89990234375,772.9000244140625,104.4373550415039,3152.050048828125
2020-07-10,2150.25,772.8099975585938,104.23210906982422,3185.0400390625
2020-07-13,2186.06005859375,781.1900024414062,104.34329223632812,3155.219970703125
2020-07-14,2183.610107421875,778.3900146484375,104.33474731445312,3197.52001953125
2020-07-15,2201.8798828125,781.2899780273438,104.30054473876953,3226.56005859375
2020-07-16,2183.760009765625,775.0700073242188,104.37748718261719,3215.570068359375
2020-07-17,2201.18994140625,783.219970703125,104.35186004638672,3224.72998046875
2020-07-20,2198.199951171875,781.9600219726562,104.42025756835938,3251.840087890625
2020-07-21,2228.830078125,790.5800170898438,104.53140258789062,3257.300048828125
2020-07-22,2228.659912109375,794.989990234375,104.56563568115234,3276.02001953125
2020-07-23,2216.18994140625,801.6900024414062,104.66822052001953,3235.659912109375
2020-07-24,2200.43994140625,794.7999877929688,104.6169204711914,3215.6298828125
2020-07-27,2217.860107421875,801.22998046875,104.45442962646484,3239.409912109375
2020-07-28,2256.989990234375,807.8499755859375,104.70246887207031,3218.43994140625
2020-07-29,2263.159912109375,808.5900268554688,104.8392562866211,3258.43994140625
2020-07-30,2267.010009765625,814.1900024414062,104.9846420288086,3246.219970703125
2020-07-31,2249.3701171875,815.2999877929688,105.01029968261719,3271.1201171875
2020-08-03,2251.0400390625,827.5700073242188,104.95892333984375,3294.610107421875
2020-08-04,2279.969970703125,835.3499755859375,105.3183822631836,3306.510009765625
2020-08-05,2311.860107421875,847.280029296875,104.96752166748047,3327.77001953125
2020-08-06,2342.610107421875,854.1199951171875,105.08734130859375,3349.159912109375
2020-08-07,2351.669921875,857.6300048828125,104.86480712890625,3351.280029296875
2020-08-10,2386.3798828125,862.760009765625,104.75354766845703,3360.469970703125
2020-08-11,2418.669921875,860.22998046875,104.39411163330078,3333.68994140625
2020-08-12,2432.35009765625,845.5999755859375,104.08602905273438,3380.35009765625
2020-08-13,2437.530029296875,854.77001953125,103.87203216552734,3373.429931640625
2020-08-14,2407.489990234375,835.030029296875,103.9233627319336,3372.85009765625
2020-08-18,2348.239990234375,800.219970703125,104.2742919921875,3389.780029296875
2020-08-19,2360.5400390625,818.739990234375,104.13735961914062,3374.85009765625
2020-08-20,2274.219970703125,791.1400146484375,104.4368896484375,3385.510009765625
2020-08-21,2304.590087890625,796.010009765625,104.5138931274414,3397.159912109375
2020-08-24,2329.830078125,815.739990234375,104.36841583251953,3431.280029296875
2020-08-25,2366.72998046875,836.3099975585938,104.12023162841797,3443.6201171875
2020-08-26,2369.320068359375,841.3499755859375,104.07745361328125,3478.72998046875
2020-08-27,2344.449951171875,836.4000244140625,103.70941162109375,3484.550048828125
2020-08-28,2353.800048828125,841.2999877929688,103.880615234375,3508.010009765625
2020-08-31,2326.169921875,848.239990234375,103.99188995361328,3500.31005859375
2020-09-01,2349.550048828125,853.3699951171875,104.33272552490234,3526.64990234375
2020-09-02,2364.3701171875,866.739990234375,104.47832489013672,3580.840087890625
2020-09-03,2395.89990234375,874.1300048828125,104.61536407470703,3455.06005859375
2020-09-04,2368.25,866.0399780273438,104.03295135498047,3426.9599609375
2020-09-08,2401.909912109375,878.2899780273438,104.25564575195312,3331.840087890625
2020-09-09,2375.81005859375,869.469970703125,104.2042465209961,3398.9599609375
2020-09-10,2396.47998046875,884.2999877929688,104.33272552490234,3339.18994140625
2020-09-11,2396.68994140625,888.4400024414062,104.49544525146484,3340.969970703125
2020-09-14,2427.909912109375,894.1699829101562,104.40123748779297,3383.5400390625
2020-09-15,2443.580078125,899.4600219726562,104.349853515625,3401.199951171875
2020-09-16,2435.919921875,896.280029296875,104.2898941040039,3385.489990234375
2020-09-17,2406.169921875,885.1799926757812,104.32414245605469,3357.010009765625
2020-09-18,2412.39990234375,888.8800048828125,104.22994232177734,3319.469970703125
2020-09-21,2389.389892578125,866.989990234375,104.41832733154297,3281.06005859375
2020-09-22,2332.590087890625,842.719970703125,104.41832733154297,3315.570068359375
2020-09-23,2333.239990234375,843.4500122070312,104.41832733154297,3236.919921875
2020-09-24,2272.699951171875,806.9500122070312,104.4697494506836,3246.590087890625
2020-09-25,2278.7900390625,808.280029296875,104.55538940429688,3298.4599609375
2020-09-28,2308.080078125,835.9099731445312,104.53828430175781,3351.60009765625
2020-09-29,2327.889892578125,848.1500244140625,104.61536407470703,3335.469970703125
2020-10-05,2358.0,858.3900146484375,103.62913513183594,3408.60009765625
2020-10-06,2365.89990234375,862.5800170898438,103.86911010742188,3360.969970703125
2020-10-07,2386.93994140625,869.6599731445312,103.56912994384766,3419.43994140625
2020-10-08,2391.9599609375,871.6199951171875,103.75767517089844,3446.830078125
2020-10-12,2403.72998046875,873.5,103.81765747070312,3534.219970703125
2020-10-13,2403.14990234375,871.9199829101562,104.04910278320312,3511.929931640625
2020-10-14,2380.47998046875,861.47998046875,104.08333587646484,3488.669921875
2020-10-15,2361.2099609375,844.4400024414062,103.97189331054688,3483.340087890625
2020-10-16,2341.530029296875,833.8400268554688,103.91192626953125,3483.81005859375
2020-10-19,2346.739990234375,822.25,103.74056243896484,3426.919921875
2020-10-20,2358.409912109375,824.6500244140625,103.51769256591797,3443.1201171875
2020-10-21,2370.860107421875,830.6699829101562,103.38057708740234,3435.56005859375
2020-10-22,2355.050048828125,812.7000122070312,103.0206298828125,3453.489990234375
2020-10-23,2360.81005859375,807.97998046875,103.16631317138672,3465.389892578125
2020-10-26,2343.909912109375,778.02001953125,103.44058990478516,3400.969970703125
2020-10-27,2330.840087890625,783.72998046875,103.6719741821289,3390.679931640625
2020-10-28,2345.260009765625,806.2000122070312,103.66339874267578,3271.030029296875
2020-10-29,2326.669921875,813.9299926757812,103.22633361816406,3310.110107421875
2020-10-30,2267.14990234375,792.6500244140625,102.89208984375,3269.9599609375
2020-11-02,2300.159912109375,802.9500122070312,103.0687484741211,3310.239990234375
2020-11-03,2343.31005859375,818.4600219726562,102.83719635009766,3369.159912109375
2020-11-04,2357.320068359375,826.969970703125,103.70333099365234,3443.43994140625
2020-11-05,2413.7900390625,844.7999877929688,103.6861801147461,3510.449951171875
2020-11-06,2416.5,836.780029296875,103.33460235595703,3509.43994140625
2020-11-09,2447.199951171875,851.2100219726562,102.57138061523438,3550.5
2020-11-10,2452.830078125,840.7899780273438,102.27980041503906,3545.530029296875
2020-11-11,2485.8701171875,839.9000244140625,102.4427490234375,3572.659912109375
2020-11-12,2475.6201171875,840.0800170898438,103.02588653564453,3537.010009765625
2020-11-13,2493.8701171875,839.1400146484375,102.888671875,3585.14990234375
2020-11-16,2543.030029296875,847.3300170898438,102.81146240234375,3626.909912109375
2020-11-17,2539.14990234375,839.469970703125,103.07733154296875,3609.530029296875
2020-11-18,2545.639892578125,851.739990234375,103.04300689697266,3567.7900390625
2020-11-19,2547.419921875,859.9400024414062,103.15451049804688,3581.8701171875
2020-11-20,2553.5,870.1799926757812,103.33460235595703,3557.5400390625
2020-11-23,2602.590087890625,873.2899780273438,103.12876892089844,3577.590087890625
2020-11-24,2617.760009765625,872.0999755859375,102.96585083007812,3635.409912109375
2020-11-25,2601.5400390625,865.1199951171875,103.00016784667969,3629.64990234375
2020-11-27,2633.449951171875,885.5599975585938,103.3088607788086,3638.35009765625
2020-11-30,2591.340087890625,886.1099853515625,103.24028015136719,3621.6298828125
2020-12-01,2634.25,891.2899780273438,102.69107055664062,3662.449951171875
2020-12-02,2675.89990234375,899.3400268554688,102.5194320678711,3669.010009765625
2020-12-03,2696.219970703125,907.6099853515625,102.7940444946289,3666.719970703125
2020-12-04,2731.449951171875,913.760009765625,102.39071655273438,3699.1201171875
2020-12-07,2745.43994140625,926.8800048828125,102.70822143554688,3691.9599609375
2020-12-08,2700.929931640625,906.8400268554688,102.81121063232422,3702.25
2020-12-09,2755.469970703125,913.8099975585938,102.66529083251953,3672.820068359375
2020-12-10,2746.4599609375,921.7000122070312,102.89702606201172,3668.10009765625
2020-12-11,2770.06005859375,928.4400024414062,103.10295867919922,3663.4599609375
2020-12-14,2762.199951171875,929.5399780273438,103.04289245605469,3647.489990234375
2020-12-15,2756.820068359375,931.27001953125,102.93992614746094,3694.6201171875
2020-12-16,2771.7900390625,939.6500244140625,102.85408782958984,3701.169921875
2020-12-17,2770.429931640625,944.0399780273438,102.77942657470703,3722.47998046875
2020-12-18,2772.179931640625,947.239990234375,102.69351959228516,3709.409912109375
2020-12-21,2778.64990234375,953.5800170898438,102.76221466064453,3694.919921875
2020-12-22,2733.679931640625,928.72998046875,102.93396759033203,3687.260009765625
2020-12-23,2759.820068359375,923.1699829101562,102.71930694580078,3690.010009765625
2020-12-24,2806.860107421875,928.6799926757812,102.86528778076172,3703.06005859375
2020-12-28,2808.60009765625,927.0,102.87384033203125,3735.360107421875
2020-12-29,2820.510009765625,957.4099731445312,102.85665893554688,3727.0400390625
2020-12-30,2873.469970703125,968.4199829101562,102.92536163330078,3732.0400390625
2021-01-04,2944.449951171875,977.6199951171875,103.01983642578125,3700.64990234375
2021-01-05,2990.570068359375,985.760009765625,102.77942657470703,3726.860107421875
2021-01-06,2968.2099609375,981.3900146484375,102.17837524414062,3748.139892578125
2021-01-07,3031.679931640625,988.8599853515625,101.81771087646484,3803.7900390625
2021-01-08,3152.179931640625,987.7899780273438,101.5257797241211,3824.679931640625
2021-01-11,3148.449951171875,976.6300048828125,101.32827758789062,3799.610107421875
2021-01-12,3125.949951171875,973.719970703125,101.31114959716797,3801.18994140625
2021-01-13,3148.2900390625,979.1300048828125,101.66319274902344,3809.840087890625
2021-01-14,3149.929931640625,980.2899780273438,101.43131256103516,3795.5400390625
2021-01-15,3085.89990234375,964.4400024414062,101.70611572265625,3768.25
2021-01-19,3092.659912109375,957.75,101.76617431640625,3798.909912109375
2021-01-20,3114.550048828125,977.6599731445312,101.80914306640625,3851.85009765625
2021-01-21,3160.840087890625,981.4000244140625,101.66319274902344,3853.070068359375
2021-01-22,3140.6298828125,979.97998046875,101.81771087646484,3841.469970703125
2021-01-25,3208.989990234375,999.2999877929688,102.22988891601562,3855.360107421875
2021-01-26,3140.31005859375,994.0,102.19552612304688,3849.6201171875
2021-01-27,3122.56005859375,985.9199829101562,102.31571960449219,3750.77001953125
2021-01-28,3069.050048828125,961.22998046875,102.04955291748047,3787.3798828125
2021-01-29,2976.2099609375,928.72998046875,101.86924743652344,3714.239990234375
2021-02-01,3056.530029296875,956.9199829101562,101.99644470214844,3773.860107421875
2021-02-02,3096.81005859375,963.8099975585938,101.73865509033203,3826.31005859375
2021-02-03,3129.679931640625,970.6900024414062,101.48947143554688,3830.169921875
2021-02-04,3087.550048828125,964.5800170898438,101.45511627197266,3871.739990234375
2021-02-05,3120.6298828125,967.4199829101562,101.24031066894531,3886.830078125
2021-02-08,3091.239990234375,960.780029296875,101.28325653076172,3915.590087890625
2021-02-09,3084.669921875,957.8499755859375,101.36060333251953,3911.22998046875
2021-02-10,3100.580078125,964.3099975585938,101.61836242675781,3909.8798828125
2021-02-16,3163.25,977.739990234375,100.47560119628906,3932.590087890625
2021-02-17,3133.72998046875,979.77001953125,100.54431915283203,3931.330078125
2021-02-18,3086.659912109375,967.4199829101562,100.5357437133789,3913.969970703125
2021-02-19,3107.6201171875,965.1099853515625,100.13194274902344,3906.7099609375
2021-02-22,3079.75,954.2899780273438,99.96868896484375,3876.5
2021-02-23,3070.090087890625,936.5999755859375,100.04602813720703,3881.3701171875
2021-02-24,2994.97998046875,906.3099975585938,99.90853118896484,3925.429931640625
2021-02-25,3099.68994140625,936.2100219726562,98.57678985595703,3829.340087890625
2021-02-26,3012.949951171875,913.9400024414062,99.4617691040039,3811.14990234375
2021-03-02,3043.8701171875,923.1699829101562,99.53052520751953,3870.2900390625
2021-03-03,3082.989990234375,930.7999877929688,98.99751281738281,3819.719970703125
2021-03-04,3043.489990234375,926.2000122070312,98.50748443603516,3768.469970703125
2021-03-05,3026.260009765625,923.47998046875,98.36991882324219,3841.93994140625
2021-03-08,2996.110107421875,904.77001953125,97.98300170898438,3821.35009765625
2021-03-09,2976.1201171875,896.3599853515625,98.4472885131836,3875.43994140625
2021-03-10,2958.1201171875,890.0700073242188,98.65357971191406,3898.81005859375
2021-03-11,3013.699951171875,908.010009765625,98.61923217773438,3939.340087890625
2021-03-12,3054.389892578125,925.489990234375,97.90562438964844,3943.340087890625
2021-03-15,3045.7099609375,926.9000244140625,98.02598571777344,3968.93994140625
2021-03-16,3067.169921875,940.6500244140625,98.00880432128906,3962.7099609375
2021-03-17,3047.5,943.780029296875,97.84544372558594,3974.1201171875
2021-03-18,3066.010009765625,949.8300170898438,97.23503112792969,3915.4599609375
2021-03-19,3039.530029296875,952.1099853515625,97.17488861083984,3913.10009765625
2021-03-22,3035.4599609375,955.3800048828125,97.49297332763672,3940.590087890625
2021-03-23,3004.739990234375,946.3099975585938,97.97441101074219,3910.52001953125
2021-03-24,2996.35009765625,953.8200073242188,98.1033706665039,3889.139892578125
2021-03-25,3008.330078125,954.989990234375,97.97441101074219,3909.52001953125
2021-03-26,3041.010009765625,956.7000122070312,97.64769744873047,3974.5400390625
2021-03-29,3036.0400390625,954.0999755859375,97.31244659423828,3971.090087890625
2021-03-30,3070.0,958.0599975585938,97.2264633178711,3958.550048828125
2021-03-31,3061.419921875,956.1699829101562,97.08889770507812,3972.889892578125
2021-04-01,3087.39990234375,965.780029296875,97.51903533935547,4019.8701171875
2021-04-05,3120.830078125,969.77001953125,97.24373626708984,4077.909912109375
2021-04-06,3127.080078125,968.6300048828125,97.71688842773438,4073.93994140625
2021-04-07,3137.409912109375,973.219970703125,97.65664672851562,4079.949951171875
2021-04-08,3143.260009765625,982.02001953125,97.9921875,4097.169921875
2021-04-09,3131.8798828125,989.3900146484375,97.73409271240234,4128.7998046875
2021-04-12,3135.590087890625,1000.6500244140625,97.67386627197266,4127.990234375
2021-04-13,3169.080078125,1010.3699951171875,98.0782241821289,4141.58984375
2021-04-14,3182.3798828125,1014.4199829101562,97.957763671875,4124.66015625
2021-04-15,3194.330078125,1013.9000244140625,98.58575439453125,4170.419921875
2021-04-16,3198.6201171875,1021.6199951171875,98.31904602050781,4185.47021484375
2021-04-19,3198.840087890625,1029.4599609375,98.21585083007812,4163.259765625
2021-04-20,3220.699951171875,1031.8800048828125,98.50835418701172,4134.93994140625
2021-04-21,3171.659912109375,1022.219970703125,98.55994415283203,4173.419921875
2021-04-22,3177.52001953125,1025.7099609375,98.63736724853516,4134.97998046875
2021-04-23,3181.080078125,1026.8199462890625,98.50835418701172,4180.169921875
2021-04-26,3217.530029296875,1030.06005859375,98.40510559082031,4187.6201171875
2021-04-27,3215.419921875,1021.010009765625,98.01801300048828,4186.72021484375
2021-04-28,3181.469970703125,998.27001953125,98.14701843261719,4183.18017578125
2021-04-29,3174.070068359375,990.6900024414062,97.97496032714844,4211.47021484375
2021-04-30,3147.860107421875,983.4500122070312,98.06098937988281,4181.169921875
2021-05-03,3127.199951171875,961.8099975585938,98.2280044555664,4192.66015625
2021-05-04,3147.3701171875,967.2000122070312,98.35713958740234,4164.66015625
2021-05-06,3160.429931640625,969.989990234375,98.52064514160156,4201.6201171875
2021-05-07,3197.199951171875,978.2999877929688,98.55511474609375,4232.60009765625
2021-05-10,3249.300048828125,992.7999877929688,98.35713958740234,4188.43017578125
2021-05-11,3209.429931640625,978.6099853515625,98.1935806274414,4152.10009765625
2021-05-12,3161.659912109375,967.0999755859375,97.72008514404297,4063.0400390625
2021-05-13,3122.110107421875,951.77001953125,98.04720306396484,4112.5
2021-05-14,3153.320068359375,966.719970703125,98.26240539550781,4173.85009765625
2021-05-17,3134.52001953125,962.5,98.16770935058594,4163.2900390625
2021-05-18,3173.050048828125,969.0999755859375,98.16770935058594,4127.830078125
2021-05-20,3162.280029296875,971.1300048828125,98.27964782714844,4159.1201171875
2021-05-21,3156.419921875,965.6300048828125,98.31407928466797,4155.85986328125
2021-05-24,3144.300048828125,948.3699951171875,98.40875244140625,4197.0498046875
2021-05-25,3171.320068359375,962.0700073242188,98.77027130126953,4188.1298828125
2021-05-26,3168.429931640625,966.0599975585938,98.65840148925781,4195.990234375
2021-05-27,3165.510009765625,974.0800170898438,98.48624420166016,4200.8798828125
2021-05-28,3188.72998046875,977.4600219726562,98.47765350341797,4204.10986328125
2021-06-01,3221.8701171875,984.5900268554688,98.45953369140625,4202.0400390625
2021-06-02,3224.22998046875,981.0999755859375,98.5715103149414,4208.1201171875
2021-06-03,3247.429931640625,990.1900024414062,98.3216781616211,4192.85009765625
2021-06-04,3240.080078125,987.5800170898438,98.86443328857422,4229.89013671875
2021-06-07,3252.1201171875,985.8599853515625,98.7868881225586,4226.52001953125
2021-06-08,3247.830078125,986.1199951171875,99.07113647460938,4227.259765625
2021-06-09,3216.179931640625,978.7899780273438,99.38127136230469,4219.5498046875
2021-06-10,3224.639892578125,987.77001953125,99.73440551757812,4239.18017578125
2021-06-11,3249.320068359375,991.1300048828125,99.5879898071289,4247.43994140625
2021-06-14,3252.1298828125,997.4099731445312,99.27792358398438,4255.14990234375
2021-06-15,3258.6298828125,997.3699951171875,99.29508972167969,4246.58984375
2021-06-16,3278.679931640625,998.489990234375,98.61460876464844,4223.7001953125
2021-06-17,3264.9599609375,1003.719970703125,98.96774291992188,4221.85986328125
2021-06-18,3267.929931640625,1015.8800048828125,99.52765655517578,4166.4501953125
2021-06-21,3240.7900390625,1010.989990234375,99.20895385742188,4224.7900390625
2021-06-22,3263.8798828125,1011.5599975585938,99.3898696899414,4246.43994140625
2021-06-23,3276.18994140625,1016.4600219726562,99.19175720214844,4241.83984375
2021-06-24,3286.10009765625,1012.6199951171875,99.17450714111328,4266.490234375
2021-06-25,3302.840087890625,1012.1300048828125,98.96774291992188,4280.7001953125
2021-06-28,3301.889892578125,1017.9099731445312,99.27792358398438,4290.60986328125
2021-06-29,3286.679931640625,1022.52001953125,99.3295669555664,4291.7998046875
2021-06-30,3296.679931640625,1029.9599609375,99.48458862304688,4297.5
2021-07-01,3282.06005859375,1035.6400146484375,99.4130859375,4319.93994140625
2021-07-02,3281.780029296875,1038.1800537109375,99.7751235961914,4352.33984375
2021-07-06,3305.2099609375,1044.9599609375,100.3009262084961,4343.5400390625
2021-07-07,3285.340087890625,1047.3599853515625,100.593994140625,4358.1298828125
2021-07-08,3252.679931640625,1034.47998046875,100.85260009765625,4320.81982421875
2021-07-09,3217.949951171875,1028.9300537109375,100.34400177001953,4369.5498046875
2021-07-12,3246.469970703125,1034.6400146484375,100.29229736328125,4384.6298828125
2021-07-13,3271.3798828125,1043.31005859375,99.98199462890625,4369.2099609375
2021-07-14,3264.81005859375,1044.97998046875,100.4129867553711,4374.2998046875
2021-07-15,3286.219970703125,1054.31005859375,100.83533477783203,4360.02978515625
2021-07-16,3276.909912109375,1051.97998046875,100.818115234375,4327.16015625
2021-07-19,3244.0400390625,1049.8299560546875,101.68008422851562,4258.490234375
2021-07-20,3232.699951171875,1043.6400146484375,101.55081176757812,4323.06005859375
2021-07-21,3215.909912109375,1042.030029296875,100.96466827392578,4358.68994140625
2021-07-22,3250.2099609375,1050.25,101.19734954833984,4367.47998046875
2021-07-23,3254.419921875,1055.5,101.04222869873047,4411.7900390625
2021-07-26,3224.949951171875,1047.6300048828125,100.97329711914062,4422.2998046875
2021-07-27,3232.530029296875,1046.550048828125,101.40426635742188,4401.4599609375
2021-07-28,3236.860107421875,1035.6800537109375,101.49046325683594,4400.64013671875
2021-07-29,3242.64990234375,1044.1300048828125,101.1801528930664,4419.14990234375
2021-07-30,3202.320068359375,1031.1400146484375,101.4646224975586,4395.259765625
2021-08-02,3223.0400390625,1037.800048828125,101.90966796875,4387.16015625
2021-08-03,3237.139892578125,1036.1099853515625,101.935546875,4423.14990234375
2021-08-04,3280.3798828125,1047.9300537109375,101.90966796875,4402.66015625
2021-08-05,3276.1298828125,1059.5400390625,101.53877258300781,4429.10009765625
2021-08-06,3270.360107421875,1059.800048828125,100.9436264038086,4436.52001953125
2021-08-09,3260.419921875,1060.0,100.7280044555664,4432.35009765625
2021-08-10,3243.18994140625,1052.0699462890625,100.5382308959961,4436.75
2021-08-11,3220.6201171875,1051.9200439453125,100.65038299560547,4442.41015625
2021-08-12,3208.3798828125,1054.0899658203125,100.54684448242188,4460.830078125
2021-08-13,3171.2900390625,1040.780029296875,101.1247329711914,4468.0
2021-08-17,3143.090087890625,1011.0499877929688,101.29728698730469,4448.080078125
2021-08-18,3158.929931640625,1021.0800170898438,101.2455062866211,4400.27001953125
2021-08-19,3097.830078125,991.1500244140625,101.46977233886719,4405.7998046875
2021-08-20,3060.510009765625,967.9000244140625,101.3748779296875,4441.669921875
2021-08-23,3090.2099609375,993.1799926757812,101.40077209472656,4479.52978515625
2021-08-24,3138.300048828125,1013.1799926757812,101.1247329711914,4486.22998046875
2021-08-25,3146.81005859375,1017.780029296875,100.7280044555664,4496.18994140625
2021-08-26,3128.530029296875,1020.4400024414062,100.7280044555664,4470.0
2021-08-27,3133.89990234375,1023.510009765625,101.05574798583984,4509.3701171875
2021-08-30,3144.18994140625,1031.8399658203125,101.25413513183594,4528.7900390625
2021-08-31,3199.27001953125,1038.3299560546875,101.06438446044922,4522.68017578125
2021-09-01,3207.02001953125,1045.97998046875,101.10752868652344,4524.08984375
2021-09-02,3175.85009765625,1047.18994140625,101.22838592529297,4536.9501953125
2021-09-03,3201.06005859375,1053.8499755859375,100.98670196533203,4535.43017578125
2021-09-07,3187.419921875,1054.4300537109375,100.58965301513672,4520.02978515625
2021-09-08,3162.989990234375,1037.219970703125,100.86587524414062,4514.06982421875
2021-09-09,3114.699951171875,1034.6199951171875,101.15070343017578,4493.27978515625
2021-09-10,3125.760009765625,1037.9100341796875,100.83136749267578,4458.580078125
2021-09-13,3127.860107421875,1026.3399658203125,100.95216369628906,4468.72998046875
2021-09-14,3148.830078125,1037.739990234375,101.33196258544922,4443.0498046875
2021-09-15,3153.39990234375,1042.7900390625,101.15931701660156,4480.7001953125
2021-09-16,3130.090087890625,1039.4300537109375,100.83998107910156,4473.75
2021-09-17,3140.510009765625,1046.1199951171875,100.54652404785156,4432.990234375
2021-09-23,3127.580078125,1036.260009765625,100.17533874511719,4448.97998046875
2021-09-24,3125.239990234375,1037.030029296875,99.87326049804688,4455.47998046875
2021-09-27,3133.639892578125,1034.8199462890625,99.6056900024414,4443.10986328125
2021-09-28,3097.919921875,1012.510009765625,99.22588348388672,4352.6298828125
2021-09-29,3060.27001953125,1001.4600219726562,99.32948303222656,4359.4599609375
2021-09-30,3068.820068359375,1003.27001953125,99.45030212402344,4307.5400390625
2021-10-01,3019.179931640625,983.2000122070312,99.85630798339844,4357.0400390625
2021-10-05,2962.169921875,955.3699951171875,99.42440032958984,4345.72021484375
2021-10-06,2908.31005859375,922.3599853515625,99.45032501220703,4363.5498046875
2021-10-07,2959.4599609375,953.4299926757812,99.05299377441406,4399.759765625
2021-10-08,2956.300048828125,953.1099853515625,98.83706665039062,4391.33984375
2021-10-12,2916.3798828125,940.1500244140625,99.04435729980469,4350.64990234375
2021-10-13,2944.409912109375,953.469970703125,99.23440551757812,4363.7998046875
2021-10-14,2988.639892578125,983.4299926757812,99.46759033203125,4438.259765625
2021-10-15,3015.06005859375,990.5399780273438,98.97526550292969,4471.3701171875
2021-10-18,3006.679931640625,993.8599853515625,98.83706665039062,4486.4599609375
2021-10-19,3029.0400390625,1005.3499755859375,98.48294067382812,4519.6298828125
2021-10-20,3013.1298828125,1001.6199951171875,98.43976593017578,4536.18994140625
2021-10-21,3007.330078125,993.7000122070312,98.18064880371094,4549.77978515625
2021-10-22,3006.159912109375,995.0700073242188,98.43112182617188,4544.89990234375
2021-10-25,3020.5400390625,994.3099975585938,98.5520248413086,4566.47998046875
2021-10-26,3049.080078125,1011.760009765625,98.67295837402344,4574.7900390625
2021-10-27,3025.489990234375,1008.9500122070312,99.22576141357422,4551.68017578125
2021-10-28,3009.550048828125,1000.1300048828125,98.96665954589844,4596.419921875
2021-10-29,2970.679931640625,992.3300170898438,99.00984191894531,4605.3798828125
2021-11-01,2978.93994140625,998.5700073242188,99.00204467773438,4613.669921875
2021-11-02,3013.489990234375,1009.4400024414062,99.24406433105469,4630.64990234375
2021-11-03,2975.7099609375,1005.0,98.93291473388672,4660.56982421875
2021-11-04,2983.219970703125,1001.4299926757812,99.46878051757812,4680.06005859375
2021-11-05,2969.27001953125,1001.3499755859375,100.01331329345703,4697.52978515625
2021-11-08,2960.199951171875,1002.5,99.58113098144531,4701.7001953125
2021-11-09,2962.4599609375,1008.6799926757812,100.03923797607422,4685.25
2021-11-10,2930.169921875,987.75,99.18356323242188,4646.7099609375
2021-11-11,2924.919921875,992.6500244140625,98.86373138427734,4649.27001953125
2021-11-12,2968.800048828125,1009.0700073242188,99.07119750976562,4682.85009765625
2021-11-15,2999.52001953125,1029.030029296875,98.6822280883789,4682.7998046875
2021-11-16,2997.2099609375,1035.4599609375,98.59578704833984,4700.89990234375
2021-11-17,2962.419921875,1031.260009765625,98.95015716552734,4688.669921875
2021-11-18,2947.3798828125,1032.77001953125,99.01068115234375,4704.5400390625
2021-11-19,2971.02001953125,1041.9200439453125,99.27861022949219,4697.9599609375
2021-11-22,3013.25,1032.31005859375,98.5525894165039,4682.93994140625
2021-11-23,2997.330078125,1013.719970703125,98.14634704589844,4690.7001953125
2021-11-24,2994.2900390625,1020.1300048828125,98.4488754272461,4701.4599609375
2021-11-26,2936.43994140625,1005.8900146484375,99.71942901611328,4594.6201171875
2021-11-29,2909.320068359375,992.3400268554688,99.4947280883789,4655.27001953125
2021-11-30,2839.010009765625,965.6300048828125,100.09107971191406,4567.0
2021-12-01,2899.719970703125,977.1500244140625,100.2796630859375,4513.0400390625
2021-12-02,2945.27001953125,977.4299926757812,100.06343078613281,4577.10009765625
2021-12-03,2968.330078125,998.469970703125,100.65164947509766,4538.43017578125
2021-12-06,2973.25,991.8699951171875,100.14994812011719,4591.669921875
2021-12-07,2991.719970703125,996.6400146484375,99.76933288574219,4686.75
2021-12-08,3001.800048828125,1006.0399780273438,99.44930267333984,4701.2099609375
2021-12-09,3029.570068359375,1022.8699951171875,99.70014190673828,4667.4501953125
2021-12-10,3010.22998046875,1011.5700073242188,99.76933288574219,4712.02001953125
2021-12-13,3001.659912109375,1005.9600219726562,100.24510192871094,4668.97021484375
2021-12-14,2987.949951171875,1002.8099975585938,100.07210540771484,4634.08984375
2021-12-15,2989.389892578125,1003.52001953125,99.92501831054688,4709.85009765625
2021-12-16,3006.409912109375,1007.8599853515625,100.2159652709961,4668.669921875
2021-12-17,3017.72998046875,1001.260009765625,100.44108581542969,4620.64013671875
2021-12-20,2963.0,990.510009765625,100.35448455810547,4568.02001953125
2021-12-21,2975.030029296875,996.5999755859375,99.9561767578125,4649.22998046875
2021-12-22,2984.47998046875,1000.1300048828125,100.05146026611328,4696.56005859375
2021-12-23,2998.169921875,1003.3099975585938,99.8436508178711,4725.7900390625
2021-12-27,2999.550048828125,1011.3599853515625,99.87825012207031,4791.18994140625
2021-12-28,3020.239990234375,1027.43994140625,99.86097717285156,4786.35009765625
2021-12-29,2993.2900390625,1028.050048828125,99.35014343261719,4793.06005859375
2021-12-30,2977.64990234375,1033.97998046875,99.67916870117188,4778.72998046875
2022-01-04,2989.239990234375,1031.6600341796875,98.58824157714844,4793.5400390625
2022-01-05,2953.969970703125,1009.6199951171875,98.17265319824219,4700.580078125
2022-01-06,2920.530029296875,980.2999877929688,97.93024444580078,4696.0498046875
2022-01-07,2954.889892578125,995.1599731445312,97.60989379882812,4677.02978515625
2022-01-10,2926.719970703125,980.3800048828125,97.58393096923828,4670.2900390625
2022-01-11,2927.3798828125,969.9199829101562,97.81768798828125,4713.06982421875
2022-01-12,2972.47998046875,991.3300170898438,97.83499145507812,4726.35009765625
2022-01-13,2962.090087890625,983.25,98.1467056274414,4659.02978515625
2022-01-14,2921.919921875,971.3900146484375,97.47138977050781,4662.85009765625
2022-01-18,2864.239990234375,943.9400024414062,96.73545837402344,4577.10986328125
2022-01-19,2842.280029296875,933.9000244140625,96.96923065185547,4532.759765625
2022-01-20,2862.679931640625,958.7000122070312,97.17698669433594,4482.72998046875
2022-01-21,2834.2900390625,942.8499755859375,97.73976135253906,4397.93994140625
2022-01-24,2792.0,915.4000244140625,97.65320587158203,4410.1298828125
2022-01-25,2720.389892578125,889.4400024414062,97.52330780029297,4356.4501953125
2022-01-26,2709.239990234375,882.0900268554688,96.8306884765625,4349.93017578125
2022-01-27,2614.489990234375,849.22998046875,97.23761749267578,4326.509765625
2022-01-28,2663.340087890625,872.8699951171875,97.46270751953125,4431.85009765625
2022-02-03,2707.820068359375,891.5999755859375,97.11430358886719,4477.43994140625
2022-02-04,2750.260009765625,902.8699951171875,96.36903381347656,4500.52978515625
2022-02-07,2745.06005859375,899.4000244140625,96.39503479003906,4483.8701171875
2022-02-08,2746.469970703125,895.27001953125,96.08303833007812,4521.5400390625
2022-02-09,2768.85009765625,910.530029296875,96.21300506591797,4587.18017578125
2022-02-10,2771.929931640625,895.6799926757812,95.32907104492188,4504.080078125
2022-02-11,2747.7099609375,877.4199829101562,96.3170394897461,4418.64013671875
2022-02-14,2704.47998046875,852.7899780273438,95.64971160888672,4401.669921875
2022-02-15,2676.5400390625,839.9199829101562,95.36373138427734,4471.06982421875
2022-02-16,2729.679931640625,878.1500244140625,95.56306457519531,4475.009765625
2022-02-17,2744.090087890625,874.219970703125,96.07438659667969,4380.259765625
2022-02-18,2744.52001953125,881.7100219726562,96.3863754272461,4348.8701171875
2022-02-22,2706.7900390625,868.1099853515625,96.37770080566406,4304.759765625
2022-02-23,2719.530029296875,877.3300170898438,95.87504577636719,4225.5
2022-02-24,2648.800048828125,848.2100219726562,96.10038757324219,4288.7001953125
2022-02-25,2676.760009765625,872.97998046875,96.07438659667969,4384.64990234375
2022-02-28,2699.179931640625,881.0700073242188,97.16632843017578,4373.93994140625
2022-03-02,2703.52001953125,895.4500122070312,96.63809204101562,4386.5400390625
2022-03-03,2747.080078125,912.3200073242188,97.0544204711914,4363.490234375
2022-03-04,2713.429931640625,900.9600219726562,98.01724243164062,4328.8701171875
2022-03-07,2651.31005859375,881.5399780273438,97.60089111328125,4201.08984375
2022-03-08,2622.39990234375,870.1400146484375,96.96768188476562,4170.7001953125
2022-03-10,2680.320068359375,889.0800170898438,95.92681121826172,4259.52001953125
2022-03-11,2661.280029296875,891.7100219726562,95.90077209472656,4204.31005859375
2022-03-14,2645.64990234375,872.4400024414062,94.6864013671875,4173.10986328125
2022-03-15,2621.530029296875,871.219970703125,94.64300537109375,4262.4501953125
2022-03-16,2659.22998046875,891.7999877929688,94.51293182373047,4357.85986328125
2022-03-17,2694.510009765625,914.1300048828125,94.33075714111328,4411.669921875
2022-03-18,2707.02001953125,922.9600219726562,94.60831451416016,4463.1201171875
2022-03-21,2686.050048828125,918.4000244140625,93.37660217285156,4461.18017578125
2022-03-22,2710.0,924.6699829101562,92.8648452758789,4511.60986328125
2022-03-23,2735.050048828125,930.5700073242188,93.4893798828125,4456.240234375
2022-03-24,2729.659912109375,931.75,92.96894836425781,4520.16015625
2022-03-25,2729.97998046875,934.6900024414062,92.0147933959961,4543.06005859375
2022-03-28,2729.56005859375,927.1099853515625,92.22293090820312,4575.52001953125
2022-03-29,2741.070068359375,937.8300170898438,92.68267822265625,4631.60009765625
2022-03-30,2746.739990234375,939.0700073242188,93.0469741821289,4602.4501953125
2022-03-31,2757.64990234375,944.530029296875,93.22045135498047,4530.41015625
2022-04-01,2739.85009765625,940.5700073242188,92.61347961425781,4545.85986328125
2022-04-04,2757.89990234375,947.3200073242188,92.55267333984375,4582.64013671875
2022-04-05,2759.199951171875,952.469970703125,91.44983673095703,4525.1201171875
2022-04-06,2735.030029296875,943.1300048828125,91.12854766845703,4481.14990234375
2022-04-07,2695.860107421875,927.9500122070312,90.90276336669922,4500.2099609375
2022-04-08,2700.389892578125,934.72998046875,90.4425048828125,4488.27978515625
2022-04-11,2693.10009765625,921.8300170898438,90.00830078125,4412.52978515625
2022-04-12,2666.760009765625,913.8200073242188,90.4425048828125,4397.4501953125
2022-04-13,2716.489990234375,927.3099975585938,90.64225006103516,4446.58984375
2022-04-14,2716.7099609375,928.010009765625,89.82595825195312,4392.58984375
2022-04-18,2693.2099609375,918.22998046875,89.56544494628906,4391.68994140625
2022-04-19,2718.889892578125,931.5599975585938,88.97494506835938,4462.2099609375
2022-04-20,2718.68994140625,928.9299926757812,89.66963195800781,4459.4501953125
2022-04-21,2728.2099609375,929.6799926757812,89.17466735839844,4393.66015625
2022-04-22,2704.7099609375,922.780029296875,89.21807861328125,4271.77978515625
2022-04-25,2657.1298828125,899.8400268554688,89.79122924804688,4296.1201171875
2022-04-26,2668.31005859375,911.1599731445312,90.3904037475586,4175.2001953125
2022-04-27,2639.06005859375,896.1799926757812,89.88672637939453,4183.9599609375
2022-04-28,2667.489990234375,892.219970703125,89.7564926147461,4287.5
2022-04-29,2695.050048828125,904.75,89.27885437011719,4131.93017578125
2022-05-02,2687.449951171875,901.8200073242188,88.61372375488281,4155.3798828125
2022-05-03,2680.4599609375,907.5700073242188,88.71810913085938,4175.47998046875
2022-05-04,2677.570068359375,900.0599975585938,89.29188537597656,4300.169921875
2022-05-06,2644.510009765625,884.219970703125,87.89212036132812,4123.33984375
2022-05-10,2596.56005859375,856.1400146484375,88.83979797363281,4001.050048828125
2022-05-11,2592.27001953125,866.3400268554688,89.38752746582031,3935.179931640625
2022-05-12,2550.080078125,833.6599731445312,89.68317413330078,3930.080078125
2022-05-13,2604.239990234375,853.0800170898438,89.21365356445312,4023.889892578125
2022-05-16,2596.580078125,856.25,89.5875244140625,4008.010009765625
2022-05-17,2620.43994140625,865.97998046875,88.90935516357422,4088.85009765625
2022-05-18,2625.97998046875,871.5700073242188,89.5440444946289,3923.679931640625
2022-05-19,2592.340087890625,863.7999877929688,89.86575317382812,3900.7900390625
2022-05-20,2639.2900390625,879.8800048828125,90.28307342529297,3901.360107421875
2022-05-23,2647.3798828125,883.5900268554688,89.7353515625,3973.75
2022-05-24,2605.8701171875,865.0700073242188,90.50912475585938,3941.47998046875
2022-05-25,2617.219970703125,872.6900024414062,90.69171142578125,3978.72998046875
2022-05-26,2612.449951171875,871.4299926757812,90.64823913574219,4057.840087890625
2022-05-27,2638.050048828125,873.969970703125,90.77867889404297,4158.240234375
2022-05-31,2685.89990234375,893.3599853515625,89.83097076416016,4132.14990234375
2022-06-02,2658.989990234375,891.1400146484375,89.45574951171875,4176.81982421875
2022-06-03,2670.64990234375,891.510009765625,89.28165435791016,4108.5400390625
2022-06-07,2626.340087890625,873.780029296875,88.96824645996094,4160.68017578125
2022-06-08,2626.14990234375,874.9500122070312,88.637451171875,4115.77001953125
2022-06-09,2625.43994140625,877.1799926757812,88.55912017822266,4017.820068359375
2022-06-10,2595.8701171875,869.8599853515625,87.68861389160156,3900.860107421875
2022-06-13,2504.510009765625,828.77001953125,86.1303482055664,3749.6298828125
2022-06-14,2492.969970703125,823.5800170898438,85.4426040649414,3735.47998046875
2022-06-15,2447.3798828125,799.4099731445312,86.63526153564453,3789.989990234375
2022-06-16,2451.409912109375,802.1500244140625,87.20108032226562,3666.77001953125
2022-06-17,2440.929931640625,798.6900024414062,87.22723388671875,3674.840087890625
2022-06-21,2408.929931640625,778.2999877929688,86.77454376220703,3764.7900390625
2022-06-22,2342.81005859375,746.9600219726562,87.8714370727539,3759.889892578125
2022-06-23,2314.320068359375,714.3800048828125,88.36760711669922,3795.72998046875
2022-06-24,2366.60009765625,750.2999877929688,88.05422973632812,3911.739990234375
2022-06-27,2401.919921875,770.5999755859375,87.55802917480469,3900.110107421875
2022-06-28,2422.090087890625,769.510009765625,87.67115020751953,3821.550048828125
2022-06-29,2377.989990234375,762.3499755859375,88.37628936767578,3818.830078125
2022-06-30,2332.639892578125,745.4400024414062,89.05534362792969,3785.3798828125
2022-07-01,2305.419921875,729.47998046875,90.00997161865234,3825.330078125
2022-07-05,2341.780029296875,750.9500122070312,90.3412857055664,3831.389892578125
2022-07-06,2292.010009765625,744.6300048828125,89.5740737915039,3845.080078125
2022-07-07,2334.27001953125,757.969970703125,89.02479553222656,3902.6201171875
2022-07-08,2350.610107421875,766.47998046875,88.48426055908203,3899.3798828125
2022-07-11,2340.27001953125,767.0399780273438,89.1817626953125,3854.429931640625
2022-07-12,2317.760009765625,750.780029296875,89.39099884033203,3818.800048828125
2022-07-13,2328.610107421875,763.1799926757812,89.77458190917969,3801.780029296875
2022-07-14,2322.320068359375,766.0800170898438,89.27763366699219,3790.3798828125
2022-07-15,2330.97998046875,762.3900146484375,89.58277130126953,3863.159912109375
2022-07-18,2375.25,776.719970703125,89.32121276855469,3830.85009765625
2022-07-19,2370.969970703125,782.3300170898438,88.91146087646484,3936.68994140625
2022-07-20,2386.85009765625,790.719970703125,88.82427978515625,3959.89990234375
2022-07-21,2409.159912109375,795.1500244140625,89.83564758300781,3998.949951171875
2022-07-22,2393.139892578125,789.75,90.8644027709961,3961.6298828125
2022-07-25,2403.68994140625,789.6900024414062,90.54183959960938,3966.840087890625
2022-07-26,2412.9599609375,789.9299926757812,90.57669830322266,3921.050048828125
2022-07-27,2415.530029296875,795.7000122070312,90.7597885131836,4023.610107421875
2022-07-28,2435.27001953125,798.3200073242188,91.65780639648438,4072.429931640625
2022-07-29,2451.5,803.6199951171875,91.69267272949219,4130.2900390625
2022-08-01,2452.25,807.6099853515625,92.22891235351562,4118.6298828125
2022-08-02,2439.6201171875,804.3400268554688,90.95380401611328,4091.18994140625
2022-08-03,2461.449951171875,815.3599853515625,91.32933044433594,4155.169921875
2022-08-04,2473.110107421875,825.1599731445312,91.792236328125,4151.93994140625
2022-08-05,2490.800048828125,831.6400146484375,90.4647216796875,4145.18994140625
2022-08-08,2493.10009765625,830.8599853515625,90.99746704101562,4140.06005859375
2022-08-09,2503.4599609375,833.6500244140625,90.72671508789062,4122.47021484375
2022-08-10,2480.8798828125,820.27001953125,90.77912902832031,4210.240234375
2022-08-11,2523.780029296875,832.1500244140625,90.17648315429688,4207.27001953125
2022-08-12,2527.93994140625,831.6300048828125,90.53456115722656,4280.14990234375
2022-08-16,2533.52001953125,834.739990234375,90.71794891357422,4305.2001953125
2022-08-17,2516.469970703125,827.4199829101562,90.10661315917969,4274.0400390625
2022-08-18,2508.050048828125,826.0599975585938,90.28128814697266,4283.740234375
2022-08-19,2492.68994140625,814.1699829101562,89.50399780273438,4228.47998046875
2022-08-22,2462.5,795.8699951171875,89.11094665527344,4137.990234375
2022-08-23,2435.340087890625,783.4199829101562,88.89263153076172,4128.72998046875
2022-08-24,2447.449951171875,793.1400146484375,88.5956802368164,4140.77001953125
2022-08-25,2477.260009765625,807.3699951171875,89.1633529663086,4199.1201171875
2022-08-26,2481.030029296875,802.4500122070312,89.05854797363281,4057.659912109375
2022-08-29,2426.889892578125,779.8900146484375,88.5520248413086,4030.610107421875
2022-08-30,2450.929931640625,797.02001953125,88.52580261230469,3986.159912109375
2022-08-31,2472.050048828125,807.0399780273438,88.15899658203125,3955.0
2022-09-01,2415.610107421875,788.3200073242188,87.45816802978516,3966.85009765625
2022-09-02,2409.409912109375,785.8800048828125,87.94812774658203,3924.260009765625
2022-09-06,2410.02001953125,779.4600219726562,86.96820831298828,3908.18994140625
2022-09-07,2376.4599609375,768.1900024414062,87.53690338134766,3979.8701171875
2022-09-08,2384.280029296875,777.8099975585938,87.21320343017578,4006.179931640625
2022-09-13,2449.5400390625,796.7899780273438,86.52198028564453,3932.68994140625
2022-09-14,2411.419921875,782.9299926757812,86.56575012207031,3946.010009765625
2022-09-15,2401.830078125,781.3800048828125,86.26828002929688,3901.35009765625
2022-09-16,2382.780029296875,770.0399780273438,86.33826446533203,3873.330078125
2022-09-19,2355.659912109375,751.9099731445312,86.09326171875,3899.889892578125
2022-09-20,2367.85009765625,760.3499755859375,85.55956268310547,3855.929931640625
2022-09-21,2347.2099609375,754.8900146484375,85.90077209472656,3789.929931640625
2022-09-22,2332.31005859375,751.4099731445312,84.60588073730469,3757.989990234375
2022-09-23,2290.0,729.3599853515625,84.71089172363281,3693.22998046875
2022-09-26,2220.93994140625,692.3699951171875,83.30225372314453,3655.0400390625
2022-09-27,2223.860107421875,698.1099853515625,82.73355102539062,3647.2900390625
2022-09-28,2169.2900390625,673.8699951171875,84.59715270996094,3719.0400390625
2022-09-29,2170.929931640625,675.0700073242188,84.20339965820312,3640.469970703125
2022-09-30,2155.489990234375,672.6500244140625,83.98467254638672,3585.6201171875
2022-10-04,2209.3798828125,696.7899780273438,85.15672302246094,3790.929931640625
2022-10-05,2215.219970703125,685.3400268554688,84.35023498535156,3783.280029296875
2022-10-06,2237.860107421875,706.010009765625,83.88562774658203,3744.52001953125
2022-10-07,2232.840087890625,698.489990234375,83.47357177734375,3639.659912109375
2022-10-11,2192.070068359375,669.5,83.19306182861328,3588.840087890625
2022-10-12,2202.469970703125,671.6699829101562,83.46483612060547,3577.030029296875
2022-10-13,2162.8701171875,651.5900268554688,83.11418151855469,3669.909912109375
2022-10-14,2212.550048828125,678.239990234375,82.6495590209961,3583.070068359375
2022-10-17,2219.7099609375,682.0,82.73722076416016,3677.949951171875
2022-10-18,2249.949951171875,697.0900268554688,82.94761657714844,3719.97998046875
2022-10-19,2237.43994140625,690.5599975585938,82.0797348022461,3695.159912109375
2022-10-20,2218.090087890625,680.4400024414062,81.46611785888672,3665.780029296875
2022-10-21,2213.1201171875,674.47998046875,81.65019989013672,3752.75
2022-10-24,2236.159912109375,688.5,81.54498291015625,3797.340087890625
2022-10-25,2235.070068359375,688.8499755859375,82.56189727783203,3859.110107421875
2022-10-26,2249.56005859375,683.1699829101562,82.98268127441406,3830.60009765625
2022-10-27,2288.780029296875,695.0900268554688,83.57002258300781,3807.300048828125
2022-10-28,2268.39990234375,687.6300048828125,83.1404800415039,3901.06005859375
2022-10-31,2293.610107421875,695.3300170898438,82.76350402832031,3871.97998046875
2022-11-01,2335.219970703125,700.0499877929688,82.74858856201172,3856.10009765625
2022-11-02,2336.8701171875,697.3699951171875,82.60803985595703,3759.68994140625
2022-11-03,2329.169921875,694.1300048828125,82.24783325195312,3719.889892578125
2022-11-04,2348.429931640625,693.8900146484375,82.07210540771484,3770.550048828125
2022-11-07,2371.7900390625,700.47998046875,81.78221130371094,3806.800048828125
2022-11-08,2399.0400390625,713.3300170898438,82.326904296875,3828.110107421875
2022-11-09,2424.409912109375,714.5999755859375,82.60803985595703,3748.570068359375
2022-11-10,2402.22998046875,707.780029296875,84.46171569824219,3956.3701171875
2022-11-11,2483.159912109375,731.219970703125,84.28601837158203,3992.929931640625
2022-11-14,2474.64990234375,729.5399780273438,84.08396911621094,3957.25
2022-11-15,2480.330078125,744.9600219726562,84.70767974853516,3991.72998046875
2022-11-16,2477.449951171875,743.0999755859375,85.33146667480469,3958.7900390625
2022-11-17,2442.89990234375,737.5399780273438,84.75163269042969,3946.56005859375
2022-11-18,2444.47998046875,731.9199829101562,84.45292663574219,3965.340087890625
2022-11-21,2419.5,718.5700073242188,84.40023803710938,3949.93994140625
2022-11-22,2405.27001953125,712.260009765625,84.8834228515625,4003.580078125
2022-11-23,2418.010009765625,725.5900268554688,85.34024810791016,4027.260009765625
2022-11-25,2437.860107421875,733.5599975585938,85.3138656616211,4026.1201171875
2022-11-28,2408.27001953125,717.9000244140625,85.34903717041016,3963.93994140625
2022-11-29,2433.389892578125,727.5399780273438,84.98883056640625,3957.6298828125
2022-11-30,2472.530029296875,729.5399780273438,85.75316619873047,4080.110107421875
2022-12-01,2479.840087890625,740.5999755859375,86.68980407714844,4076.570068359375
2022-12-02,2434.330078125,732.9500122070312,86.86585235595703,4071.699951171875
2022-12-05,2419.320068359375,733.3200073242188,85.98552703857422,3998.840087890625
2022-12-06,2393.159912109375,719.4400024414062,86.51374816894531,3941.260009765625
2022-12-07,2382.81005859375,718.1400146484375,87.27075958251953,3933.919921875
2022-12-08,2371.080078125,712.52001953125,86.77779388427734,3963.510009765625
2022-12-09,2389.0400390625,719.489990234375,86.13521575927734,3934.3798828125
2022-12-12,2373.02001953125,715.219970703125,86.0119400024414,3990.56005859375
2022-12-13,2372.39990234375,715.1599731445312,86.78661346435547,4019.64990234375
2022-12-14,2399.25,729.0,87.0242691040039,3995.320068359375
2022-12-15,2360.969970703125,722.6799926757812,87.193603515625,3895.75
2022-12-16,2360.02001953125,717.4099731445312,86.97312927246094,3852.360107421875
2022-12-19,2352.169921875,717.219970703125,86.26751708984375,3817.659912109375
2022-12-20,2333.2900390625,703.1300048828125,85.64131927490234,3821.6201171875
2022-12-21,2328.949951171875,705.7000122070312,85.7471694946289,3878.43994140625
2022-12-22,2356.72998046875,715.02001953125,85.72068786621094,3822.389892578125
2022-12-23,2313.68994140625,691.25,85.33262634277344,3844.820068359375
2022-12-27,2332.7900390625,704.1900024414062,84.61820983886719,3829.25
2022-12-28,2280.449951171875,692.3699951171875,84.41534423828125,3783.219970703125
2022-12-29,2236.39990234375,679.2899780273438,84.82987976074219,3849.280029296875
2023-01-03,2218.679931640625,674.9500122070312,85.13856506347656,3824.139892578125
2023-01-04,2255.97998046875,683.6699829101562,85.791259765625,3852.969970703125
2023-01-05,2264.64990234375,679.9199829101562,85.66778564453125,3808.10009765625
2023-01-06,2289.969970703125,688.9400024414062,86.77027130126953,3895.080078125
2023-01-09,2350.18994140625,701.2100219726562,86.99073028564453,3892.090087890625
2023-01-10,2351.31005859375,696.0499877929688,86.44391632080078,3919.25
2023-01-11,2359.530029296875,709.77001953125,86.99958801269531,3969.610107421875
2023-01-12,2365.10009765625,710.8200073242188,87.77576446533203,3983.169921875
2023-01-13,2386.090087890625,711.8200073242188,87.30826568603516,3999.090087890625
2023-01-17,2379.389892578125,709.7100219726562,87.03488159179688,3990.969970703125
2023-01-18,2368.320068359375,711.75,88.21672058105469,3928.860107421875
2023-01-19,2380.340087890625,712.8900146484375,88.04915618896484,3898.85009765625
2023-01-20,2395.260009765625,717.969970703125,87.4670181274414,3972.610107421875
2023-01-25,2428.570068359375,732.3499755859375,87.78455352783203,4016.219970703125
2023-01-26,2468.64990234375,738.9400024414062,87.4670181274414,4060.429931640625
2023-01-27,2484.02001953125,741.25,87.3347396850586,4070.56005859375
2023-01-30,2450.469970703125,738.6199951171875,87.06130981445312,4017.77001953125
2023-01-31,2425.080078125,740.489990234375,87.50233459472656,4076.60009765625
2023-02-01,2449.800048828125,750.9600219726562,88.13166809082031,4119.2099609375
2023-02-02,2468.8798828125,764.6199951171875,88.09628295898438,4179.759765625
2023-02-03,2480.39990234375,766.7899780273438,87.1505126953125,4136.47998046875
2023-02-06,2438.18994140625,761.3300170898438,86.39923858642578,4111.080078125
2023-02-07,2451.7099609375,772.7899780273438,86.18711853027344,4164.0
2023-02-08,2483.639892578125,779.97998046875,86.50528717041016,4117.85986328125
2023-02-09,2481.52001953125,784.5800170898438,86.11636352539062,4081.5
2023-02-10,2469.72998046875,772.4400024414062,85.70099639892578,4090.4599609375
2023-02-13,2452.699951171875,772.5499877929688,85.90424346923828,4137.2900390625
2023-02-14,2465.639892578125,779.5800170898438,85.51536560058594,4136.1298828125
2023-02-15,2427.89990234375,765.4600219726562,85.25902557373047,4147.60009765625
2023-02-16,2475.47998046875,784.7100219726562,84.9761962890625,4090.409912109375
2023-02-17,2451.2099609375,775.6199951171875,85.21487426757812,4079.090087890625
2023-02-21,2458.9599609375,793.4199829101562,84.28677368164062,3997.340087890625
2023-02-22,2417.679931640625,778.510009765625,84.43701934814453,3991.050048828125
2023-02-23,2439.090087890625,783.280029296875,84.76408386230469,4012.320068359375
2023-02-24,2423.610107421875,778.8800048828125,84.25141906738281,3970.0400390625
2023-02-27,2402.639892578125,780.2999877929688,84.50773620605469,3982.239990234375
2023-02-28,2412.85009765625,791.5999755859375,84.64031982421875,3970.14990234375
2023-03-02,2427.85009765625,787.1900024414062,83.6182632446289,3981.35009765625
2023-03-03,2432.070068359375,802.4199829101562,84.2913589477539,4045.639892578125
2023-03-06,2462.6201171875,816.510009765625,84.14077758789062,4048.419921875
2023-03-07,2463.35009765625,815.760009765625,84.14964294433594,3986.3701171875
2023-03-08,2431.909912109375,813.9500122070312,84.1230697631836,3992.010009765625
2023-03-09,2419.090087890625,809.219970703125,84.64562225341797,3918.320068359375
2023-03-10,2394.590087890625,788.5999755859375,86.2044448852539,3861.590087890625
2023-03-13,2410.60009765625,788.8900146484375,87.24956512451172,3855.760009765625
2023-03-14,2348.969970703125,758.0499877929688,86.42587280273438,3919.2900390625
2023-03-15,2379.719970703125,781.1699829101562,87.6746826171875,3891.929931640625
2023-03-16,2377.909912109375,781.97998046875,86.88640594482422,3960.280029296875
2023-03-17,2395.68994140625,797.3900146484375,87.913818359375,3916.639892578125
2023-03-20,2379.199951171875,802.2000122070312,87.55955505371094,3951.570068359375
2023-03-21,2388.35009765625,802.530029296875,86.7978515625,4002.8701171875
2023-03-22,2416.9599609375,813.4299926757812,87.94038391113281,3936.969970703125
2023-03-23,2424.47998046875,812.1900024414062,88.44526672363281,3948.719970703125
2023-03-24,2414.9599609375,824.1099853515625,88.47181701660156,3970.989990234375
2023-03-27,2409.219970703125,827.6900024414062,87.38243103027344,3977.530029296875
2023-03-28,2434.93994140625,833.510009765625,87.32927703857422,3971.27001953125
2023-03-29,2443.919921875,843.9400024414062,87.1787109375,4027.81005859375
2023-03-30,2453.159912109375,850.47998046875,87.31153869628906,4050.830078125
2023-03-31,2476.860107421875,847.52001953125,87.78984069824219,4109.31005859375
2023-04-03,2472.340087890625,854.9600219726562,88.203369140625,4124.509765625
2023-04-04,2480.510009765625,857.1799926757812,88.77134704589844,4100.60009765625
2023-04-05,2495.2099609375,872.3599853515625,89.14407348632812,4090.3798828125
2023-04-06,2459.22998046875,865.5800170898438,89.17071533203125,4105.02001953125
2023-04-10,2512.080078125,887.780029296875,88.2921371459961,4109.10986328125
2023-04-11,2547.860107421875,898.9400024414062,88.25662231445312,4108.93994140625
2023-04-12,2550.639892578125,890.6199951171875,88.51399230957031,4091.949951171875
2023-04-13,2561.659912109375,894.25,88.22115325927734,4146.22021484375
2023-04-14,2571.489990234375,903.8400268554688,87.7862777709961,4137.64013671875
2023-04-17,2575.909912109375,909.5,87.22718811035156,4151.31982421875
2023-04-18,2571.090087890625,909.02001953125,87.36919403076172,4154.8701171875
2023-04-19,2575.080078125,909.2000122070312,87.18279266357422,4154.52001953125
2023-04-20,2563.110107421875,885.7100219726562,87.68865203857422,4129.7900390625
2023-04-21,2544.39990234375,868.8200073242188,87.4756851196289,4133.52001953125
2023-04-24,2523.5,855.22998046875,87.90164947509766,4137.0400390625
2023-04-25,2489.02001953125,838.7100219726562,88.77134704589844,4071.6298828125
2023-04-26,2484.830078125,830.4400024414062,88.42525482177734,4055.989990234375
2023-04-27,2495.81005859375,850.2100219726562,87.8484115600586,4135.35009765625
2023-04-28,2501.530029296875,842.8300170898438,88.50511169433594,4169.47998046875
2023-05-02,2524.389892578125,855.6099853515625,88.60208129882812,4119.580078125
2023-05-03,2501.39990234375,843.1799926757812,89.18031311035156,4090.75
2023-05-04,2500.93994140625,845.0599975585938,89.1624984741211,4061.219970703125
2023-05-08,2513.2099609375,842.280029296875,88.13948822021484,4138.1201171875
2023-05-09,2510.06005859375,835.8499755859375,88.03275299072266,4119.169921875
2023-05-10,2496.510009765625,829.739990234375,88.69103240966797,4137.64013671875
2023-05-11,2491.0,824.5399780273438,89.02017211914062,4130.6201171875
2023-05-12,2475.419921875,822.4299926757812,88.4864501953125,4124.080078125
2023-05-15,2479.35009765625,814.530029296875,88.29072570800781,4136.27978515625
2023-05-16,2480.239990234375,816.75,88.00608825683594,4109.89990234375
2023-05-17,2494.659912109375,834.1900024414062,87.72140502929688,4158.77001953125
2023-05-18,2515.39990234375,835.8900146484375,87.17876434326172,4198.0498046875
2023-05-19,2537.7900390625,841.719970703125,86.84957885742188,4191.97998046875
2023-05-22,2557.080078125,852.0399780273438,86.6894760131836,4192.6298828125
2023-05-23,2567.550048828125,859.1599731445312,86.83181762695312,4145.580078125
2023-05-24,2567.449951171875,855.4600219726562,86.60942077636719,4115.240234375
2023-05-25,2554.68994140625,847.719970703125,86.06678771972656,4151.27978515625
2023-05-26,2558.81005859375,843.22998046875,86.2269058227539,4205.4501953125
2023-05-30,2585.52001953125,851.5,86.90298461914062,4205.52001953125
2023-05-31,2577.1201171875,856.9400024414062,87.23212432861328,4179.830078125
2023-06-01,2569.169921875,863.780029296875,87.47467041015625,4221.02001953125
2023-06-02,2601.360107421875,868.0599975585938,86.77915954589844,4282.3701171875
2023-06-05,2615.409912109375,870.280029296875,86.75240325927734,4273.7900390625
2023-06-07,2615.60009765625,880.719970703125,86.17278289794922,4267.52001953125
2023-06-08,2610.85009765625,876.1300048828125,86.75240325927734,4293.93017578125
2023-06-09,2641.159912109375,883.7100219726562,86.44029998779297,4298.85986328125
2023-06-12,2629.35009765625,885.760009765625,86.5829849243164,4338.93017578125
2023-06-13,2637.949951171875,896.8099975585938,85.96771240234375,4369.009765625
2023-06-14,2619.080078125,871.8300170898438,86.08362579345703,4372.58984375
2023-06-15,2608.5400390625,878.0399780273438,86.75240325927734,4425.83984375
2023-06-16,2625.7900390625,887.9500122070312,86.37789154052734,4409.58984375
2023-06-20,2604.909912109375,886.4099731445312,86.63650512695312,4388.7099609375
2023-06-21,2582.6298828125,875.7000122070312,86.71675109863281,4365.68994140625
2023-06-22,2593.699951171875,876.3800048828125,86.2262954711914,4381.89013671875
2023-06-23,2570.10009765625,874.8400268554688,86.5829849243164,4348.330078125
2023-06-26,2582.199951171875,879.5,86.79698181152344,4328.81982421875
2023-06-27,2581.389892578125,874.1400146484375,86.4937973022461,4378.41015625
2023-06-28,2564.18994140625,866.969970703125,86.8415756225586,4376.85986328125
2023-06-29,2550.02001953125,861.7899780273438,85.94987487792969,4396.43994140625
2023-06-30,2564.280029296875,868.239990234375,86.13713836669922,4450.3798828125
2023-07-03,2602.469970703125,889.2899780273438,85.76351928710938,4455.58984375
2023-07-05,2579.0,891.1799926757812,85.35235595703125,4446.81982421875
2023-07-06,2556.2900390625,870.530029296875,84.6551513671875,4411.58984375
2023-07-07,2526.7099609375,867.27001953125,84.54788970947266,4398.9501953125
2023-07-10,2520.699951171875,860.3499755859375,84.98588562011719,4409.52978515625
2023-07-11,2562.489990234375,878.72998046875,85.16465759277344,4439.259765625
2023-07-12,2574.719970703125,879.8800048828125,85.99591827392578,4472.16015625
2023-07-13,2591.22998046875,893.0700073242188,86.71095275878906,4510.0400390625
2023-07-14,2628.300048828125,896.280029296875,86.28189849853516,4505.419921875
2023-07-17,2619.0,898.2899780273438,86.42494201660156,4522.7900390625
2023-07-18,2607.6201171875,914.1400146484375,86.52325439453125,4554.97998046875
2023-07-19,2608.239990234375,923.719970703125,86.81824493408203,4565.72021484375
2023-07-20,2600.22998046875,931.5999755859375,86.12999725341797,4534.8701171875
2023-07-21,2609.760009765625,934.5800170898438,86.20149230957031,4536.33984375
2023-07-24,2628.530029296875,929.9000244140625,85.99591827392578,4554.64013671875
2023-07-25,2636.4599609375,939.9600219726562,85.83500671386719,4567.4599609375
2023-07-26,2592.360107421875,900.6300048828125,86.12999725341797,4566.75
2023-07-27,2603.81005859375,883.7899780273438,85.19145202636719,4537.41015625
2023-07-28,2608.320068359375,913.739990234375,85.46854400634766,4582.22998046875
2023-07-31,2632.580078125,935.969970703125,85.57579803466797,4588.9599609375
2023-08-01,2667.070068359375,939.6699829101562,85.0757827758789,4576.72998046875
2023-08-02,2616.469970703125,909.760009765625,84.90552520751953,4513.39013671875
2023-08-03,2605.389892578125,920.3200073242188,84.27825927734375,4501.89013671875
2023-08-04,2602.800048828125,918.4299926757812,85.17434692382812,4478.02978515625
2023-08-07,2580.7099609375,898.219970703125,84.96822357177734,4518.43994140625
2023-08-08,2573.97998046875,892.3400268554688,85.39838409423828,4499.3798828125
2023-08-09,2605.1201171875,908.97998046875,85.4521255493164,4467.7099609375
2023-08-10,2601.56005859375,911.2899780273438,84.79798126220703,4468.830078125
2023-08-11,2591.260009765625,912.2000122070312,84.34992218017578,4464.0498046875
2023-08-14,2570.8701171875,901.6799926757812,84.21552276611328,4489.72021484375
2023-08-16,2525.639892578125,878.2899780273438,83.73164367675781,4404.330078125
2023-08-17,2519.85009765625,886.0399780273438,83.62411499023438,4370.35986328125
2023-08-18,2504.5,877.3200073242188,83.87499237060547,4369.7099609375
2023-08-21,2508.800048828125,888.7100219726562,83.35527038574219,4399.77001953125
2023-08-22,2515.739990234375,893.3300170898438,83.39111328125,4387.5498046875
2023-08-23,2505.5,882.8699951171875,84.29619598388672,4436.009765625
2023-08-24,2537.679931640625,901.739990234375,83.98251342773438,4376.31005859375
2023-08-25,2519.139892578125,899.3800048828125,83.95565795898438,4405.7099609375
2023-08-28,2543.409912109375,909.3800048828125,84.18864440917969,4433.31005859375
2023-08-29,2552.159912109375,916.239990234375,84.78901672363281,4497.6298828125
2023-08-30,2561.219970703125,923.8099975585938,84.78008270263672,4514.8701171875
2023-08-31,2556.27001953125,928.4000244140625,84.95034790039062,4507.66015625
2023-09-01,2563.7099609375,919.739990234375,84.43104553222656,4515.77001953125
2023-09-05,2582.179931640625,921.47998046875,83.91897583007812,4496.830078125
2023-09-06,2563.340087890625,917.9500122070312,83.70335388183594,4465.47998046875
2023-09-07,2548.260009765625,906.3599853515625,83.99085998535156,4451.14013671875
2023-09-08,2547.679931640625,914.1799926757812,84.0088119506836,4457.490234375
2023-09-11,2556.8798828125,912.5499877929688,83.86506652832031,4487.4599609375
2023-09-12,2536.580078125,898.0399780273438,83.98188018798828,4461.89990234375
2023-09-13,2534.699951171875,882.719970703125,84.0806655883789,4467.43994140625
2023-09-14,2572.889892578125,899.469970703125,83.89202117919922,4505.10009765625
2023-09-15,2601.280029296875,899.030029296875,83.63148498535156,4450.31982421875
2023-09-18,2574.719970703125,891.2899780273438,83.71233367919922,4453.52978515625
2023-09-19,2559.2099609375,883.8900146484375,83.40687561035156,4443.9501953125
2023-09-20,2559.739990234375,882.719970703125,83.34400939941406,4402.2001953125
2023-09-21,2514.969970703125,860.6799926757812,82.72410583496094,4330.0
2023-09-22,2508.1298828125,857.3499755859375,83.04753875732422,4320.06005859375
2023-09-25,2495.760009765625,839.1699829101562,82.43661499023438,4337.43994140625
2023-09-26,2462.969970703125,827.8200073242188,82.40966033935547,4273.52978515625
2023-09-27,2465.070068359375,841.02001953125,82.04133605957031,4274.509765625
2023-10-04,2405.68994140625,807.4000244140625,81.45429229736328,4263.75
2023-10-05,2403.60009765625,801.02001953125,81.60741424560547,4258.18994140625
2023-10-06,2408.72998046875,816.3900146484375,81.13004302978516,4308.5
2023-10-10,2402.580078125,795.0,82.0037612915039,4358.240234375
2023-10-11,2450.080078125,817.1199951171875,82.4541244506836,4376.9501953125
2023-10-12,2479.820068359375,835.489990234375,81.66150665283203,4349.60986328125
2023-10-13,2456.14990234375,822.780029296875,82.18389892578125,4327.77978515625
2023-10-16,2436.239990234375,810.5399780273438,81.69750213623047,4373.6298828125
2023-10-17,2460.169921875,820.3800048828125,80.89582824707031,4373.2001953125
2023-10-18,2462.60009765625,808.8900146484375,80.51753234863281,4314.60009765625
2023-10-19,2415.800048828125,784.0399780273438,80.1212158203125,4278.0
2023-10-20,2375.0,769.25,80.589599609375,4224.16015625
2023-10-23,2357.02001953125,763.6900024414062,80.9678955078125,4217.0400390625
2023-10-24,2383.510009765625,784.8599853515625,81.11204528808594,4247.68017578125
2023-10-25,2363.169921875,770.8400268554688,80.40042877197266,4186.77001953125
2023-10-26,2299.080078125,743.8499755859375,81.01293182373047,4137.22998046875
2023-10-27,2302.81005859375,748.489990234375,81.1390380859375,4117.3701171875
2023-10-30,2310.550048828125,757.1199951171875,80.86883544921875,4166.81982421875
2023-10-31,2277.989990234375,736.0999755859375,80.69766235351562,4193.7998046875
2023-11-01,2301.56005859375,739.22998046875,81.62710571289062,4237.85986328125
2023-11-02,2343.1201171875,772.8400268554688,82.13297271728516,4317.77978515625
2023-11-03,2368.340087890625,782.0499877929688,82.76522827148438,4358.33984375
2023-11-06,2502.3701171875,839.4500122070312,82.2865219116211,4365.97998046875
2023-11-07,2443.9599609375,824.3699951171875,82.7562026977539,4378.3798828125
2023-11-08,2421.6201171875,811.02001953125,83.09041595458984,4382.77978515625
2023-11-09,2427.080078125,802.8699951171875,82.2684326171875,4347.35009765625
2023-11-10,2409.659912109375,789.3099975585938,82.35877990722656,4415.240234375
2023-11-13,2403.760009765625,774.4199829101562,82.31358337402344,4411.5498046875
2023-11-14,2433.25,794.1900024414062,83.55107116699219,4495.7001953125
2023-11-15,2486.669921875,809.3599853515625,82.90072631835938,4502.8798828125
2023-11-16,2488.179931640625,811.1099853515625,83.52398681640625,4508.240234375
2023-11-17,2469.85009765625,799.0599975585938,83.57816314697266,4514.02001953125
2023-11-20,2491.199951171875,813.0800170898438,83.6955795288086,4547.3798828125
2023-11-21,2510.419921875,817.010009765625,83.803955078125,4538.18994140625
2023-11-22,2511.699951171875,814.6099853515625,83.77686309814453,4556.6201171875
2023-11-24,2496.6298828125,815.0,83.34329986572266,4559.33984375
2023-11-27,2495.659912109375,810.25,83.97559356689453,4550.43017578125
2023-11-28,2521.760009765625,816.4400024414062,84.34593963623047,4554.89013671875
2023-11-29,2519.81005859375,822.4400024414062,84.78853607177734,4550.580078125
2023-11-30,2535.2900390625,831.6799926757812,84.3730239868164,4567.7998046875
2023-12-01,2505.010009765625,827.239990234375,85.16909790039062,4594.6298828125
2023-12-04,2514.949951171875,828.52001953125,84.81590270996094,4569.77978515625
2023-12-05,2494.280029296875,813.3800048828125,85.41363525390625,4567.18017578125
2023-12-06,2495.3798828125,819.5399780273438,85.76686096191406,4549.33984375
2023-12-07,2492.070068359375,813.2000122070312,85.64006042480469,4585.58984375
2023-12-08,2517.85009765625,830.3699951171875,85.08757019042969,4604.3701171875
2023-12-11,2525.360107421875,835.25,85.09663391113281,4622.43994140625
2023-12-12,2535.27001953125,839.530029296875,85.27775573730469,4643.7001953125
2023-12-13,2510.659912109375,829.3099975585938,86.54571533203125,4707.08984375
2023-12-14,2544.179931640625,840.5900268554688,87.26514434814453,4719.5498046875
2023-12-15,2563.56005859375,838.3099975585938,87.19247436523438,4719.18994140625
2023-12-18,2566.860107421875,850.9600219726562,87.00171661376953,4740.56005859375
2023-12-19,2568.550048828125,858.2999877929688,87.16521453857422,4768.3701171875
2023-12-20,2614.300048828125,862.97998046875,87.5921401977539,4698.35009765625
2023-12-21,2600.02001953125,859.4400024414062,87.45588684082031,4746.75
2023-12-22,2599.510009765625,854.6199951171875,87.37413787841797,4754.6298828125
2023-12-26,2602.590087890625,848.3400268554688,87.42864227294922,4774.75
2023-12-27,2613.5,859.7899780273438,88.10991668701172,4781.580078125
2023-12-28,2655.280029296875,866.5700073242188,87.77381896972656,4783.35009765625
2024-01-02,2669.81005859375,878.9299926757812,87.22881317138672,4742.830078125
2024-01-03,2607.31005859375,871.5700073242188,87.4377212524414,4704.81005859375
2024-01-04,2587.02001953125,866.25,86.910888671875,4688.68017578125
2024-01-05,2578.080078125,878.3300170898438,86.59294891357422,4697.240234375
2024-01-08,2567.820068359375,879.3400268554688,86.8836441040039,4763.5400390625
2024-01-09,2561.239990234375,884.6400146484375,86.84729766845703,4756.5
2024-01-10,2541.97998046875,875.4600219726562,86.71105194091797,4783.4501953125
2024-01-11,2540.27001953125,882.530029296875,87.17428588867188,4780.240234375
2024-01-12,2525.050048828125,868.0800170898438,87.41048431396484,4783.830078125
2024-01-16,2497.590087890625,854.8300170898438,86.70194244384766,4765.97998046875
2024-01-17,2435.89990234375,833.0499877929688,86.42037963867188,4739.2099609375
2024-01-18,2440.0400390625,840.3300170898438,86.2296142578125,4780.93994140625
2024-01-19,2472.739990234375,842.6699829101562,86.23869323730469,4839.81005859375
2024-01-22,2464.35009765625,839.6900024414062,86.50212860107422,4850.43017578125
2024-01-23,2478.610107421875,840.1099853515625,86.28411102294922,4864.60009765625
2024-01-24,2469.68994140625,836.2100219726562,86.03887176513672,4868.5498046875
2024-01-25,2470.340087890625,823.739990234375,86.41129302978516,4894.16015625
2024-01-26,2478.56005859375,837.239990234375,86.25686645507812,4890.97021484375
2024-01-29,2500.64990234375,819.1400146484375,86.77462768554688,4927.93017578125
2024-01-30,2498.81005859375,818.8599853515625,86.89273071289062,4924.97021484375
2024-01-31,2497.090087890625,799.239990234375,87.619384765625,4845.64990234375
2024-02-01,2542.4599609375,798.72998046875,88.16210174560547,4906.18994140625
2024-02-02,2615.31005859375,814.77001953125,87.0147705078125,4958.60986328125
2024-02-05,2591.31005859375,807.989990234375,86.16792297363281,4942.81005859375
2024-02-06,2576.199951171875,807.030029296875,86.63233184814453,4954.22998046875
2024-02-07,2609.580078125,811.9199829101562,86.4775390625,4995.06005859375
2024-02-08,2620.320068359375,826.5800170898438,86.19525146484375,4997.91015625
2024-02-13,2649.639892578125,845.1500244140625,85.17539978027344,4953.169921875
2024-02-14,2620.419921875,853.2999877929688,85.49411010742188,5000.6201171875
2024-02-15,2613.800048828125,859.2100219726562,85.7308578491211,5029.72998046875
2024-02-16,2648.760009765625,857.5999755859375,85.35752868652344,5005.56982421875
2024-02-20,2657.7900390625,866.1699829101562,85.5031967163086,4975.509765625
2024-02-21,2653.31005859375,864.0700073242188,85.23002624511719,4981.7998046875
2024-02-22,2664.27001953125,870.1099853515625,85.2391357421875,5087.02978515625
2024-02-23,2667.699951171875,868.5700073242188,85.63068389892578,5088.7998046875
2024-02-26,2647.080078125,867.4000244140625,85.5031967163086,5069.52978515625
2024-02-27,2625.050048828125,853.75,85.3119888305664,5078.18017578125
2024-02-28,2652.2900390625,863.3900146484375,85.62156677246094,5069.759765625
2024-02-29,2642.360107421875,862.9600219726562,85.7945785522461,5096.27001953125
2024-03-04,2674.27001953125,872.969970703125,85.99455261230469,5130.9501953125
2024-03-05,2649.39990234375,866.3699951171875,86.5240707397461,5078.64990234375
2024-03-06,2641.489990234375,870.6699829101562,86.73408508300781,5104.759765625
2024-03-07,2647.6201171875,863.3699951171875,86.880126953125,5157.35986328125
2024-03-08,2680.35009765625,873.1799926757812,86.94403839111328,5123.68994140625
2024-03-11,2659.840087890625,875.9299926757812,86.83448028564453,5117.93994140625
2024-03-12,2681.81005859375,889.7100219726562,86.47842407226562,5175.27001953125
2024-03-13,2693.570068359375,889.9299926757812,86.28667449951172,5165.31005859375
2024-03-14,2718.760009765625,887.52001953125,85.64759826660156,5150.47998046875
2024-03-15,2666.840087890625,880.4600219726562,85.50153350830078,5117.08984375
2024-03-18,2685.840087890625,894.47998046875,85.40111541748047,5149.419921875
2024-03-19,2656.169921875,891.9099731445312,85.64759826660156,5178.509765625
2024-03-20,2690.139892578125,891.4500122070312,85.84843444824219,5224.6201171875
2024-03-21,2754.860107421875,904.2899780273438,85.85758972167969,5241.52978515625
2024-03-22,2748.56005859375,903.97998046875,86.27757263183594,5234.18017578125
2024-03-25,2737.570068359375,913.6900024414062,86.0493392944336,5218.18994140625
2024-03-26,2757.090087890625,916.0900268554688,86.17711639404297,5203.580078125
2024-03-27,2755.110107421875,911.25,86.50579833984375,5248.490234375
2024-03-28,2745.820068359375,910.0499877929688,86.42365264892578,5254.35009765625
2024-04-01,2747.860107421875,912.4500122070312,85.64166259765625,5243.77001953125
2024-04-02,2753.159912109375,891.5900268554688,85.45853424072266,5205.81005859375
2024-04-03,2706.969970703125,879.9600219726562,85.55927276611328,5211.490234375
2024-04-04,2742.0,882.9000244140625,85.85226440429688,5147.2099609375
2024-04-05,2714.2099609375,872.2899780273438,85.2845458984375,5204.33984375
2024-04-08,2717.64990234375,860.5700073242188,85.09226989746094,5202.39013671875
2024-04-09,2705.159912109375,859.3300170898438,85.43107604980469,5209.91015625
2024-04-11,2706.9599609375,858.0999755859375,84.17660522460938,5199.06005859375
2024-04-12,2681.820068359375,860.469970703125,84.52456665039062,5123.41015625
2024-04-15,2670.429931640625,852.4199829101562,83.98432159423828,5061.81982421875
2024-04-16,2609.6298828125,832.8099975585938,83.65467071533203,5051.41015625
2024-04-17,2584.179931640625,833.030029296875,84.18577575683594,5022.2099609375
2024-04-18,2634.699951171875,855.6500244140625,83.89277648925781,5011.1201171875
2024-04-19,2591.860107421875,841.9099731445312,84.00265502929688,4967.22998046875
2024-04-22,2629.43994140625,845.8200073242188,84.01181030273438,5010.60009765625
2024-04-23,2623.02001953125,845.4400024414062,84.1216812133789,5070.5498046875
2024-04-24,2675.75,862.22998046875,83.86528015136719,5071.6298828125
2024-04-25,2628.6201171875,853.260009765625,83.54478454589844,5048.419921875
2024-04-26,2656.330078125,856.8200073242188,83.77371978759766,5099.9599609375
2024-04-29,2687.43994140625,869.719970703125,84.1125259399414,5116.169921875
2024-04-30,2692.06005859375,868.9299926757812,83.71878814697266,5035.68994140625
2024-05-02,2683.64990234375,867.47998046875,84.4452133178711,5064.2001953125
2024-05-03,2676.6298828125,865.5900268554688,84.91358947753906,5127.7900390625
2024-05-07,2734.360107421875,871.260009765625,85.20745086669922,5187.7001953125
2024-05-08,2745.050048828125,872.4199829101562,84.96868133544922,5187.669921875
2024-05-09,2712.139892578125,870.1500244140625,85.22583770751953,5214.080078125
2024-05-10,2727.6298828125,864.1599731445312,84.9503402709961,5222.68017578125
2024-05-13,2727.2099609375,854.4299926757812,85.05134582519531,5221.419921875
2024-05-14,2730.340087890625,862.1500244140625,85.2993392944336,5246.68017578125
2024-05-16,2753.0,870.3699951171875,85.77689361572266,5297.10009765625
2024-05-17,2724.6201171875,855.0599975585938,85.51053619384766,5303.27001953125
2024-05-20,2742.139892578125,847.0800170898438,85.38197326660156,5308.1298828125
2024-05-21,2724.179931640625,846.510009765625,85.60238647460938,5321.41015625
2024-05-22,2723.4599609375,845.719970703125,85.49217224121094,5307.009765625
2024-05-23,2721.81005859375,846.5800170898438,85.1891098022461,5267.83984375
2024-05-24,2687.60009765625,839.4099731445312,85.2993392944336,5304.72021484375
2024-05-28,2722.85009765625,851.010009765625,84.82174682617188,5306.0400390625
2024-05-29,2677.300048828125,838.4500122070312,84.40850067138672,5266.9501953125
2024-05-30,2635.43994140625,831.989990234375,84.83092498779297,5235.47998046875
2024-05-31,2636.52001953125,839.97998046875,85.22583770751953,5277.509765625
2024-06-03,2682.52001953125,844.719970703125,85.78404235839844,5283.39990234375
2024-06-04,2662.10009765625,845.8400268554688,86.25382232666016,5291.33984375
2024-06-05,2689.5,850.75,86.5669937133789,5354.02978515625
2024-06-07,2722.669921875,866.1799926757812,85.61824798583984,5346.990234375
2024-06-10,2701.169921875,864.7100219726562,85.43401336669922,5360.7900390625
2024-06-11,2705.320068359375,868.3599853515625,85.88536071777344,5375.31982421875
2024-06-12,2728.169921875,870.6699829101562,86.36433410644531,5421.02978515625
2024-06-13,2754.889892578125,871.3300170898438,86.93547058105469,5433.740234375
2024-06-14,2758.419921875,862.1900024414062,87.13809967041016,5431.60009765625
2024-06-17,2744.10009765625,858.9600219726562,86.7327880859375,5473.22998046875
2024-06-18,2763.919921875,858.9500122070312,87.11046600341797,5487.02978515625
2024-06-20,2807.6298828125,857.510009765625,86.88941192626953,5473.169921875
2024-06-21,2784.260009765625,852.6699829101562,86.90780639648438,5464.6201171875
2024-06-24,2764.72998046875,841.52001953125,86.98148345947266,5447.8701171875
2024-06-25,2774.389892578125,841.989990234375,87.0551986694336,5469.2998046875
2024-06-26,2792.050048828125,842.1199951171875,86.5301513671875,5477.89990234375
2024-06-27,2784.06005859375,838.6500244140625,86.72357940673828,5482.8701171875
2024-06-28,2797.820068359375,840.4400024414062,86.2630386352539,5460.47998046875
2024-07-01,2804.31005859375,847.1500244140625,85.62089538574219,5475.08984375
2024-07-02,2780.860107421875,829.9099731445312,85.94426727294922,5509.009765625
2024-07-03,2794.010009765625,836.0999755859375,86.51712036132812,5537.02001953125
2024-07-05,2862.22998046875,847.489990234375,86.99756622314453,5567.18994140625
2024-07-08,2857.760009765625,859.27001953125,87.02527618408203,5572.85009765625
2024-07-09,2867.3798828125,860.4199829101562,86.9051513671875,5576.97998046875
2024-07-10,2867.989990234375,858.5499877929688,86.98831939697266,5633.91015625
2024-07-11,2891.35009765625,852.4199829101562,87.54267883300781,5584.5400390625
2024-07-12,2857.0,850.3699951171875,87.72747802734375,5615.35009765625
2024-07-15,2860.919921875,852.8800048828125,87.45027160644531,5631.22021484375
2024-07-16,2866.090087890625,839.6099853515625,87.83834075927734,5667.2001953125
2024-07-17,2843.2900390625,829.4099731445312,87.9122543334961,5588.27001953125
2024-07-18,2824.35009765625,822.47998046875,87.66276550292969,5544.58984375
2024-07-19,2795.4599609375,828.719970703125,87.3856201171875,5505.0
2024-07-22,2763.510009765625,809.9600219726562,87.30245971679688,5564.41015625
2024-07-23,2774.2900390625,812.1199951171875,87.36711883544922,5555.740234375
2024-07-24,2758.7099609375,814.25,87.173095703125,5427.1298828125
2024-07-25,2710.64990234375,797.2899780273438,87.36711883544922,5399.22021484375
2024-07-26,2731.89990234375,797.5599975585938,87.78289794921875,5459.10009765625
2024-07-29,2765.530029296875,807.989990234375,87.93073272705078,5463.5400390625
2024-07-30,2738.18994140625,803.780029296875,88.11550903320312,5436.43994140625
2024-07-31,2770.68994140625,803.1500244140625,88.76228332519531,5522.2998046875
2024-08-01,2777.679931640625,813.530029296875,89.14130401611328,5446.68017578125
2024-08-02,2676.18994140625,779.3300170898438,90.52210998535156,5346.56005859375
2024-08-05,2441.550048828125,691.280029296875,90.61479187011719,5186.330078125
2024-08-06,2522.14990234375,732.8699951171875,89.80854797363281,5240.02978515625
2024-08-07,2568.409912109375,748.5399780273438,89.48417663574219,5199.5
2024-08-08,2556.72998046875,745.280029296875,89.21543884277344,5319.31005859375
2024-08-09,2588.429931640625,764.4299926757812,89.57686614990234,5344.16015625
2024-08-12,2618.300048828125,772.719970703125,89.82706451416016,5344.39013671875
2024-08-13,2621.5,764.8599853515625,90.22557067871094,5434.43017578125
2024-08-14,2644.5,776.8300170898438,90.34605407714844,5455.2099609375
2024-08-16,2697.22998046875,786.3300170898438,89.95683288574219,5554.25
2024-08-19,2674.360107421875,777.469970703125,90.07728576660156,5608.25
2024-08-20,2696.6298828125,787.4400024414062,90.43870544433594,5597.1201171875
2024-08-21,2701.1298828125,779.8699951171875,90.62405395507812,5620.85009765625
2024-08-22,2707.669921875,773.469970703125,90.20702362060547,5570.64013671875
2024-08-23,2701.68994140625,773.260009765625,90.62405395507812,5634.60986328125
2024-08-26,2698.010009765625,766.7899780273438,90.5128402709961,5616.83984375
2024-08-27,2689.25,764.9500122070312,90.47577667236328,5625.7998046875
2024-08-28,2689.830078125,762.5,90.429443359375,5592.18017578125
2024-08-29,2662.280029296875,756.0399780273438,90.27191925048828,5591.9599609375
2024-08-30,2674.31005859375,767.6599731445312,89.95683288574219,5648.39990234375
2024-09-03,2664.6298828125,760.3699951171875,90.54981994628906,5528.93017578125
2024-09-04,2580.800048828125,731.75,91.07962036132812,5520.06982421875
2024-09-05,2575.5,725.280029296875,91.29339599609375,5503.41015625
2024-09-06,2544.280029296875,706.5900268554688,91.42355346679688,5408.419921875
2024-09-09,2535.929931640625,714.4600219726562,91.55365753173828,5471.0498046875
2024-09-10,2523.429931640625,706.2000122070312,91.94403839111328,5495.52001953125
2024-09-11,2513.3701171875,709.4199829101562,91.87898254394531,5554.1298828125
2024-09-12,2572.090087890625,731.030029296875,91.73027038574219,5595.759765625
2024-09-13,2575.409912109375,733.2000122070312,91.9068603515625,5626.02001953125
2024-09-19,2580.800048828125,739.510009765625,91.5071792602539,5713.64013671875
2024-09-20,2593.3701171875,748.3300170898438,91.47930145263672,5702.5498046875
2024-09-23,2602.010009765625,755.1199951171875,91.42355346679688,5718.56982421875
2024-09-24,2631.679931640625,767.3499755859375,91.52577209472656,5732.93017578125
2024-09-25,2596.320068359375,759.2999877929688,91.15396118164062,5722.259765625
2024-09-26,2671.570068359375,779.1799926757812,91.08893585205078,5745.3701171875
2024-09-27,2649.780029296875,774.489990234375,91.451416015625,5738.169921875
2024-09-30,2593.27001953125,763.8800048828125,91.200439453125,5762.47998046875
2024-10-02,2561.68994140625,762.1300048828125,91.27129364013672,5709.5400390625
2024-10-04,2569.7099609375,768.97998046875,89.92893981933594,5751.06982421875
2024-10-07,2610.3798828125,781.010009765625,89.60266876220703,5695.93994140625
2024-10-08,2594.360107421875,778.239990234375,89.67727661132812,5751.1298828125
2024-10-10,2599.159912109375,775.47998046875,89.33232116699219,5780.0498046875
2024-10-11,2596.909912109375,770.97998046875,89.36030578613281,5815.02978515625
2024-10-14,2623.2900390625,770.260009765625,89.20182800292969,5859.85009765625
2024-10-15,2633.449951171875,773.8099975585938,89.6585922241211,5815.259765625
2024-10-16,2610.360107421875,765.7899780273438,89.79843139648438,5842.47021484375
2024-10-17,2609.300048828125,765.0599975585938,89.33232116699219,5841.47021484375
2024-10-18,2593.820068359375,753.219970703125,89.43488311767578,5864.669921875
2024-10-21,2604.919921875,759.9500122070312,88.74504089355469,5853.97998046875
2024-10-22,2570.699951171875,738.3400268554688,88.66114807128906,5851.2001953125
2024-10-23,2599.6201171875,745.1900024414062,88.45606231689453,5797.419921875
2024-10-24,2581.030029296875,734.5900268554688,88.65181732177734,5809.85986328125
2024-10-25,2583.27001953125,727.4099731445312,88.45606231689453,5808.1201171875
2024-10-28,2612.429931640625,740.47998046875,88.2509994506836,5823.52001953125
2024-10-29,2617.800048828125,744.1799926757812,88.28826904296875,5832.919921875
2024-10-30,2593.7900390625,738.1900024414062,88.15776824951172,5813.669921875
2024-10-31,2556.14990234375,743.0599975585938,88.11113739013672,5705.4501953125
2024-11-01,2542.360107421875,729.0499877929688,87.58938598632812,5728.7998046875
2024-11-04,2588.969970703125,754.0800170898438,88.05693054199219,5712.68994140625
2024-11-05,2576.8798828125,751.8099975585938,88.10367584228516,5782.759765625
2024-11-06,2563.510009765625,743.3099975585938,87.19666290283203,5929.0400390625
2024-11-07,2564.6298828125,733.52001953125,87.89794921875,5973.10009765625
2024-11-08,2561.14990234375,743.3800048828125,88.0849838256836,5995.5400390625
2024-11-11,2531.659912109375,728.8400268554688,87.84185791015625,6001.35009765625
2024-11-12,2482.570068359375,710.52001953125,87.29016876220703,5983.990234375
2024-11-13,2417.080078125,689.6500244140625,87.23404693603516,5985.3798828125
2024-11-14,2418.860107421875,681.5599975585938,87.22469329833984,5949.169921875
2024-11-15,2416.860107421875,685.4199829101562,87.2621078491211,5870.6201171875
2024-11-18,2469.070068359375,689.5499877929688,87.45848846435547,5893.6201171875
2024-11-19,2471.949951171875,686.1199951171875,87.6454849243164,5916.97998046875
2024-11-20,2482.2900390625,682.9099731445312,87.51456451416016,5917.10986328125
2024-11-21,2480.6298828125,680.6699829101562,87.46783447265625,5948.7099609375
2024-11-22,2501.239990234375,677.010009765625,87.52393341064453,5969.33984375
2024-11-25,2534.340087890625,696.8300170898438,88.46833801269531,5987.3701171875
2024-11-26,2520.360107421875,693.1500244140625,88.2813491821289,6021.6298828125
2024-11-27,2503.06005859375,692.0,88.63667297363281,5998.740234375
2024-11-29,2455.909912109375,678.1900024414062,89.01070404052734,6032.3798828125
2024-12-02,2454.47998046875,675.8400268554688,89.00321197509766,6047.14990234375
2024-12-03,2500.10009765625,690.7999877929688,88.74995422363281,6049.8798828125
2024-12-04,2464.0,677.1500244140625,89.08763122558594,6086.490234375
2024-12-05,2441.85009765625,670.9400024414062,89.07825469970703,6075.10986328125
2024-12-06,2428.159912109375,661.3300170898438,89.35963439941406,6090.27001953125
2024-12-09,2360.580078125,627.010009765625,89.05010986328125,6052.85009765625
2024-12-10,2417.840087890625,661.5900268554688,88.8906478881836,6034.91015625
2024-12-11,2442.510009765625,675.9199829101562,88.6280288696289,6084.18994140625
2024-12-12,2482.1201171875,683.3499755859375,88.29035186767578,6051.25
2024-12-13,2494.4599609375,693.72998046875,87.8776626586914,6051.08984375
2024-12-16,2488.969970703125,698.530029296875,87.90577697753906,6074.080078125
2024-12-17,2456.81005859375,694.469970703125,87.90577697753906,6050.60986328125
2024-12-18,2484.429931640625,697.5700073242188,87.22635650634766,5872.16015625
2024-12-19,2435.929931640625,684.3599853515625,86.83109283447266,5867.080078125
2024-12-20,2404.14990234375,668.3099975585938,87.15106201171875,5930.85009765625
2024-12-23,2442.010009765625,679.239990234375,86.76524353027344,5974.06982421875
2024-12-24,2440.52001953125,680.1099853515625,86.81229400634766,6040.0400390625
2024-12-26,2429.669921875,675.6400146484375,86.8781509399414,6037.58984375
2024-12-27,2404.77001953125,665.969970703125,86.65229797363281,5970.83984375
2024-12-30,2399.489990234375,678.1900024414062,87.16046905517578,5906.93994140625
2025-01-02,2398.93994140625,686.6300048828125,87.04755401611328,5868.5498046875
2025-01-03,2441.919921875,705.760009765625,86.90640258789062,5942.47021484375
2025-01-06,2488.639892578125,717.9600219726562,86.82170104980469,5975.3798828125
2025-01-07,2492.10009765625,718.2899780273438,86.42644500732422,5909.02978515625
2025-01-08,2521.050048828125,719.6300048828125,86.5770263671875,5918.25
2025-01-10,2515.780029296875,717.8900146484375,85.94651794433594,5827.0400390625
2025-01-13,2489.56005859375,708.2100219726562,85.79593658447266,5836.22021484375
2025-01-14,2497.39990234375,718.0399780273438,85.82416534423828,5842.91015625
2025-01-15,2496.81005859375,711.6099853515625,86.72759246826172,5949.91015625
2025-01-16,2527.489990234375,724.239990234375,86.93462371826172,5937.33984375
2025-01-17,2523.550048828125,724.6900024414062,87.0005111694336,5996.66015625
2025-01-21,2518.030029296875,726.0700073242188,87.29222869873047,6049.240234375
2025-01-22,2547.06005859375,732.3099975585938,87.06636810302734,6086.3701171875
2025-01-23,2515.489990234375,724.010009765625,86.84050750732422,6118.7099609375
2025-01-24,2536.800048828125,728.739990234375,87.01932525634766,6101.240234375
2025-01-31,2517.3701171875,728.2899780273438,87.53690338134766,6040.52978515625
2025-02-03,2453.949951171875,703.7999877929688,87.59919738769531,5994.56982421875
2025-02-04,2481.68994140625,719.9199829101562,87.81632232666016,6037.8798828125
2025-02-05,2509.27001953125,730.97998046875,88.32611846923828,6061.47998046875
2025-02-06,2536.75,740.3200073242188,88.22227478027344,6083.56982421875
2025-02-07,2521.919921875,742.9000244140625,87.92963409423828,6025.990234375
2025-02-10,2521.27001953125,749.6699829101562,87.91075134277344,6066.43994140625
2025-02-11,2539.050048828125,749.5900268554688,87.68415832519531,6068.5
2025-02-12,2548.389892578125,745.1799926757812,87.0799789428711,6051.97021484375
2025-02-13,2583.169921875,749.280029296875,87.73137664794922,6115.06982421875
2025-02-14,2591.050048828125,756.3200073242188,88.09954833984375,6114.6298828125
2025-02-18,2626.81005859375,773.6500244140625,87.62752532958984,6129.580078125
2025-02-19,2671.52001953125,778.27001953125,87.76912689208984,6144.14990234375
2025-02-20,2654.06005859375,768.27001953125,87.94850158691406,6117.52001953125
2025-02-21,2654.580078125,774.6500244140625,88.46772766113281,6013.1298828125
2025-02-24,2645.27001953125,773.3300170898438,88.65654754638672,5983.25
2025-02-25,2630.2900390625,769.4299926757812,89.35514831542969,5955.25
2025-02-26,2641.090087890625,771.4099731445312,89.60061645507812,5956.06005859375
2025-02-27,2621.75,770.8499755859375,89.49674987792969,5861.56982421875
2025-02-28,2532.780029296875,743.9600219726562,89.98766326904297,5954.5
2025-03-04,2528.919921875,737.9000244140625,90.0302734375,5778.14990234375
2025-03-05,2558.1298828125,746.9500122070312,89.52848052978516,5842.6298828125
2025-03-06,2576.159912109375,734.9199829101562,89.48114776611328,5738.52001953125
2025-03-07,2563.47998046875,727.7000122070312,89.36753845214844,5770.2001953125
2025-03-10,2570.389892578125,725.8200073242188,89.9924087524414,5614.56005859375
2025-03-11,2537.60009765625,721.5,89.67050170898438,5572.06982421875
2025-03-12,2574.820068359375,729.489990234375,89.40540313720703,5599.2998046875
2025-03-13,2573.639892578125,722.7999877929688,89.76516723632812,5521.52001953125
2025-03-14,2566.360107421875,734.260009765625,89.4527359008789,5638.93994140625
2025-03-17,2610.68994140625,743.510009765625,89.52848052978516,5675.1201171875
2025-03-18,2612.340087890625,745.5399780273438,89.63262176513672,5614.66015625
2025-03-19,2628.6201171875,738.3499755859375,89.90719604492188,5675.2900390625
2025-03-20,2637.10009765625,725.1500244140625,90.03973388671875,5662.89013671875
2025-03-21,2643.1298828125,719.4099731445312,89.96400451660156,5667.56005859375
2025-03-24,2632.070068359375,720.219970703125,89.44327545166016,5767.56982421875
2025-03-25,2615.81005859375,711.260009765625,89.59475708007812,5776.64990234375
2025-03-26,2643.93994140625,716.47998046875,89.38648223876953,5712.2001953125
2025-03-27,2607.14990234375,707.489990234375,89.31072235107422,5693.31005859375
2025-03-28,2557.97998046875,693.760009765625,90.0302734375,5580.93994140625
2025-03-31,2481.1201171875,672.8499755859375,90.29537963867188,5611.85009765625
2025-04-01,2521.389892578125,691.4500122070312,90.61261749267578,5633.06982421875
2025-04-02,2505.860107421875,684.8499755859375,90.52714538574219,5670.97021484375
2025-04-03,2486.699951171875,683.489990234375,91.45795440673828,5396.52001953125
2025-04-04,2465.419921875,687.3900146484375,91.71441650390625,5074.080078125
2025-04-07,2328.199951171875,651.2999877929688,90.62212371826172,5062.25
2025-04-08,2334.22998046875,658.4500122070312,90.16620635986328,4982.77001953125
2025-04-09,2293.699951171875,643.3900146484375,89.88126373291016,5456.89990234375
2025-04-10,2445.06005859375,681.7899780273438,89.32087707519531,5268.0498046875
2025-04-11,2432.719970703125,695.5900268554688,88.81746673583984,5363.35986328125
2025-04-14,2455.889892578125,708.97998046875,89.52983856201172,5405.97021484375
2025-04-15,2477.409912109375,711.9199829101562,89.7957763671875,5396.6298828125
2025-04-16,2447.429931640625,699.1099853515625,90.18521881103516,5275.7001953125
2025-04-17,2470.409912109375,711.75,89.92875671386719,5282.7001953125
2025-04-21,2488.419921875,715.4500122070312,89.4443359375,5158.2001953125
2025-04-22,2486.639892578125,716.1199951171875,89.51082611083984,5287.759765625
2025-04-23,2525.56005859375,726.0800170898438,89.60580444335938,5375.85986328125
2025-04-24,2522.330078125,726.0800170898438,90.0902099609375,5484.77001953125
2025-04-25,2546.300048828125,729.6900024414062,90.4321517944336,5525.2099609375
2025-04-28,2548.860107421875,719.4099731445312,90.79308319091797,5528.75
2025-04-29,2565.419921875,726.4600219726562,91.10653686523438,5560.830078125
2025-04-30,2556.610107421875,717.239990234375,91.24900817871094,5569.06005859375
2025-05-02,2559.7900390625,721.8599853515625,90.24176788330078,5686.669921875
2025-05-07,2573.800048828125,722.8099975585938,90.54669952392578,5631.27978515625
2025-05-08,2579.47998046875,729.5900268554688,89.8415298461914,5663.93994140625
2025-05-09,2577.27001953125,722.52001953125,89.90824890136719,5659.91015625
2025-05-12,2607.330078125,725.4000244140625,89.33647918701172,5844.18994140625
2025-05-13,2608.419921875,731.8800048828125,89.26979064941406,5886.5498046875
2025-05-14,2640.570068359375,739.0499877929688,88.93626403808594,5892.580078125
2025-05-15,2621.360107421875,733.22998046875,89.51754760742188,5916.93017578125
2025-05-16,2626.8701171875,725.0700073242188,89.54613494873047,5958.3798828125
2025-05-19,2603.419921875,713.75,89.49848175048828,5963.60009765625
2025-05-20,2601.800048828125,715.5499877929688,89.38414764404297,5940.4599609375
2025-05-21,2625.580078125,723.6199951171875,88.76473999023438,5844.60986328125
2025-05-22,2593.669921875,717.6699829101562,89.09825134277344,5842.009765625
2025-05-23,2592.090087890625,715.97998046875,89.35552978515625,5802.81982421875
2025-05-27,2637.219970703125,727.1099853515625,89.72718811035156,5921.5400390625
2025-05-28,2670.14990234375,728.7899780273438,89.47942352294922,5888.5498046875
2025-05-29,2720.639892578125,736.2899780273438,89.85105895996094,5912.169921875
2025-05-30,2697.669921875,734.3499755859375,90.11788177490234,5911.68994140625
2025-06-02,2698.969970703125,740.2899780273438,89.81195068359375,5935.93994140625
2025-06-04,2770.840087890625,750.2100219726562,90.38558959960938,5970.81005859375
2025-06-05,2812.050048828125,756.22998046875,90.1178970336914,5939.2998046875
2025-06-09,2855.77001953125,764.2100219726562,89.56336975097656,6005.8798828125
2025-06-10,2871.85009765625,771.2000122070312,89.71634674072266,6038.81005859375
2025-06-11,2907.0400390625,786.2899780273438,90.08920288085938,6022.240234375
2025-06-12,2920.030029296875,789.4500122070312,90.48118591308594,6045.259765625
2025-06-13,2894.6201171875,768.8599853515625,90.14656066894531,5976.97021484375
2025-06-16,2946.659912109375,777.260009765625,89.888427734375,6033.10986328125
2025-06-17,2950.300048828125,775.6500244140625,90.32823181152344,5982.72021484375
2025-06-18,2972.18994140625,779.72998046875,90.38558959960938,5980.8701171875
2025-06-20,3021.840087890625,791.530029296875,90.44294738769531,5967.83984375
2025-06-23,3014.469970703125,784.7899780273438,90.7584457397461,6025.169921875
2025-06-24,3103.639892578125,800.9299926757812,91.07394409179688,6092.18017578125
2025-06-25,3108.25,798.2100219726562,91.11219787597656,6092.16015625
2025-06-26,3079.56005859375,787.9500122070312,91.437255859375,6141.02001953125
2025-06-27,3055.93994140625,781.5599975585938,91.19822692871094,6173.06982421875
2025-06-30,3071.699951171875,781.5,91.56153106689453,6204.9501953125
2025-07-01,3089.64990234375,783.6699829101562,91.39178466796875,6198.009765625
2025-07-02,3075.06005859375,782.1699829101562,91.19994354248047,6227.419921875
2025-07-03,3116.27001953125,793.3300170898438,90.88345336914062,6279.35009765625
2025-07-07,3059.469970703125,778.4600219726562,90.59573364257812,6229.97998046875
2025-07-08,3114.949951171875,784.239990234375,90.46145629882812,6225.52001953125
2025-07-09,3133.739990234375,790.3599853515625,90.93138885498047,6263.259765625
2025-07-10,3183.22998046875,797.7000122070312,90.88345336914062,6280.4599609375
2025-07-11,3175.77001953125,800.469970703125,90.46145629882812,6259.75
2025-07-14,3202.030029296875,799.3699951171875,90.42308044433594,6268.56005859375
2025-07-15,3215.280029296875,812.8800048828125,90.06822204589844,6243.759765625
2025-07-16,3186.3798828125,812.22998046875,90.31758117675781,6263.7001953125
2025-07-17,3192.2900390625,818.27001953125,90.28881072998047,6297.35986328125
2025-07-18,3188.070068359375,820.6699829101562,90.53819274902344,6296.7900390625
2025-07-21,3210.81005859375,821.6900024414062,90.85467529296875,6305.60009765625
2025-07-22,3169.93994140625,812.969970703125,91.11363220214844,6309.6201171875
2025-07-23,3183.77001953125,813.5599975585938,90.78753662109375,6358.91015625
2025-07-24,3190.449951171875,809.8900146484375,90.65326690673828,6363.35009765625
2025-07-25,3196.050048828125,806.9500122070312,90.86426544189453,6388.64013671875
2025-07-28,3209.52001953125,804.4000244140625,90.66285705566406,6389.77001953125
2025-07-29,3230.570068359375,804.4500122070312,91.25751495361328,6370.85986328125
2025-07-30,3254.469970703125,803.6699829101562,90.94099426269531,6362.89990234375
2025-07-31,3245.43994140625,805.239990234375,91.0177230834961,6339.39013671875
2025-08-01,3119.409912109375,772.7899780273438,92.06559753417969,6238.009765625
2025-08-04,3147.75,784.0599975585938,92.19066619873047,6329.93994140625
2025-08-05,3198.0,798.5999755859375,92.12332916259766,6299.18994140625
2025-08-06,3198.139892578125,803.489990234375,92.05597686767578,6345.06005859375
2025-08-07,3227.679931640625,805.8099975585938,91.98861694335938,6340.0
2025-08-08,3210.010009765625,809.27001953125,91.77690124511719,6389.4501953125
2025-08-11,3206.77001953125,811.8499755859375,91.80579376220703,6373.4501953125
2025-08-12,3189.909912109375,807.1900024414062,91.78653717041016,6445.759765625
2025-08-13,3224.3701171875,814.0999755859375,92.11370086669922,6466.580078125
2025-08-14,3225.659912109375,815.260009765625,91.8154067993164,6468.5400390625
2025-08-18,3177.280029296875,798.0499877929688,91.54598999023438,6449.14990234375
2025-08-19,3151.56005859375,787.9600219726562,91.77690124511719,6411.3701171875
2025-08-20,3130.090087890625,777.6099853515625,91.91162109375,6395.77978515625
2025-08-21,3141.739990234375,777.239990234375,91.6422119140625,6370.169921875
2025-08-22,3168.72998046875,782.510009765625,92.15218353271484,6466.91015625
2025-08-25,3209.860107421875,798.02001953125,91.96936798095703,6439.31982421875
2025-08-26,3179.360107421875,801.6599731445312,92.20993041992188,6465.93994140625
2025-08-27,3187.159912109375,801.719970703125,92.38312530517578,6481.39990234375
2025-08-28,3196.320068359375,798.4299926757812,92.59481811523438,6501.85986328125
2025-08-29,3186.010009765625,796.9099731445312,92.51785278320312,6460.259765625
2025-09-02,3172.35009765625,794.0,92.24173736572266,6415.5400390625
2025-09-03,3184.419921875,796.8099975585938,92.56031799316406,6448.259765625
2025-09-04,3200.830078125,805.4199829101562,92.97541809082031,6502.080078125
2025-09-05,3205.1201171875,811.4000244140625,93.42913818359375,6481.5
2025-09-08,3219.590087890625,818.5999755859375,93.71876525878906,6495.14990234375
2025-09-09,3260.050048828125,824.8200073242188,93.49671936035156,6512.60986328125
2025-09-10,3314.530029296875,833.0,93.74772644042969,6532.0400390625
2025-09-11,3344.199951171875,834.760009765625,93.89251708984375,6587.47021484375
2025-09-12,3395.5400390625,847.0800170898438,93.62222290039062,6584.2900390625
2025-09-15,3407.31005859375,852.6900024414062,93.77667999267578,6615.27978515625
2025-09-16,3449.6201171875,851.8400268554688,93.8346176147461,6606.759765625
2025-09-17,3413.39990234375,845.530029296875,93.63188171386719,6600.35009765625
2025-09-18,3461.300048828125,857.1099853515625,93.32295227050781,6631.9599609375
2025-09-19,3445.239990234375,863.1099853515625,93.28433990478516,6664.35986328125
2025-09-22,3468.64990234375,874.3599853515625,93.12989044189453,6693.75
2025-09-23,3486.18994140625,872.2100219726562,93.39051818847656,6656.919921875
2025-09-24,3472.139892578125,860.9400024414062,93.13954162597656,6637.97021484375
2025-09-25,3471.110107421875,852.47998046875,92.93679809570312,6604.72021484375
2025-09-26,3386.050048828125,835.1900024414062,92.8885269165039,6643.7001953125
2025-09-29,3431.2099609375,846.7100219726562,93.15885162353516,6661.2099609375
2025-09-30,3424.60009765625,841.989990234375,93.1202163696289,6688.4599609375
2025-10-01,3455.830078125,845.3400268554688,93.4339599609375,6711.2001953125
2025-10-02,3549.2099609375,854.25,93.53079223632812,6715.35009765625
2025-10-10,3610.60009765625,859.489990234375,93.84066772460938,6552.509765625
2025-10-13,3584.550048828125,860.489990234375,93.88909912109375,6654.72021484375
2025-10-14,3561.81005859375,847.9600219726562,94.13115692138672,6644.31005859375
2025-10-15,3657.280029296875,864.719970703125,94.0246353149414,6671.06005859375
2025-10-16,3748.3701171875,865.4099731445312,94.46039581298828,6629.06982421875
2025-10-17,3748.889892578125,859.5399780273438,94.30546569824219,6664.009765625
2025-10-20,3814.68994140625,875.77001953125,94.43134307861328,6735.1298828125
2025-10-21,3823.840087890625,872.5,94.60563659667969,6735.35009765625
2025-10-22,3883.679931640625,879.1500244140625,94.6250228881836,6699.39990234375
2025-10-23,3845.56005859375,872.030029296875,94.31514739990234,6738.43994140625
2025-10-24,3941.590087890625,883.0800170898438,94.40229797363281,6791.68994140625
2025-10-27,4042.830078125,902.7000122070312,94.40229797363281,6875.16015625
2025-10-28,4010.409912109375,903.2999877929688,94.48944091796875,6890.89013671875
2025-10-29,4081.14990234375,901.5900268554688,93.87940216064453,6890.58984375
2025-10-30,4086.889892578125,890.8599853515625,93.74382781982422,6822.33984375
2025-10-31,4107.5,900.4199829101562,93.78256225585938,6840.2001953125
2025-11-03,4221.8701171875,914.5499877929688,93.73788452148438,6851.97021484375
2025-11-04,4121.740234375,926.5700073242188,93.85444641113281,6771.5498046875
2025-11-05,4004.419921875,901.8900146484375,93.40762329101562,6796.2900390625
2025-11-06,4026.449951171875,898.1699829101562,93.88358306884766,6720.31982421875
2025-11-07,3953.760009765625,876.8099975585938,93.92243957519531,6728.7998046875
2025-11-10,4073.239990234375,888.3499755859375,93.79617309570312,6832.43017578125
2025-11-11,4106.39013671875,884.27001953125,94.08758544921875,6846.60986328125
2025-11-12,4150.39013671875,906.510009765625,94.10700988769531,6850.919921875
2025-11-13,4170.6298828125,918.3699951171875,93.83502197265625,6737.490234375
2025-11-14,4011.570068359375,897.9000244140625,93.67961883544922,6734.10986328125
2025-11-17,4089.25,902.6699829101562,93.78645324707031,6672.41015625
2025-11-18,3953.6201171875,878.7000122070312,93.9418716430664,6617.31982421875
2025-11-19,3929.510009765625,871.3200073242188,93.87387084960938,6642.16015625
2025-11-20,4004.85009765625,891.9400024414062,94.09729766845703,6538.759765625
2025-11-21,3853.260009765625,863.9500122070312,94.40812683105469,6602.990234375
2025-11-24,3846.06005859375,856.4400024414062,94.55384063720703,6705.1201171875
2025-11-25,3857.780029296875,856.030029296875,94.79668426513672,6765.8798828125
2025-11-26,3960.8701171875,877.3200073242188,94.87439727783203,6812.60986328125
2025-11-28,3926.590087890625,912.6699829101562,94.7092514038086,6849.08984375
2025-12-01,3920.3701171875,922.3800048828125,94.20069122314453,6812.6298828125
2025-12-02,3994.929931640625,928.4199829101562,94.27863311767578,6829.3701171875
2025-12-03,4036.300048828125,932.010009765625,94.47347259521484,6849.72021484375
2025-12-04,4028.510009765625,929.8300170898438,94.18121337890625,6857.1201171875
2025-12-05,4100.0498046875,924.739990234375,93.98637390136719,6870.39990234375
2025-12-08,4154.85009765625,927.7899780273438,93.79151153564453,6846.509765625
2025-12-09,4143.5498046875,931.3499755859375,93.65509796142578,6840.509765625
2025-12-10,4135.0,935.0,93.9571533203125,6886.68017578125
2025-12-11,4110.6201171875,934.6400146484375,93.96685028076172,6901.0
2025-12-12,4167.16015625,937.3400268554688,93.71357727050781,6827.41015625
2025-12-15,4090.590087890625,938.8300170898438,93.79151153564453,6816.509765625
2025-12-16,3999.1298828125,916.1099853515625,94.0545654296875,6800.259765625
2025-12-17,4056.409912109375,911.0700073242188,94.03507232666016,6721.43017578125
2025-12-18,3994.510009765625,901.3300170898438,94.27863311767578,6774.759765625
2025-12-19,4020.550048828125,915.27001953125,94.0665283203125,6834.5
2025-12-22,4105.93017578125,929.1400146484375,93.96880340576172,6878.490234375
2025-12-23,4117.31982421875,919.5599975585938,93.92969512939453,6909.7900390625
2025-12-24,4108.6201171875,915.2000122070312,94.1740493774414,6932.0498046875
2025-12-26,4129.68017578125,919.6699829101562,94.26202392578125,6929.93994140625
2025-12-29,4220.56005859375,932.5900268554688,94.39884948730469,6905.740234375
2025-12-30,4214.169921875,925.469970703125,94.3011245727539,6896.240234375
